3.67217753895316,1,1,0,1,0.0285000228600812,-17.499,20.9333333333333,20.9333333333333,20.9333333333333
3.65910404712777,0.999984349977295,0.994682614063095,0.00750403712222087,0.998066601111492,0.0284709442188616,-17.496,20.9666666666667,21.1045500485089,20.9435027686311
3.64629246856575,0.999937739949128,0.989420775318087,0.0146237007505336,0.996133533681733,0.0284419398758629,-17.501,20.9666666666667,21.2738237093301,20.9718156264417
3.63414123992265,0.999860667971814,0.984211161344827,0.0213820440679887,0.994199913820725,0.0284129964161359,-17.499,20.9666666666667,21.4415417890313,21.0153772446645
3.62232160715425,0.999753623204758,0.979055047113874,0.0277945109750738,0.992266514932217,0.0283841252699278,-17.501,20.9666666666667,21.6077604891337,21.0717477258489
3.61103747003345,0.999617089558867,0.973950356949946,0.033880474041857,0.990332895071208,0.0283553196738554,-17.499,21,21.7727226130422,21.1388669397939
3.60010227739808,0.999451543151501,0.968897472498787,0.0396548862404187,0.9883994961827,0.0283265860482256,-17.499,21,21.9364879245778,21.2149977382079
3.58946803134639,0.99925745418227,0.963894953171762,0.0451345101415743,0.986466097294192,0.0282979209341979,-17.502,21,22.0992129719578,21.2986734957383
3.57936976562129,0.999035280797241,0.958941074203348,0.0503356814003026,0.984532366946934,0.0282693192724179,-17.499,21,22.2610552136607,21.3886634318376
3.56951245769246,0.998785476443097,0.954036868135322,0.0552700422838802,0.982598968058425,0.028240790705811,-17.5,21,22.4219800091289,21.4839262416382
3.55996227084287,0.998508489005113,0.949180322861866,0.0599529289789126,0.980665458683667,0.0282123285396641,-17.502,21,22.5821368752616,21.583582137186
3.55092903411623,0.998204754684975,0.944370363231895,0.0643976082677052,0.978731728336409,0.028183931003602,-17.497,21,22.741604776762,21.68689500483
3.54192435822657,0.997874708012618,0.939608360613063,0.0686132390398574,0.976798550420401,0.0281556092769005,-17.502,21.0333333333333,22.900296746353,21.7932372662725
3.53343435213883,0.997518773785458,0.934890510962892,0.0726158026690662,0.974864820073142,0.0281273470123064,-17.499,21.0666666666667,23.0584523122887,21.9020838563418
3.52514223663086,0.997137368202132,0.930218523441854,0.0764127457880343,0.972931421184634,0.0280991569796134,-17.499,21.1,23.2159499267103,22.0129938635842
3.51708980664145,0.99673090517459,0.925590751338281,0.080015851965873,0.970998022296126,0.0280710341688504,-17.5,21.1333333333333,23.3728796712595,22.1255903644622
3.5093488075281,0.996299788369202,0.921006176911672,0.0834354455579451,0.969064512921367,0.0280429768192782,-17.499,21.2,23.529287107064,22.2395601449489
3.50182530911466,0.995844415834188,0.916464708673416,0.0866800373732515,0.967131114032859,0.0280149879784725,-17.499,21.2666666666667,23.6851549602745,22.3546380149852
3.49448000778707,0.99536518007581,0.911965348575719,0.0897589902171573,0.965197715144351,0.0279870658826745,-17.501,21.3,23.8405218233921,22.47059947491
3.48749720906037,0.994862464585009,0.907506809032776,0.0926816177430546,0.963264095283342,0.0279592071938524,-17.498,21.3333333333333,23.9954428318371,22.5872587897335
3.48056321868578,0.994336649353833,0.903089946755524,0.0954537563486038,0.961330806881084,0.0279314197077109,-17.501,21.4,24.1498333577173,22.7044558608414
3.47397190466066,0.993788107320696,0.898712270994332,0.0980856615716434,0.959397187020076,0.0279036937386357,-17.499,21.5,24.3038231882884,22.8220573199414
3.46755047296954,0.993217204537498,0.894374663058393,0.100582348303834,0.957463788131567,0.027876037056596,-17.498,21.5666666666667,24.4573237999091,22.939951615304
3.46126203239434,0.992624304699267,0.89007617573913,0.102951148382414,0.955530499729309,0.0278484479075784,-17.499,21.6333333333333,24.6103638424897,23.0580404934169
3.45512516227235,0.992009762950877,0.88581557146913,0.105199448175176,0.9535971008408,0.027820922982038,-17.501,21.7,24.7629900683277,23.176244669264
3.44918726859777,0.991373926029936,0.881591932962234,0.107333828143383,0.951663480979792,0.0277934605681806,-17.502,21.8,24.915228208573,23.2945007768432
3.44352509963243,0.9907171350807,0.877404963694309,0.109359675157308,0.949729750632534,0.0277660620966763,-17.499,21.8666666666667,25.0670638267088,23.4127554417555
3.43788462860215,0.990039730206386,0.873255285316505,0.111280814603373,0.947796351744025,0.0277387336631225,-17.501,21.9333333333333,25.2184233277785,23.5309580323203
3.43250549211599,0.989342045105442,0.869140781766658,0.113104736018635,0.945862731883017,0.0277114672987718,-17.499,22.0333333333333,25.3694095296622,23.6490674138547
3.42721785609472,0.988624407218497,0.865062097039843,0.114834687153746,0.943929332994509,0.0276842690814331,-17.499,22.1666666666667,25.5199474460687,23.7670498685051
3.42201444846659,0.987887140468867,0.861018048661033,0.11647632291888,0.941995934106001,0.0276571357376771,-17.501,22.2666666666667,25.6700799993001,23.8848750291044
3.41705411610142,0.987130559982342,0.857007469678979,0.118035009536587,0.940062314244992,0.0276300640241365,-17.499,22.3333333333333,25.8198492615049,24.0025219416514
3.41216832920449,0.986354977595259,0.853031031623504,0.119513266319766,0.938128915356484,0.0276030599753399,-17.499,22.4,25.9691791534777,24.1199706026813
3.40740576441253,0.985560701878571,0.849087579109775,0.120916056928163,0.936195516467976,0.0275761203413377,-17.499,22.5,26.1181116747718,24.2372022074784
3.40270637627727,0.984748034642257,0.845176579575332,0.122247233969525,0.934262117579467,0.0275492449700126,-17.501,22.6,26.2666489785453,24.3542032253584
3.39825687374423,0.983917271034795,0.841296901320134,0.123511311026188,0.932328497718459,0.0275224306489897,-17.498,22.6666666666667,26.4148321772297,24.4709646968156
3.39375341895152,0.983068704132088,0.837449554424059,0.124709569472168,0.930395209316201,0.0274956848822612,-17.501,22.7333333333333,26.5625648125895,24.5874755681153
3.38946264369885,0.982202621359696,0.83363219903022,0.125847942359211,0.928461589455192,0.0274689983478652,-17.5,22.8333333333333,26.709966690308,24.7037281344962
3.38530064412552,0.981319303742958,0.829845561036357,0.126927771585832,0.926528080080434,0.0274423770056424,-17.498,23,26.856960433302,24.8197179558553
3.38112700054506,0.980419032222302,0.826089450151734,0.127951617025449,0.924594791678176,0.0274158222103464,-17.5,23.1333333333333,27.003528229122,24.9354358552028
3.37715459038736,0.979502080514423,0.822362161601813,0.128924052001048,0.922661282303417,0.0273893277419114,-17.498,23.2666666666667,27.1497502102151,25.0508777786905
3.37321815062317,0.978568717936129,0.81866444194477,0.129845985750866,0.920727993901159,0.0273628995069393,-17.498,23.3666666666667,27.2955489760302,25.166040169546
3.3693129937491,0.977619211225337,0.814995209612763,0.130720854055565,0.918794705498901,0.0273365343250161,-17.5,23.5333333333333,27.4409654022575,25.2809180874553
3.3654619541832,0.97665381924572,0.811353396932549,0.131551917296492,0.916861196124142,0.0273102290449626,-17.503,23.6333333333333,27.5860398301635,25.3955120131884
3.36182506735021,0.975672794008175,0.807738253769136,0.132341840583332,0.914927355290634,0.0272839820424496,-17.501,23.7333333333333,27.7307925746954,25.5098258244291
3.35823891184077,0.974676387036989,0.804150863522805,0.13309058001006,0.912993735429625,0.0272578006729914,-17.5,23.8,27.8751263219353,25.6238581821889
3.3547544369486,0.973664849348668,0.800590477813233,0.133800666871847,0.911060226054867,0.0272316832771955,-17.498,23.9333333333333,28.0190623125214,25.7376037520745
3.35128787479769,0.972638427911808,0.797056966295087,0.134473645585995,0.909126937652609,0.0272056311845755,-17.498,24.0666666666667,28.1625823367858,25.851058100827
3.34788971746473,0.97159736480844,0.793549290907371,0.135112268205962,0.907193649250351,0.027179641260307,-17.498,24.2,28.3057270515558,25.9642188472087
3.34455747392185,0.970541896433103,0.790067034517231,0.135718288637455,0.905260360848092,0.0271537133583872,-17.498,24.3,28.4484974736758,26.0770863032306
3.34128876098318,0.969472255363668,0.786609786726561,0.136293371247911,0.903327072445834,0.0271278473332235,-17.498,24.4666666666667,28.5908946116869,26.1896608514968
3.33799999205386,0.96838867042296,0.783177143763266,0.136839095437496,0.901393784043575,0.0271020430396347,-17.501,24.6333333333333,28.7329194667342,26.3019429338206
3.3348496420193,0.967291364056369,0.779767796770321,0.137358246456631,0.899460164182567,0.0270762959245839,-17.501,24.8,28.8746317412381,26.4139365285892
3.33183750088391,0.966180555132348,0.77638227587905,0.137850894406749,0.897526544321559,0.0270506102730281,-17.498,24.9,29.0159730697048,26.5256449041148
3.32869311090056,0.965056464337159,0.773021108013143,0.138317105810551,0.8955932559193,0.0270249903281962,-17.502,25.0333333333333,29.1568858062844,26.6370641474814
3.32573427772785,0.96391930520214,0.769681778260556,0.13876123206096,0.893659525572042,0.026999425702599,-17.501,25.1666666666667,29.2975086292016,26.7481959316106
3.32280041819318,0.962769286056294,0.766365446242336,0.139182256489348,0.891725905711034,0.0269739235721268,-17.501,25.3,29.437743776772,26.8590436493106
3.31999693945055,0.96160661541824,0.76307143856832,0.139581787288575,0.889792285850025,0.0269484823315972,-17.498,25.4,29.577612091341,26.9696059468053
3.31713548068047,0.96043150023351,0.759800306408568,0.139959635245489,0.887858997447767,0.0269231061841572,-17.499,25.5,29.7170558766821,27.0798794129041
3.31437334690791,0.959244143197576,0.756550470309905,0.140318622592793,0.885925598559259,0.0268977891765907,-17.498,25.6333333333333,29.8561550557293,27.1898626551737
3.31162958992112,0.958044741964007,0.753322192392538,0.140658854526234,0.883992310157,0.0268725340609941,-17.498,25.7666666666667,29.9948711888957,27.2995566855221
3.30887525544924,0.956833491879847,0.75011482250836,0.140981717351109,0.882059021754742,0.0268473392478564,-17.5,25.9333333333333,30.1332250020138,27.4089614415968
3.30618819796592,0.955610582460025,0.746927415354297,0.141288955427361,0.880125512379984,0.0268222017271628,-17.501,26.0666666666667,30.2712565472733,27.5180804111689
3.30367488666643,0.954376199275027,0.743759948925796,0.141580937584108,0.878191892518975,0.0267971228105957,-17.497,26.2333333333333,30.4089467442379,27.6269176764438
3.30106927931316,0.953130530260434,0.740613618829368,0.141856298514943,0.876258714602967,0.0267721095079668,-17.498,26.4,30.5461985039934,27.7354698773133
3.29844728626987,0.951873760293346,0.737486571607358,0.142118030879689,0.874325426200709,0.0267471545166831,-17.501,26.5333333333333,30.6831115211994,27.8437346306931
3.2959401540991,0.950606065029794,0.73437788641158,0.142367688080646,0.8723918063397,0.0267222548659878,-17.501,26.6333333333333,30.8197255968079,27.9517178604779
3.29349518185916,0.949327618193798,0.731288173033513,0.142604600084573,0.870458186478692,0.0266974147009701,-17.5,26.7333333333333,30.9559822858442,28.0594233712157
3.29111184248209,0.948038594267383,0.728217429034888,0.142828988717205,0.868524677103934,0.0266726352978208,-17.498,26.9,31.091863007546,28.1668500224427
3.28870968216102,0.94673916669934,0.725165653800638,0.143041064479899,0.866591388701675,0.0266479179196508,-17.498,27.0666666666667,31.2273493885764,28.2739947100037
3.28628643616993,0.945429505238894,0.722131936905495,0.143242313607629,0.864658100299417,0.0266232595940031,-17.5,27.1666666666667,31.3624819392599,28.3808561665862
3.28397292869231,0.944109773326941,0.719115379055638,0.143434146461901,0.862724590924659,0.0265986573758602,-17.499,27.2666666666667,31.4973006819199,28.4874379612887
3.28169030670214,0.942780132669585,0.716116611248908,0.143615757271025,0.86079119203615,0.0265741153515137,-17.498,27.3666666666667,31.6317473678142,28.5937419174915
3.27941107677922,0.941440745030628,0.713135348043023,0.143787667878469,0.858857903633892,0.0265496333750635,-17.498,27.5666666666667,31.7658231578032,28.6997663912181
3.27713374242337,0.940091768667805,0.710171004736273,0.143950802313806,0.856924615231633,0.0265252099069862,-17.499,27.7333333333333,31.8995487473784,28.8055112768281
3.27490986961844,0.938733357499888,0.707223004283312,0.144106037434169,0.854991216343125,0.0265008434215832,-17.499,27.9,32.0329445889445,28.9109788593987
3.27271277983863,0.937365662965423,0.704291384907524,0.144253347679193,0.853057817454617,0.0264765351818262,-17.499,28.0333333333333,32.1659917857295,29.0161711090527
3.27056813842989,0.935988834947426,0.701375882131009,0.144393137620015,0.851124418566108,0.0264522850536852,-17.498,28.2,32.2986912526079,29.1210886983738
3.2684229182804,0.934603021803342,0.698476539613941,0.144525362347471,0.84919113016385,0.0264280942844209,-17.498,28.3666666666667,32.4310243332967,29.2257311433016
3.26627577625462,0.933208369490497,0.695592794359446,0.144650836898295,0.847257841761592,0.026403961353484,-17.499,28.4666666666667,32.5630117203669,29.3300982147335
3.26417818287552,0.931805019825849,0.692724090676582,0.144770334700956,0.845324442873083,0.0263798847540104,-17.499,28.5666666666667,32.6946738619194,29.4341920921921
3.26210371658173,0.930393112341516,0.689870487798361,0.144883732046534,0.843391043984575,0.0263558657346516,-17.499,28.7,32.8259918557181,29.5380146553497
3.25999905882084,0.928972785206321,0.687031741917308,0.144991340368176,0.841457645096067,0.0263319041636948,-17.501,28.8666666666667,32.9569666101986,29.6415664990772
3.25802025511539,0.927544172569631,0.684207005426321,0.145094312853372,0.839524025235058,0.0263079971811004,-17.499,29,33.0876381697285,29.7448505593087
3.25595881468366,0.926107408213281,0.681397264043456,0.145191170858727,0.83759062634655,0.0262841501202339,-17.501,29.1666666666667,33.2179287251923,29.8478669596963
3.25396931826531,0.924662623739796,0.678601063763459,0.14528394183976,0.835657006485542,0.0262603573997117,-17.501,29.3666666666667,33.347917937161,29.95061617473
3.25207865488487,0.923209946857618,0.67581879012906,0.145371976789037,0.833723386624533,0.0262366216184901,-17.498,29.5666666666667,33.4775671214672,30.0531007768667
3.25010453553712,0.921749507675305,0.673051129893934,0.145454231004838,0.831790098222275,0.0262129467013727,-17.499,29.6666666666667,33.6068185073965,30.155317356621
3.24817496188621,0.920281433291913,0.670296636999483,0.145532714904668,0.829856699333767,0.0261893270977752,-17.499,29.7666666666667,33.7357519442845,30.2572645144637
3.24626386658692,0.918805846090786,0.667555400938795,0.145607192139506,0.827923300445259,0.026165764034002,-17.499,29.9,33.8643484879088,30.358944410064
3.24437075454644,0.917322867368844,0.664827207675915,0.14567786725276,0.82598990155675,0.0261422573822287,-17.499,30.0666666666667,33.9926090084228,30.4603578720973
3.24241679055322,0.915832616464632,0.662111846630566,0.145744934345737,0.824056502668242,0.0261188070151354,-17.502,30.2,34.1205343753205,30.5615057066528
3.24058243073112,0.914335208106919,0.659408199018393,0.145809864090593,0.822122772320984,0.0260954088000532,-17.501,30.3,34.2481841684453,30.662392187656
3.23879141763775,0.912830756080996,0.656717285842597,0.145871050294135,0.820189152459975,0.0260720679678208,-17.499,30.4,34.3754803263026,30.7630196583683
3.23696572439351,0.911319376787386,0.654039207153323,0.145928255240473,0.818255753571467,0.0260487857119152,-17.499,30.5333333333333,34.5024044412343,30.8633846444723
3.23507768793731,0.909801183848109,0.651373151565248,0.145982539829178,0.816322354682959,0.0260255592365098,-17.502,30.7,34.6289969887509,30.9634855594508
3.23328117021896,0.908276284588711,0.648718013357465,0.14603533962669,0.8143886243357,0.0260023844492746,-17.502,30.8666666666667,34.7553175246445,31.0633268588234
3.23155161929678,0.906744784616447,0.646074522517724,0.146085443952891,0.812454893988442,0.0259792652126402,-17.5,31.0333333333333,34.8813075372724,31.1629122003052
3.2297859879208,0.905206792290681,0.643443098731399,0.146132132760469,0.810521384613684,0.0259562040352905,-17.5,31.2,35.0069288101149,31.2622391483909
3.22803455561348,0.903662414211601,0.640822943003626,0.146176438067592,0.808587875238925,0.0259331981490283,-17.5,31.3666666666667,35.1322218292672,31.3613058912407
3.22637469323398,0.902111753479303,0.63821387340788,0.146218481553841,0.806654365864167,0.0259102474312754,-17.497,31.5,35.2571874448986,31.4601132062663
3.22457480820786,0.90055491421231,0.635616622558868,0.146257092207077,0.804721187948159,0.0258873556802728,-17.5,31.6,35.3817678016133,31.5586583668114
3.22288964672675,0.898991996150587,0.633029181782598,0.146295018235887,0.8027876785734,0.0258645149246344,-17.499,31.7,35.5060818025499,31.6569428696694
3.22119207278105,0.897423095664123,0.630452602812654,0.146330579284386,0.800854279684892,0.0258417302736519,-17.499,31.8333333333333,35.6300512954125,31.7549700137065
3.21945534226371,0.89584831023064,0.627886408197435,0.14636432491331,0.798920880796384,0.0258190003002814,-17.501,32,35.7536969223091,31.8527394526286
3.2177811709002,0.894267733075873,0.625329822542127,0.146397205454511,0.796987260935375,0.0257963222963063,-17.501,32.1333333333333,35.8770586505432,31.9502544226795
3.21611892133362,0.892681455930076,0.622783294875206,0.146428407418149,0.795053641074367,0.025773698743553,-17.501,32.2333333333333,36.0000977380044,32.0475176193098
3.21451980144646,0.891089570821487,0.620246662807129,0.146458016496932,0.793120021213359,0.0257511295234636,-17.499,32.4,36.1228150660296,32.1445292181662
3.21283031286865,0.889492170081191,0.617720374306163,0.146485256355637,0.79118662232485,0.0257286170879901,-17.501,32.6,36.2451723679486,32.241287145379
3.21117633942375,0.887889342751205,0.615203050467722,0.14651196325132,0.789253002463842,0.0257061561738123,-17.502,32.7666666666667,36.3672492196918,32.3377922159938
3.20966097741006,0.886281173772275,0.612694846854685,0.146537735565539,0.787319272116584,0.0256837479615238,-17.498,32.8333333333333,36.4890264288868,32.4340484454406
3.20803027113611,0.88466775207494,0.61019713377411,0.146560476876286,0.785385983714325,0.0256613987228055,-17.499,32.9333333333333,36.6104067907522,32.530052403591
3.2063835229553,0.88304916512973,0.60770822964829,0.146582486051808,0.783452584825817,0.0256391019421738,-17.501,33.1,36.7314898958137,32.6258016350537
3.2047711663263,0.881425493653102,0.605227686601918,0.14660422929481,0.781518964964809,0.0256168562444921,-17.502,33.2666666666667,36.8522958663834,32.7213008274971
3.20314239989035,0.879796817063157,0.602755669942921,0.146625291354733,0.77958523461755,0.0255946628005122,-17.504,33.3666666666667,36.9728055036735,32.816553960534
3.20164986759914,0.878163213490928,0.600291736358135,0.146646135833134,0.777651283297792,0.0255725202424285,-17.501,33.4666666666667,37.0930390220269,32.9115645472975
3.20009187743535,0.876524763388186,0.597837271115928,0.146664629704595,0.775717663436784,0.025550434777846,-17.501,33.5666666666667,37.2128990005584,33.0063309263706
3.19859403157186,0.874881547672264,0.595391215094328,0.14668217944933,0.773784043575776,0.0255284024950785,-17.499,33.7333333333333,37.3324457202755,33.1008498016058
3.19708074837911,0.873233645074234,0.592954040259671,0.146697975612503,0.771850644687267,0.0255064257914491,-17.498,33.8666666666667,37.4516408621428,33.1951194697613
3.19547473177783,0.871581133938692,0.590525302921947,0.14671253654246,0.769917356285009,0.0254845032867671,-17.501,34.0333333333333,37.5705052466846,33.2891375687731
3.19402806259827,0.869924086878482,0.588103653166864,0.146727640605335,0.767983736424001,0.025462629868709,-17.498,34.2,37.6891181285321,33.3829079618276
3.19254055868624,0.868262577142122,0.585690794419483,0.14674068711401,0.766050448021742,0.0254408129270847,-17.497,34.4,37.8073621884782,33.4764314137418
3.19101078929817,0.866596680343827,0.583285982361617,0.1467526387615,0.764117270105734,0.0254190498417076,-17.498,34.5666666666667,37.9252780438904,33.5697044109407
3.18946277899507,0.864926467309321,0.580888481124665,0.146764409094585,0.762183981703476,0.025397338017237,-17.5,34.6666666666667,38.042905790396,33.662728620066
3.18802266682104,0.863252005047486,0.578497867021186,0.146776436196133,0.760250472328717,0.0253756761193943,-17.498,34.7333333333333,38.1602655104285,33.7555089010528
3.18651515361045,0.861573362173179,0.576115240760417,0.146786991651409,0.758317183926459,0.0253540689932942,-17.499,34.8333333333333,38.2772792620956,33.8480458889197
3.18506493662968,0.859890607068429,0.573739565339709,0.146797437068993,0.756383785037951,0.0253325128245624,-17.498,35,38.3940070023639,33.9403393158706
3.18352115577887,0.858203806131391,0.571371334487595,0.146806920413145,0.754450496635692,0.0253110099723273,-17.501,35.1666666666667,38.5104101423545,34.032390023272
3.18208361800429,0.85651302288985,0.569009214320939,0.146817206104974,0.752516876774684,0.0252895554262353,-17.5,35.2666666666667,38.6265679663013,34.124201273259
3.1806282011934,0.854818319865266,0.566654316301153,0.146826537877497,0.750583367399925,0.0252681539958622,-17.5,35.3333333333333,38.7424023148415,34.2157756463838
3.1791793817323,0.85311976123333,0.564306221740138,0.146835393255672,0.748649858025167,0.0252468043517166,-17.5,35.5,38.8579338204463,34.3071121837014
3.17771177110062,0.851417409244096,0.561964820793807,0.146843796559807,0.746716348650409,0.0252255063925598,-17.501,35.7,38.9731632930233,34.3982112734527
3.17630024438214,0.84971132424823,0.559629701523553,0.146852199695262,0.744782728789401,0.0252042588054263,-17.5,35.8666666666667,39.0881111078907,34.4890745018462
3.17487027656144,0.848001566521197,0.557301368461783,0.146859745017399,0.742849219414642,0.0251830639190057,-17.5,35.9333333333333,39.2027387091772,34.5797020719051
3.1734462724139,0.846288196249952,0.554979409958768,0.14686690514489,0.740915710039884,0.025161920419197,-17.5,36.0333333333333,39.3170667052164,34.67009321897
3.17207836329443,0.844571271760214,0.552663723095154,0.146873699742224,0.738982200665126,0.0251408282083808,-17.498,36.2,39.4310958842903,34.7602484940887
3.17066707872864,0.842850852224691,0.55035481434923,0.146879289816754,0.737048912262867,0.0251197895916524,-17.498,36.3666666666667,39.5447878943065,34.8501661327754
3.16916087128157,0.841126995851047,0.548051970117744,0.146884594513569,0.735115623860609,0.0250988020598725,-17.502,36.4666666666667,39.6581830861263,34.9398448789659
3.16778298980067,0.839399754550817,0.545753877015154,0.146891343707931,0.73318189351335,0.0250778607381335,-17.501,36.5333333333333,39.7713604665619,35.0292906178853
3.16643605785853,0.837669180311099,0.543461970537512,0.146897319523971,0.731248273652342,0.0250569715283711,-17.499,36.6333333333333,39.8842220561628,35.1185069710173
3.16507041745366,0.835935329621479,0.541176456451541,0.146902132616638,0.729314874763834,0.025036135518406,-17.498,36.8,39.9967493449554,35.2074904297709
3.16361025973188,0.834198258054655,0.538896931249653,0.146906271170502,0.727381586361575,0.0250153514128511,-17.501,36.9666666666667,40.1089631387539,35.2962382044231
3.16222807865664,0.832458015819239,0.53662208455122,0.146911484927804,0.725447966500567,0.0249946143786276,-17.501,37.1,40.2209426727432,35.3847537920065
3.16090058089017,0.830714651438225,0.534352747072713,0.146916432518683,0.723514346639559,0.0249739278939714,-17.499,37.2,40.3326293122008,35.4730411300199
3.15947907434734,0.828968217108361,0.532089437601937,0.146920269877894,0.72158094775105,0.0249532942258758,-17.501,37.3333333333333,40.4439847210581,35.5610980072075
3.15816053141204,0.827218762385305,0.529830846910436,0.146924768990141,0.719647327890042,0.0249327085705515,-17.499,37.4666666666667,40.5550884050812,35.6489251135652
3.15679771928996,0.825466336043981,0.527578110716242,0.146928180765909,0.717713929001534,0.0249121755469406,-17.499,37.6,40.6658623898579,35.7365228627377
3.15538930929129,0.823710987841145,0.525330530328259,0.146931418367832,0.715780530113025,0.0248916927147636,-17.501,37.6666666666667,40.7763470362006,35.8238896326781
3.15408325312419,0.821952763162539,0.523087414768317,0.146935348340875,0.713846910252017,0.0248712576578952,-17.499,37.7666666666667,40.8865822145969,35.9110286730095
3.15273269225625,0.820191708459493,0.520849903854575,0.146938220032443,0.711913511363509,0.0248508749644803,-17.499,37.9,40.9964899476839,35.9979403547656
3.15131147246363,0.818427871202682,0.518617302929866,0.146940945121891,0.709980112475001,0.0248305422151652,-17.502,38.0666666666667,41.1061105928682,36.0846230192466
3.14999141547214,0.816661293634342,0.516388621116829,0.14694481757325,0.708046382127743,0.0248102558570535,-17.501,38.2,41.2155035883899,36.1710810469013
3.14870042825208,0.814892018223549,0.514165005260558,0.146948063506288,0.706112762266734,0.0247900204564327,-17.499,38.2666666666667,41.3245907340281,36.2573168555227
3.14736464239507,0.813120091206034,0.511946679221335,0.146950286078632,0.704179363378226,0.0247698370794892,-17.499,38.4,41.4333534858752,36.3433270183908
3.14605698912092,0.81134555717186,0.509732953425012,0.146952395186905,0.702245964489717,0.0247497033350295,-17.498,38.5666666666667,41.5418321853311,36.4291099739164
3.14467902220569,0.809568459106512,0.507524057467139,0.146953967796911,0.700312676087459,0.0247296202949142,-17.5,38.7333333333333,41.6500079764859,36.5146655340562
3.14332771159277,0.80778883750794,0.50531900354825,0.146956317777187,0.698379166712701,0.0247095844471669,-17.501,38.8333333333333,41.7579404954998,36.5999960236482
3.14207765072724,0.806006730446086,0.503118029937673,0.146958976615743,0.696445546851692,0.0246895968778536,-17.498,38.9,41.8656104354927,36.6851056190959
3.14073372100362,0.80422217984309,0.5009222844456,0.146960213238616,0.694512258449434,0.0246696620767846,-17.499,39.0333333333333,41.9729400518999,36.7699921767699
3.13936737540536,0.80243522692489,0.49873047254189,0.146961815557541,0.692578859560926,0.0246497754099507,-17.501,39.1666666666667,42.0800090385951,36.8546542460465
3.13805184823315,0.800645907799482,0.496542225065633,0.146964193730073,0.690645239699917,0.0246299356866372,-17.501,39.2666666666667,42.1868374368468,36.9390962499166
3.13678824832631,0.798854258891065,0.494358088636275,0.146966450495021,0.688711619838909,0.0246101451172132,-17.499,39.3333333333333,42.2933863931943,37.023320770671
3.13543009293851,0.797060319603431,0.492178604615584,0.146967734397088,0.686778220950401,0.0245904058912301,-17.501,39.4,42.3996175379047,37.1073255500306
3.13417147770914,0.795264126905829,0.490002485984607,0.146969810408192,0.684844601089392,0.0245707134346169,-17.499,39.5333333333333,42.5056103429335,37.191111234053
3.13286737058222,0.793465717189987,0.487830890312296,0.146970922784041,0.682911202200884,0.0245510721879984,-17.499,39.6666666666667,42.611286799949,37.2746781950565
3.13156552684663,0.791665128029393,0.485663140405686,0.146971978372225,0.680977803312376,0.0245314798396632,-17.499,39.8,42.7166872357659,37.3580247718821
3.13021682807774,0.789862394611903,0.483499174173622,0.1469729800718,0.679044404423867,0.0245119363329512,-17.501,39.9333333333333,42.8218123471009,37.4411518522103
3.12896697270885,0.788057549768574,0.48133832279145,0.146974788287072,0.677110784562859,0.024492439387751,-17.499,40.1,42.9267019724374,37.5240625972197
3.12767140353775,0.786250627598753,0.479181747873174,0.146975646538278,0.675177385674351,0.0244729934073477,-17.499,40.2666666666667,43.031278101767,37.6067572988954
3.12637772205824,0.78444166342056,0.477028776205566,0.146976460975082,0.673243986785842,0.0244535961099092,-17.499,40.3666666666667,43.1355810593255,37.6892342274232
3.12508583692921,0.782630690202894,0.474879349612958,0.146977233834246,0.671310587897334,0.0244342474464817,-17.499,40.4333333333333,43.2396115384927,37.7714942116774
3.1237956574843,0.78081774038236,0.472733410858941,0.146977967238339,0.669377189008826,0.024414947370158,-17.499,40.5,43.3433702340573,37.8535380376288
3.12250709369609,0.779002845871864,0.470590903631211,0.146978663201575,0.667443790120318,0.0243956958361272,-17.499,40.6333333333333,43.4468578417079,37.9353664548459
3.12122005614079,0.777186038069068,0.468451772526643,0.146979323635339,0.665510391231809,0.0243764928017275,-17.499,40.7666666666667,43.5500750576047,38.0169801819779
3.11991009862515,0.775367347864707,0.466315963036615,0.146979950353438,0.663576992343301,0.0243573382264992,-17.5,40.8666666666667,43.6530225780193,38.0983799113767
3.1186252262931,0.773546804756437,0.464183117664574,0.146980973903709,0.661643482968543,0.0243382309817807,-17.5,40.9333333333333,43.7557206683333,38.1795674753169
3.11736595837649,0.771724437770505,0.462053490638008,0.146981945200932,0.659709973593784,0.0243191721276722,-17.499,41.0666666666667,43.8581502395048,38.2605444364311
3.11613278985079,0.769900277248356,0.459927333863657,0.14698243808604,0.657776574705276,0.0243001627155866,-17.497,41.2333333333333,43.9602924435249,38.3413099357053
3.11478050546894,0.7680743548254,0.457804896964979,0.146982048155723,0.655843396789268,0.0242812037883283,-17.5,41.3666666666667,44.0621286461635,38.4218610781749
3.11350014946816,0.76624669804409,0.455684604111083,0.146982964611533,0.653909887414509,0.0242622899036868,-17.5,41.4333333333333,44.1637578034977,38.5022002314299
3.11222073199053,0.764417332237717,0.453567326938114,0.146983834281551,0.651976378039751,0.0242434242904294,-17.5,41.5333333333333,44.2651211978949,38.5823314718868
3.11101483985223,0.762586284999056,0.451453016756907,0.146984659554229,0.650042868664993,0.0242246069251475,-17.497,41.6666666666667,44.3662195493077,38.6622550216744
3.10966628851435,0.760753586158399,0.449342537268369,0.146984156216209,0.648109690748985,0.024205841000559,-17.5,41.8,44.4669948672723,38.7419676659604
3.10841328076752,0.758919262366889,0.447234008768278,0.146984965053868,0.646176181374226,0.0241871200635766,-17.499,41.8666666666667,44.5675659158353,38.8214704699966
3.10711313630268,0.757083338085735,0.445128609877728,0.146985303773102,0.644242782485718,0.0241684483864151,-17.5,41.9333333333333,44.6678544002821,38.9007663489117
3.10586117325951,0.755245839150531,0.443025684115998,0.146986054027077,0.642309273110959,0.0241498238228306,-17.499,42,44.7679003868645,38.9798557753532
3.10451371545445,0.753406790989426,0.440925797505748,0.146986337153369,0.640375874222451,0.0241312484921111,-17.502,42.1333333333333,44.8676652017842,39.058739101027
3.10330943516856,0.751566216821669,0.438827687290755,0.146987892305718,0.638442143875193,0.0241127181503066,-17.499,42.2666666666667,44.9672280464383,39.1374191614149
3.10205908560775,0.749724141299657,0.436733142646954,0.146988081586435,0.636508744986685,0.0240942391469159,-17.498,42.4,45.0664715260303,39.2158958387145
3.10076133425322,0.747880592226086,0.434641503622555,0.146987832377597,0.634575456584426,0.0240758093536066,-17.499,42.5333333333333,45.165436182039,39.2941648590084
3.09946301356299,0.746035593387093,0.432552117353232,0.146988024717693,0.632642057695918,0.0240574266673689,-17.5,42.6666666666667,45.2641620263632,39.3722272322384
3.0982842597429,0.744189166405782,0.430464945683673,0.1469886360653,0.63070854832116,0.0240390911033472,-17.496,42.8,45.3626494796124,39.4500860866149
3.09693970360832,0.742341337027836,0.428381470414543,0.146987500896627,0.628775480891401,0.0240208078982549,-17.499,42.8666666666667,45.4608011524622,39.5277383251064
3.09566507177525,0.740492128770393,0.426299511925662,0.146987710159088,0.626842082002893,0.024002569746952,-17.499,42.9333333333333,45.5587555697588,39.6051840781338
3.09443813647276,0.73864156122742,0.424219951980567,0.146987908738535,0.624908683114385,0.023984379806165,-17.497,43.0333333333333,45.6564539659722,39.6824277325661
3.09311619460894,0.736789658133707,0.422143359589955,0.146987239527093,0.622975505198376,0.0239662401679779,-17.499,43.1666666666667,45.7538578786762,39.7594674449717
3.09184044478567,0.734936441042484,0.420068474937399,0.146987462132674,0.621042106309868,0.0239481467107276,-17.499,43.2666666666667,45.8510466795576,39.8363042035205
3.0905402414099,0.733081929389677,0.417995874619206,0.146987673374065,0.619108707421359,0.0239301015398529,-17.5,43.3333333333333,45.9479814182557,39.9129409860888
3.08935838153982,0.73122614318207,0.415925217886057,0.146988302658042,0.617175198046601,0.0239121036615896,-17.496,43.4,46.0446823383609,39.9893793471718
3.08793934595294,0.729369105685627,0.413857990914236,0.146987184510072,0.615242130616843,0.0238941582432461,-17.502,43.5333333333333,46.1410520556088,40.0656159612831
3.08670681308678,0.727510835294784,0.411791106784573,0.146988696404193,0.613308400269585,0.0238762550780461,-17.5,43.6666666666667,46.2372878084848,40.1416542518885
3.08542699133009,0.725651348366713,0.409726980202659,0.146989273461675,0.611374890894826,0.0238584024121745,-17.5,43.7666666666667,46.3332323322064,40.2174988513809
3.08414624101639,0.723790666321805,0.40766496247867,0.146989821059917,0.609441381520068,0.0238405982477798,-17.5,43.8666666666667,46.4289259495307,40.2931472826425
3.08288829743231,0.721928808455617,0.405605019564399,0.146990340702837,0.60750787214531,0.0238228426402806,-17.499,43.9666666666667,46.524369341563,40.3685997373668
3.08160605569106,0.720065794646509,0.403547421829347,0.146990404990951,0.605574473256801,0.0238051366603203,-17.499,44.1,46.6195436143463,40.4438552947676
3.08032259809775,0.718201644447061,0.40149182932567,0.146990465997105,0.603641074368293,0.0237874793570165,-17.499,44.1666666666667,46.7144692227797,40.5189133264054
3.07908537690446,0.716336376204669,0.399438209678245,0.146990523888847,0.601707675479785,0.0237698708005304,-17.497,44.2333333333333,46.8091468061853,40.5937744818771
3.07775297976869,0.714470009759183,0.397387138770635,0.146989721171919,0.599774497563776,0.02375231307036,-17.499,44.3333333333333,46.9035378686194,40.668437063721
3.07646529973739,0.712602562831775,0.395337363548313,0.146989817087575,0.597841098675268,0.0237348022332917,-17.499,44.4666666666667,46.9977217503185,40.7429021806611
3.07517605307919,0.710734051088184,0.393289467260315,0.14698990810666,0.59590769978676,0.0237173403852113,-17.499,44.5666666666667,47.0916594712224,40.8171729097047
3.07393254983879,0.70886449172022,0.391243419570626,0.14698999447915,0.593974300898251,0.0236999276178962,-17.497,44.6333333333333,47.185351677405,40.8912497241005
3.07252275023836,0.7069939034308,0.389199798368995,0.146989218789004,0.592041122982243,0.0236825660106124,-17.502,44.7333333333333,47.2787598775716,40.9651307768715
3.07127364874746,0.705122300139507,0.387156440970723,0.146990626831581,0.590107392634985,0.02366524873369,-17.5,44.8666666666667,47.372022126098,41.0388205370147
3.06997662467388,0.703249695575064,0.385115461273355,0.146991105339222,0.588173883260227,0.0236479828355406,-17.5,45,47.4650009449373,41.1123223844128
3.06863033886044,0.701376107682355,0.38307621671982,0.14699155941867,0.586240373885468,0.0236307664503396,-17.502,45.0666666666667,47.557736632007,41.1856338832083
3.06739879372649,0.699501550548862,0.381038071559672,0.146992847970256,0.58430664353821,0.0236135977413428,-17.499,45.1333333333333,47.6502689862951,41.2587575822482
3.0660961667084,0.697626040727314,0.379002523815111,0.14699278426039,0.582373244649702,0.0235964817380299,-17.499,45.2333333333333,47.7425003757207,41.3316920844154
3.06472048984872,0.695749596267671,0.376968625297549,0.146992723802963,0.580439845761193,0.0235794156290042,-17.502,45.3666666666667,47.8344908577048,41.4044342935075
3.0634819261472,0.69387222957696,0.374935437775707,0.146993952911812,0.578506115413935,0.0235623966440798,-17.499,45.4666666666667,47.9262997522254,41.4769884632913
3.06210151201009,0.691993955559423,0.372904767626745,0.146993832793809,0.576572716525427,0.0235454307676007,-17.502,45.5333333333333,48.0178096010062,41.5493545653169
3.06083427811857,0.690114788849633,0.370874756350424,0.1469950052878,0.574638986178168,0.0235285123397151,-17.5,45.6,48.1091391632577,41.6215330439466
3.05944809245631,0.688234742980581,0.368846907297464,0.146995260271798,0.57270547680341,0.0235116463629478,-17.503,45.7,48.2001905395742,41.6935251208947
3.05829221099963,0.686353831242568,0.366819669785782,0.146996788718538,0.570771635969902,0.0234948281955545,-17.496,45.8,48.2910626985448,41.7653322261786
3.05687960387276,0.684472071207202,0.364796067270221,0.146995237350487,0.568838568540143,0.0234780676095756,-17.5,45.9,48.3815599121907,41.8369495007794
3.05555527168173,0.682589479219666,0.36277271100155,0.146995480487501,0.566905059165385,0.0234613542432486,-17.5,46.0333333333333,48.4718996396423,41.9083747497886
3.054227849858,0.680706065154105,0.360750805340639,0.146995711212179,0.564971549790627,0.0234446921317099,-17.5,46.1666666666667,48.5620032472191,41.9796136251984
3.0529206613079,0.678821842283241,0.358730326866947,0.14699593015818,0.563038040415868,0.0234280814811174,-17.499,46.3,48.6518713556195,42.0506665683645
3.05154056072458,0.676936824559841,0.356711556406054,0.14699570910019,0.56110464152736,0.0234115234513277,-17.501,46.3666666666667,48.7414850140507,42.1215328643386
3.05020256905696,0.675051023917884,0.3546935565614,0.146996356980635,0.559171021666352,0.0233950154324138,-17.501,46.4333333333333,48.8309037633246,42.1922143782889
3.04893121925608,0.67316445121885,0.352676919059436,0.146996971786273,0.557237401805343,0.0233785595535996,-17.498,46.5,48.9200886210406,42.26271372121
3.04758805525601,0.67127712161087,0.350662533508655,0.146996268725721,0.555304113403085,0.0233621588657885,-17.498,46.6,49.008981522179,42.3330274822332
3.04624110326737,0.669389049982986,0.348649457298107,0.146995601556965,0.553370825000827,0.023345810797067,-17.498,46.7,49.0976424570102,42.4031530646201
3.04493691124343,0.667500248315354,0.34663766928806,0.1469949684477,0.551437536598568,0.0233295156111161,-17.496,46.7666666666667,49.1860719769731,42.47309165313
3.04346677097777,0.665610730183383,0.344627756416072,0.146993510005911,0.54950446916881,0.0233132754355743,-17.501,46.8,49.2742315076462,42.5428419964321
3.04212909557751,0.663720504461933,0.34261756489917,0.146994270151854,0.547570849307802,0.0232970840717201,-17.5,46.9,49.3622590180213,42.612409061016
3.04081115960531,0.661829579022114,0.340608913524918,0.146994562665121,0.545637339933043,0.0232809473852449,-17.498,47,49.4500365363328,42.6817978041964
3.0394203742662,0.659937967839285,0.338602083079029,0.146993982592104,0.543704051530785,0.0232648665922129,-17.499,47.1,49.5375453707527,42.751004723272
3.03802447295556,0.658045682869653,0.336596136125721,0.146993860958898,0.541770652642277,0.0232488392505576,-17.5,47.1333333333333,49.6248452804463,42.8200293369786
3.03669305446215,0.656152733207891,0.334591056616878,0.146994174361788,0.539837143267518,0.0232328657013631,-17.498,47.2,49.7119366160809,42.8888746066324
3.03524213229226,0.65425913048485,0.332587740367453,0.146993614111963,0.53790385486526,0.0232169490224547,-17.501,47.3333333333333,49.7987610503051,42.9575396092519
3.03385405121325,0.652364884340404,0.33058464313677,0.14699436894321,0.535970235004252,0.0232010850275148,-17.501,47.4333333333333,49.8854174790435,43.0260261627655
3.03248423638644,0.650470002494306,0.328582667641153,0.146995085239726,0.534036615143243,0.0231852768205179,-17.5,47.5,49.97184710996,43.0943378677147
3.03113317438121,0.64857449610451,0.326582099637811,0.146995336142115,0.532103105768485,0.0231695256838463,-17.498,47.5333333333333,50.0580310166493,43.1624733699093
3.02968555970359,0.646678377932652,0.32458322205414,0.146994716582487,0.530169817366227,0.023153832900861,-17.5,47.6,50.1439504817186,43.2304293433816
3.02830068982866,0.644781657846479,0.322584795693476,0.146994986305119,0.528236307991468,0.0231381952963493,-17.499,47.7333333333333,50.2296848103972,43.2982066168725
3.02686472855699,0.642884344679436,0.320587721306967,0.146994813431571,0.52630290910296,0.0231226159827736,-17.5,47.8333333333333,50.315175408802,43.3658068620411
3.02544558475635,0.64098644800217,0.318591371114403,0.146995078209981,0.524369399728202,0.0231070936215928,-17.5,47.9333333333333,50.4004622324308,43.4332305905743
3.0239975793434,0.639087976346148,0.316596035507586,0.146995329471243,0.522435890353443,0.0230916295624198,-17.501,48,50.485526067776,43.5004793370593
3.02254301496037,0.637188938100252,0.314601394237705,0.146995996732046,0.520502270492435,0.0230762234003508,-17.502,48.1,50.5703870832177,43.5675545290043
3.02115094622221,0.635289340628427,0.312607434310625,0.146997058755284,0.518568540145177,0.023060875635792,-17.5,48.2,50.6550456585026,43.6344585352746
3.01970790028695,0.633389193858738,0.31061505454597,0.146997208908146,0.516635030770418,0.023045589401631,-17.5,48.2666666666667,50.7394434815102,43.7011899309198
3.01828150761944,0.631488508438777,0.308623625263192,0.146997351395587,0.51470152139566,0.0230303634652497,-17.499,48.3333333333333,50.8236207607339,43.7677466215231
3.01689525703823,0.629587293959569,0.306633434984438,0.146997057782306,0.512768122507152,0.0230151992340207,-17.496,48.4,50.9075584994412,43.8341279494945
3.01538923112659,0.627685562535463,0.304645073225391,0.146995492678337,0.510835055077393,0.023000098980967,-17.498,48.5,50.9912183527809,43.9003300123405
3.01398988433322,0.625783323392526,0.302656996475566,0.146994865127412,0.508901766675135,0.022985058965195,-17.495,48.6,51.0746993453662,43.9663532187101
3.01244760178245,0.623880585632062,0.300670715905665,0.14699298313358,0.506968809731627,0.0229700840780755,-17.498,48.6666666666667,51.1579036841066,44.0321976598287
3.01085015318424,0.621977357289899,0.298684384659346,0.146992483696894,0.505035521329368,0.0229551698031124,-17.503,48.7333333333333,51.2409499464326,44.097864973672
3.00942556066209,0.620073639146452,0.29669739046731,0.146994153889973,0.50310168049586,0.0229403151191855,-17.5,48.8333333333333,51.3238771012996,44.1633655174995
3.00790376086609,0.618169437345245,0.294712166057759,0.146994452338501,0.501168171121102,0.0229255274882252,-17.501,48.9666666666667,51.4065280601088,44.2287009655118
3.00641940788221,0.616264761469251,0.292727472736527,0.146995164377622,0.499234551260093,0.0229108042024454,-17.5,49.0666666666667,51.4889824411702,44.2938686653743
3.00495072505029,0.614359619177402,0.290743907881159,0.146995411239959,0.497301041885335,0.0228961476500819,-17.498,49.1333333333333,51.5712014759547,44.3588685195066
3.00342949994936,0.612454020678313,0.288761758924025,0.146994787846527,0.495367753483077,0.0228815593802895,-17.498,49.2,51.6531664216881,44.4236971580838
3.00183134089159,0.610547975116596,0.286780398836679,0.146994196277821,0.493434465080818,0.0228670384664564,-17.501,49.3,51.734917420526,44.4883530449821
3.0003140813721,0.608641487027212,0.28479890327859,0.146994921389042,0.49150084521981,0.0228525832131731,-17.5,49.4,51.8165136982615,44.5528406403443
2.99883449945913,0.606734561780757,0.282818484557422,0.146995180656137,0.489567335845052,0.022838197737983,-17.497,49.4666666666667,51.8978768534522,44.6171624059646
2.99723389933336,0.60482721000779,0.280839734807104,0.146994140207566,0.487634157929043,0.0228238844888672,-17.499,49.5,51.9789685734055,44.6813137671427
2.99564561061093,0.602919439474542,0.278861113093115,0.146994010527966,0.485700759040535,0.0228096402238059,-17.5,49.5333333333333,52.0598879146304,44.7452945638047
2.99409291037311,0.6010112542687,0.276882917648583,0.146994316295238,0.483767249665777,0.0227954666565649,-17.499,49.6333333333333,52.1406153683479,44.8091090543721
2.99253134596747,0.59910266109013,0.274905747543387,0.146994177626223,0.481833850777268,0.0227813663166591,-17.498,49.8,52.2211121299989,44.8727574665849
2.99093790438535,0.597193668309523,0.272929588006922,0.146993617209746,0.47990056237501,0.0227673401301235,-17.498,49.9333333333333,52.3013789908807,44.9362378658539
2.98931167803518,0.595284283268085,0.27095412063907,0.146993085402971,0.477967273972752,0.0227533882571853,-17.499,50,52.3814362779059,44.9995498564556
2.98771999191432,0.593374511404657,0.268979030396552,0.146993009571978,0.476033875084243,0.0227395109056248,-17.498,50.0666666666667,52.4613040758786,45.0626954339484
2.98607304707291,0.591464358969449,0.267004917142695,0.146992508785591,0.474100586681985,0.022725710691645,-17.499,50.1666666666667,52.5409435532166,45.1256751172756
2.98446009830191,0.589553832102078,0.265031159151555,0.14699246239137,0.472167187793477,0.0227119871004423,-17.498,50.3,52.6203946108645,45.1884895412297
2.98279145175113,0.587642936852713,0.263058356639437,0.146991989538985,0.470233899391218,0.0226983427962371,-17.499,50.3666666666667,52.699618417983,45.2511391769969
2.98106549464073,0.585731679164165,0.261085888227678,0.146991969652712,0.46830050050271,0.0226847773495156,-17.502,50.4,52.7786548757028,45.3136246187546
2.9794846857167,0.583820061315621,0.259113139002302,0.146993237261526,0.466366770155452,0.0226712904027624,-17.498,50.4333333333333,52.8575434323467,45.3759509525128
2.97778161692536,0.581908090030838,0.257142235221548,0.146992724851408,0.464433481753193,0.0226578885447131,-17.499,50.5333333333333,52.93614699978,45.4381165785274
2.976088429468,0.579995773679819,0.255171634885508,0.146992667426857,0.462500082864685,0.022644569163436,-17.499,50.6333333333333,53.0145649120328,45.5001183488404
2.97433764041005,0.578083116944273,0.253201635179118,0.146992612933874,0.460566683976177,0.0226313343041751,-17.501,50.7,53.0927778902489,45.5619580067458
2.97261807470224,0.576170123531144,0.251231618669037,0.146993418876052,0.458633064115168,0.0226181837854271,-17.501,50.7333333333333,53.1708256088027,45.6236383123743
2.97095343559764,0.574256797097205,0.249262189794869,0.146994183674246,0.45669944425416,0.0226051204820439,-17.498,50.8333333333333,53.2486690306139,45.6851615217979
2.96920990722851,0.572343145702202,0.247294250673006,0.146993622949012,0.454766155851902,0.0225921480095045,-17.498,50.9666666666667,53.326250032549,45.7465239153954
2.96747537919697,0.570429177261235,0.245326870998449,0.146993090849244,0.452832867449643,0.0225792655621914,-17.497,51.0666666666667,53.4036285439007,45.8077226266293
2.96563738398628,0.568514897787453,0.243360345606725,0.146992157086963,0.450899689533635,0.0225664753537308,-17.5,51.1,53.4807854856807,45.8687574411407
2.96387324505922,0.566600310509069,0.241393447017038,0.146992557473859,0.448966180158877,0.0225537760067038,-17.499,51.1,53.5577998381048,45.9296317977941
2.96211782279599,0.564685418621532,0.239427391375237,0.146992508594064,0.447032781270368,0.0225411720173224,-17.497,51.1666666666667,53.634593152319,45.9903483933983
2.96023627012152,0.56277022972103,0.237462470723475,0.146991604556369,0.44509960335436,0.0225286657067364,-17.5,51.2666666666667,53.711146635181,46.0509040100877
2.95840483647537,0.560854747698921,0.235497150964693,0.146992033150388,0.443166093979602,0.0225162551842563,-17.5,51.3666666666667,53.7875590820071,46.1113007220272
2.95655779565772,0.558938974619253,0.233532344795061,0.146992439864345,0.441232584604843,0.0225039443284461,-17.5,51.4,53.8637716129154,46.1715423371169
2.95471725849716,0.557022915181246,0.231568043922514,0.146992825815233,0.439299075230085,0.0224917349175081,-17.499,51.4,53.9397847844236,46.2316288300258
2.95281609992202,0.555106574902588,0.229604544056852,0.146992763236399,0.437365676341577,0.0224796294721772,-17.5,51.5,54.0155795769523,46.2915590807135
2.9509423548539,0.553189958312705,0.227641226313413,0.146993132678889,0.435432166966818,0.0224676284960249,-17.499,51.6333333333333,54.0911958882616,46.3513334388332
2.94896231578598,0.551273069877572,0.225678693703914,0.146993054434422,0.43349876807831,0.0224557353044314,-17.502,51.7666666666667,54.1665948766193,46.4109521319336
2.94709712439243,0.549355912192704,0.223715719863992,0.146994266664275,0.431565037731052,0.0224439492000572,-17.499,51.8,54.2418555760263,46.4704178704127
2.94512637433333,0.547438489619747,0.221754129773878,0.14699413052896,0.429631638842543,0.0224322762860734,-17.5,51.8333333333333,54.3168604248108,46.5297304106564
2.94311394499286,0.545520808209563,0.219792690972031,0.146994430170086,0.427698129467785,0.0224207159997891,-17.502,51.9,54.3916889355684,46.5888876769496
2.9411258959758,0.54360286946299,0.217831095364026,0.146995572167548,0.425764399120527,0.0224092698984723,-17.502,52,54.4663609598788,46.6478935385552
2.93905124706978,0.541684675755811,0.215869949649854,0.146996655865139,0.423830668773269,0.0223979415643855,-17.505,52.1,54.5408374471003,46.7067500838889
2.93713356967591,0.539766228521435,0.213908334961863,0.146998970718989,0.42189660696726,0.0223867314087362,-17.5,52.1666666666667,54.6151776902394,46.7654604237451
2.93510976348157,0.537847533656337,0.211948684464192,0.146999023264597,0.419963097592502,0.0223756469252683,-17.499,52.2,54.6892250190938,46.8240212258629
2.93302100562913,0.535928600500428,0.209989759891568,0.146998644301084,0.418029698703994,0.022364687979167,-17.5,52.2333333333333,54.7630594348621,46.8824256208382
2.93093232613689,0.534009432896153,0.208030943571551,0.146998713510583,0.416096189329235,0.0223538558529122,-17.5,52.3,54.8367207695302,46.940674609984
2.92882159131964,0.532090033739259,0.206072535840519,0.146998779186882,0.414162679954477,0.0223431537869167,-17.5,52.4,54.910189693141,46.998770130989
2.92668823284417,0.530170406768241,0.204114530101668,0.146998841510355,0.412229170579719,0.0223325844693398,-17.5,52.4666666666667,54.9834666931923,47.056712779147
2.92453166477171,0.528250555661231,0.202156919864701,0.146998900652165,0.41029566120496,0.0223221506681682,-17.5,52.5333333333333,55.0565522583161,47.1145031177359
2.92237359471637,0.52633048403698,0.20019969874411,0.146998956774739,0.408362151830202,0.0223118552335052,-17.499,52.6,55.1294468778981,47.1721416828778
2.9202141594214,0.52441019635015,0.198243164325471,0.146998581205586,0.406428752941694,0.0223017016760697,-17.497,52.7,55.2021314724553,47.2296278253185
2.91794200755635,0.522489698767317,0.196287611173581,0.146997367156283,0.404495575025685,0.0222916935601395,-17.499,52.8,55.2745871813961,47.2869588022929
2.91566478438541,0.520568994667642,0.194331811541283,0.146997072738406,0.402562176137177,0.0222818317077737,-17.5,52.8666666666667,55.3468931695264,47.3441359228013
2.91333806451616,0.518648084712074,0.192376069708398,0.146997222177419,0.400628666762419,0.02227211992291,-17.502,52.9,55.4190298550062,47.4011635767211
2.91109395275588,0.516726969546047,0.190420079089912,0.146998221640704,0.39869493641516,0.0222625609873421,-17.499,52.9333333333333,55.4910170738387,47.4580455826006
2.90873537617875,0.51480565338677,0.188465359474818,0.146997883600723,0.396761537526652,0.0222531610133529,-17.5,53,55.5627570481448,47.5147804966856
2.90643634283421,0.512884141253502,0.186510680221905,0.146997991644576,0.394828028151894,0.0222439213200499,-17.497,53.1,55.6343292600181,47.5713663286157
2.90397690500832,0.510962438103825,0.184557254367628,0.146996807692827,0.392894850235885,0.0222348475883679,-17.5,53.1666666666667,55.705655685363,47.6278012052914
2.9015514725733,0.509040547007243,0.182603243819033,0.146996970662626,0.390961340861127,0.0222259404099465,-17.5,53.2333333333333,55.7768548734338,47.6840861986077
2.89909500508834,0.507118468329725,0.180649564268656,0.146997125312689,0.389027831486369,0.0222172051674042,-17.5,53.3,55.8478678866117,47.7402253670249
2.89662884843,0.505196205099827,0.178696210372422,0.146997272067743,0.38709432211161,0.0222086457854979,-17.499,53.4,55.9186952272278,47.7962188921219
2.89410852229776,0.503273761191546,0.176743480740528,0.146996982504211,0.385160923223102,0.0222002667779113,-17.499,53.4666666666667,55.9893178245243,47.8520658239759
2.89155446607071,0.501351140411493,0.174791063209866,0.146996707723126,0.383227524334594,0.0221920718084617,-17.499,53.5,56.0597559583311,47.9077654890252
2.88896572493507,0.499428345615321,0.172838952741459,0.146996446969831,0.381294125446085,0.0221840651571431,-17.499,53.5,56.1300100944297,47.9633184783207
2.88631913379949,0.497505379612578,0.170887144377687,0.146996199528198,0.379360726557577,0.0221762512294597,-17.5,53.5666666666667,56.2000806999408,48.0187253490316
2.88372367515948,0.495582244273113,0.168935329372981,0.146996393545281,0.377427217182819,0.0221686341304915,-17.497,53.6666666666667,56.2699878122223,48.0739877919266
2.88098221553849,0.493658944124437,0.166984721522679,0.146995291177762,0.37549403926681,0.0221612202341571,-17.499,53.8,56.3396534106982,48.1291037361098
2.87822230685176,0.491735482707271,0.165033787348443,0.146995102740226,0.373560640378302,0.0221540122082369,-17.5,53.8333333333333,56.4091764765296,48.1840729229903
2.87544368257033,0.489811859952012,0.163082832419194,0.1469953527492,0.371627131003544,0.0221470154627669,-17.5,53.8333333333333,56.4785374253392,48.2388995183823
2.8726460288795,0.487888077574018,0.161132159154181,0.146995589995019,0.369693621628785,0.0221402355057135,-17.499,53.9,56.5477169460927,48.2935848247477
2.86976258445664,0.485964139044788,0.15918206687383,0.146995386302626,0.367760222740277,0.0221336779442564,-17.5,54,56.6166959683971,48.3481277358689
2.86692307687006,0.484040046880597,0.157231940245813,0.146995621835516,0.365826713365519,0.0221273474205999,-17.497,54.1,56.6855143399514,48.4025286073475
2.86390851282357,0.482115805355447,0.155282993512801,0.14699455886439,0.36389353544951,0.0221212508902728,-17.5,54.1,56.7540940343665,48.4567853416144
2.86093330178881,0.480191416866302,0.153333389768578,0.146994836638654,0.361960026074752,0.0221153919732142,-17.499,54.1333333333333,56.8225535960539,48.5108988190004
2.85786697311493,0.478266882011786,0.151384349741252,0.146994671405698,0.360026627186244,0.0221097779265398,-17.5,54.2,56.8908145111086,48.5648717718318
2.85479463703376,0.476342203150178,0.149435258377286,0.14699494343464,0.358093117811485,0.0221044141576993,-17.499,54.3,56.9589166270556,48.6187044918101
2.8516944859298,0.474417382611357,0.147486722457669,0.146994772749665,0.356159718922977,0.0220993075046403,-17.497,54.3666666666667,57.0268210518497,48.6723971513307
2.8484553612631,0.472492425360926,0.145539038666393,0.14699375312504,0.354226541006969,0.022094464597943,-17.499,54.4,57.0945089226243,48.7259465964098
2.84520438890869,0.470567333596459,0.143590981341283,0.146993643206309,0.35229314211846,0.0220898909224254,-17.499,54.4333333333333,57.1620593972173,48.7793537853317
2.84187546359523,0.468642107710733,0.141643160681472,0.146993538899015,0.350359743229952,0.0220855938313347,-17.5,54.5,57.2294333135757,48.8326216459607
2.83853206291704,0.46671674897484,0.13969526899793,0.146993868743317,0.348426233855194,0.0220815800855152,-17.499,54.5666666666667,57.2966507054976,48.8857516658752
2.83510798843718,0.464791259538531,0.137747913389499,0.146993752922181,0.346492834966685,0.0220778573291168,-17.499,54.6333333333333,57.3636726818061,48.9387439250474
2.8315340722503,0.462865642401505,0.135800783116919,0.146993643013805,0.344559436078177,0.0220744327186737,-17.503,54.7,57.4305195146814,48.9915975152689
2.82804710860997,0.46093989604818,0.133852659070111,0.146995254022842,0.342625595244669,0.0220713131858366,-17.5,54.8,57.4972699435687,49.0443174764202
2.82443121765259,0.459014021689815,0.131905677234464,0.146995496308719,0.34069208586991,0.0220685078369272,-17.5,54.8666666666667,57.5637865630509,49.0969043534302
2.82076941080107,0.45708802406159,0.129958912916145,0.146995726225711,0.338758576495152,0.0220660241699369,-17.499,54.9,57.6301292930123,49.1493544658481
2.81699417336084,0.455161906048076,0.128012666471254,0.146995515578634,0.336825177606644,0.0220638705915438,-17.5,54.9333333333333,57.6962790268794,49.2016669040585
2.81316719266108,0.453235669588093,0.126066323586413,0.146995744511882,0.334891668231885,0.0220620553892136,-17.5,55,57.7622755788495,49.253842187062
2.80928694866667,0.451309315704501,0.124120187902828,0.146995961757907,0.332958158857127,0.0220605874772642,-17.499,55.1,57.8280995958497,49.3058818394621
2.80530770254115,0.44938284718748,0.122174559943156,0.146995739086725,0.331024759968619,0.0220594759454587,-17.499,55.1666666666667,57.8937319684895,49.3577849395337
2.80131383099185,0.447456266777324,0.120229129425875,0.146995527783083,0.32909136108011,0.0220587299970914,-17.496,55.2,57.9591929387414,49.409550833313
2.79710712588875,0.445529578963598,0.118284804767178,0.146994040786782,0.327158293650352,0.02205835922986,-17.499,55.2333333333333,58.0244242340005,49.4611766376438
2.79281032570635,0.443602785465851,0.116339750256192,0.146993916182691,0.325224894761844,0.022058373359431,-17.502,55.3333333333333,58.0895443332119,49.5126636674666
2.78855253242519,0.441675882638876,0.114393972325112,0.146995084419615,0.323291164414585,0.022058782716019,-17.499,55.4333333333333,58.1545529533837,49.5640196680642
2.78411649075573,0.439748872262346,0.112449300510216,0.146994906537245,0.321357765526077,0.0220595975839626,-17.5,55.5,58.2193324711341,49.6152442328376
2.77962649362185,0.437821757846844,0.110504506832449,0.146995166562536,0.319424256151319,0.0220608288069546,-17.499,55.5333333333333,58.2839623361996,49.6663351400883
2.77501493370236,0.435894541076951,0.108560199211468,0.146994984486706,0.31749085726281,0.0220624872807506,-17.499,55.6,58.3484036250993,49.7172926402914
2.7702988058631,0.433967224494713,0.106616067715573,0.14699481170599,0.315557458374302,0.0220645844192918,-17.499,55.7,58.4126765800434,49.7681159668396
2.76551813246424,0.432039809711632,0.104672109501168,0.146994647745866,0.313624059485794,0.0220671319069821,-17.497,55.7333333333333,58.4767816285654,49.8188056271697
2.76051652202978,0.43011230010187,0.102728929506542,0.146993634502784,0.311690881569785,0.0220701413956068,-17.5,55.7666666666667,58.5406800637766,49.86935977836
2.75545989445289,0.428184696292418,0.10078499939481,0.146993959466438,0.309757372195027,0.0220736261555756,-17.5,55.8,58.6044705850664,49.9197805432805
2.75034713029732,0.426256997135665,0.0988412375293173,0.146994267840441,0.307823862820269,0.0220775984416959,-17.497,55.9,58.6680942183062,49.9700717603305
2.7450003280869,0.424329206854039,0.0968985527976379,0.146993273991831,0.30589068490426,0.022082070542712,-17.499,55.9666666666667,58.7314927226672,50.0202299325923
2.73949610641298,0.422401327798601,0.094955413820658,0.146993188533227,0.303957286015752,0.0220870571684645,-17.502,56.0333333333333,58.7947650422182,50.0702546938607
2.73398208861897,0.420473356940622,0.093011520496655,0.14699439391723,0.302023555668494,0.0220925726936625,-17.499,56.1,58.8579306966467,50.1201524388219
2.72826136491392,0.418545295776801,0.0910687028612329,0.146994251285552,0.300090156779985,0.0220986294960942,-17.499,56.2,58.9208720523634,50.1699227203739
2.7223899480834,0.416617148433653,0.0891260372945888,0.146994115935333,0.298156757891477,0.0221052431546239,-17.499,56.2666666666667,58.9836489792494,50.219562118808
2.71633904492061,0.414688916302572,0.087183521341522,0.14699398749485,0.296223359002969,0.0221124287727187,-17.5,56.3,59.0462618969614,50.2690711035037
2.71016651645043,0.412760599858149,0.0852408487184832,0.14699429443798,0.29428984962821,0.0221202023516997,-17.499,56.3,59.1087307949402,50.3184512849651
2.70380131663549,0.41083220046649,0.0832986279071014,0.146994156884796,0.292356450739702,0.0221285789930697,-17.499,56.3666666666667,59.1710167395811,50.3677028428349
2.69718977018786,0.408903720356303,0.0813565495285765,0.14699402635381,0.290423051851194,0.0221375755752829,-17.502,56.4666666666667,59.2331399622757,50.4168249489787
2.69051820471764,0.406975158147802,0.0794136996793164,0.146995188966411,0.288489321503935,0.0221472107319633,-17.499,56.5666666666667,59.2951595904198,50.4658215443174
2.68356510603268,0.40504651518101,0.077471908671393,0.146995005746845,0.286555922615427,0.0221574985779995,-17.5,56.6,59.356957971815,50.514692311681
2.6764921074061,0.403117794533954,0.0755299492890189,0.146995260707408,0.284622413240669,0.0221684592743208,-17.497,56.6333333333333,59.4186145287442,50.5634351022781
2.66909574284688,0.401188999254322,0.0735890379387736,0.146994216172156,0.28268923532466,0.0221801086334725,-17.499,56.7,59.4800511761815,50.6120479011251
2.6614902321556,0.399260131426903,0.071647643711399,0.146994082614504,0.280755836436152,0.0221924688922038,-17.5,56.8,59.5413668322332,50.6605304898843
2.65368767144606,0.397331189549669,0.0697060747034209,0.146994384701701,0.278822327061394,0.0222055590440661,-17.499,56.8333333333333,59.602541850666,50.7088870614391
2.64559009949279,0.395402174823018,0.0677649396888704,0.146994242540483,0.276888928172885,0.0222193976735278,-17.5,56.8666666666667,59.663537290321,50.7571177719008
2.63726965001339,0.393473088418289,0.0658236257086396,0.146994536463332,0.274955418798127,0.0222340070239648,-17.499,56.9,59.7243929441561,50.8052229345342
2.62862656750412,0.391543931497586,0.0638827416043293,0.146994386554563,0.273022019909619,0.0222494066822256,-17.5,57,59.7850698664437,50.8532027338494
2.61966412844187,0.389614705194575,0.0619416744833101,0.14699467312538,0.27108851053486,0.0222656202800078,-17.502,57.0666666666667,59.8456078459524,50.9010575067893
2.61049749849129,0.38768540795128,0.0600001216486213,0.146995802719783,0.269154780187602,0.0222826714610762,-17.499,57.1,59.9060266443472,50.9487909447243
2.6009178364117,0.385756041817073,0.0580596067145408,0.146995588167623,0.267221381299094,0.02230057843565,-17.5,57.1333333333333,59.9662284088198,50.9964014869832
2.59107679215139,0.383826609678379,0.0561189028033762,0.146995813395145,0.265287871924336,0.0223193689708656,-17.497,57.2,60.0262925460689,51.0438870349661
2.58073854372157,0.381897114394377,0.0541792266543432,0.146994740644749,0.263354694008327,0.0223390631208415,-17.5,57.3,60.0861409562426,51.0912456146752
2.57009184651124,0.379967556970051,0.052238743817461,0.146995009138983,0.261421184633569,0.022359692850935,-17.499,57.3666666666667,60.1458921125667,51.1384782033221
2.55900904612086,0.378037936634519,0.0502986774374155,0.146994835099748,0.259487785745061,0.022381279544207,-17.499,57.4,60.2054674318936,51.1855876076286
2.54746176535713,0.376108255293001,0.0483587187062217,0.146994669945355,0.257554386856552,0.022403851039076,-17.5,57.4666666666667,60.2648871248675,51.2325730124313
2.53541911618159,0.374178513036123,0.0464185620178646,0.146994942048848,0.255620877481794,0.0224274361687696,-17.502,57.5666666666667,60.3241711565692,51.2794360424836
2.52298211385883,0.372248708169206,0.0444779049166021,0.146996057914496,0.253687147134536,0.0224520647993921,-17.499,57.6666666666667,60.3833392807428,51.3261803739386
2.50992688684893,0.370318842607128,0.0425382712540361,0.146995830334444,0.251753748246027,0.0224777588728679,-17.5,57.7,60.4422936365774,51.3728044322473
