3.60098448184868,1,1,0,1,0.0285000228600812,-19.997,19.4333333333333,19.6374858331111
3.58591966356611,0.999982115920679,0.993923551826945,0.0085752460330905,0.997790606459026,0.0284667988721051,-20.001,19.4666666666667,19.6375675145305
3.5715860086015,0.999928845620343,0.987908323055462,0.0167144342988176,0.995580770973052,0.0284336587725162,-19.999,19.5333333333333,19.670751955504
3.55773432696394,0.999840758651892,0.981955141350688,0.0244372529303994,0.993371156459579,0.0284006122707436,-19.999,19.5333333333333,19.7372025229544
3.54445204110286,0.999718418920923,0.976062400773947,0.0317658155793294,0.991161541946105,0.0283676558034479,-19.997,19.5,19.7371616842868
3.5314619192936,0.99956238123827,0.970229733219254,0.038719391671247,0.988952148405131,0.0283347924087047,-20.002,19.4333333333333,19.7040385048886
3.51910502825667,0.999373186975792,0.964454045279589,0.0453201263520445,0.986742202432907,0.0283020103591788,-20.001,19.4333333333333,19.6375675145305
3.50716618670793,0.999151367904261,0.958736231289008,0.0515834594943156,0.984532366946933,0.0282693192724179,-20.001,19.4666666666667,19.6375675145305
3.4957656856445,0.998897451651487,0.953075054769346,0.0575270445393591,0.98232253146096,0.0282367172649851,-19.997,19.5,19.6707111168364
3.48460475434121,0.998611960014407,0.947470816761896,0.0631654895732428,0.980113137919986,0.0282042105887566,-19.999,19.5,19.7039772392292
3.47385839194362,0.998295404557344,0.941920781902997,0.0685169451939749,0.977903523406512,0.0281717892361531,-20,19.4666666666667,19.7039976600946
3.46362242332965,0.99794828414259,0.93642437536524,0.0735956336108392,0.975693798406788,0.028139454608131,-19.996,19.4666666666667,19.6706906990342
3.45360234380564,0.997571094939329,0.930982248857783,0.0784133356716147,0.973484515352064,0.028107214529109,-19.997,19.5,19.6707111168364
3.44389143560032,0.997164325081735,0.925592013807024,0.0829855190687658,0.97127512181109,0.0280750606789759,-19.999,19.5666666666667,19.7039772392292
3.43453017645165,0.996728449481061,0.920252526756441,0.0873251465503531,0.969065507297617,0.0280429912315618,-20,19.6,19.7704482275451
3.42550494769333,0.996263935385801,0.914963268663132,0.0914436614526732,0.966855782297893,0.0280110075727748,-20,19.5666666666667,19.8036735112703
3.41683076025218,0.995771244284405,0.909723730648154,0.0953519229206785,0.964646057298169,0.027979111071664,-19.998,19.5666666666667,19.7704073868353
3.40838409030042,0.995250832892613,0.90453371770041,0.0990598069047806,0.962436553270945,0.0279473046688464,-19.998,19.6,19.7704073868353
3.40020713485112,0.994703150542664,0.899391826053035,0.102578400486835,0.960227049243721,0.0279155849350742,-19.998,19.7,19.8036326705605
3.39220448727063,0.994128637533177,0.894297278771751,0.105917367091173,0.958017545216498,0.0278839516357914,-20.001,19.7666666666667,19.9033697843324
3.3845302338274,0.993527724370993,0.889248399862174,0.109087163296568,0.955807709730524,0.0278523998110467,-20.001,19.8,19.9698203517829
3.37720344909133,0.992900834626797,0.884245358245821,0.112095138905444,0.95359787424455,0.0278209339795022,-19.997,19.7666666666667,20.0029639540887
3.36991071707614,0.992248391278431,0.87928862933642,0.114947839680391,0.951388480703576,0.0277895601757017,-20,19.8333333333333,19.9697999298964
3.36288781437475,0.99157080777225,0.874375345459455,0.117656194310535,0.949178755703853,0.0277582671788846,-20.001,19.9333333333333,20.0362709192333
3.3561268192726,0.990868486441568,0.869505407565003,0.120226714127174,0.946968920217879,0.0277270579128076,-20,20.0666666666667,20.1359263485225
3.34953709042788,0.990141826691565,0.864678721770008,0.122665578053005,0.944759195218155,0.0276959352677301,-20,20.1,20.2688274834235
3.34327560540336,0.989391222363554,0.859894287670896,0.124979936051725,0.942549470218431,0.0276648974513225,-19.995,20.1,20.3019506730324
3.33689524292424,0.988617064522342,0.855152942440035,0.127174000115992,0.940340297649957,0.027633951962209,-20.001,20.1333333333333,20.3020731890352
3.33079568633386,0.98781973252864,0.85045065676473,0.129258628438925,0.938130462163984,0.0276030815540464,-20.003,20.2333333333333,20.3353393195965
3.32508254304705,0.986999593411119,0.845788004784496,0.131237692494935,0.93592040570551,0.0275722922234246,-19.997,20.3666666666667,20.4348926425167
3.31936815023436,0.986157018985354,0.841166773976482,0.133113150810111,0.933711012164536,0.027541596031952,-19.997,20.4666666666667,20.5677937774176
3.31372468157589,0.985292376813796,0.836584483077278,0.134892865498997,0.931501618623562,0.0275109835053329,-20,20.5,20.6675308881263
3.3083913811801,0.984406020504469,0.832039591785235,0.13658301082911,0.929291893623838,0.0274804498441807,-19.997,20.5333333333333,20.7006949123185
3.3030365017161,0.983498300653814,0.827533314127772,0.138185586427112,0.927082500082864,0.0274500039836694,-20,20.6,20.7339814555767
3.2979522802114,0.98256956216874,0.823063208818592,0.139707635756654,0.924872775083141,0.0274196365643911,-19.998,20.7666666666667,20.8003911823175
3.29297196576398,0.981620143522217,0.818630205831623,0.141151125614127,0.922663271055917,0.0273893549608613,-19.997,20.9,20.9664971821204
3.28800761396626,0.980650381275614,0.814233405837312,0.142520495349173,0.920453877514943,0.0273591574173756,-20,21,21.0994595765543
3.28332514457148,0.979660602089554,0.809871010638274,0.143821244159007,0.918244152515219,0.0273290376837048,-19.997,21.0333333333333,21.199074168197
3.27859584262645,0.978651129158649,0.805544282614154,0.145054302236233,0.916034758974245,0.0272990045743001,-20,21.1333333333333,21.2323607114552
3.27411150830288,0.977622280430395,0.801250828050217,0.146225698205898,0.913825033974521,0.0272690488570574,-19.998,21.2666666666667,21.3319957219212
3.26968016040188,0.976574367853613,0.796991623723899,0.147336435834101,0.911615529947298,0.0272391778069476,-19.998,21.4,21.4648968568222
3.26532363645259,0.97550770099943,0.792765512485504,0.14839046943027,0.909406025920074,0.0272093882049179,-19.999,21.5,21.5978184115674
3.26109175563217,0.974422581767506,0.788571656168215,0.149391122606593,0.9071964114066,0.0271796783487359,-19.999,21.5666666666667,21.6974942627431
3.25698135406513,0.973319307188071,0.784409836089834,0.150340691648981,0.904986796893126,0.0271500495120384,-19.998,21.6333333333333,21.7639244103493
3.25285380343359,0.972198171279544,0.780279838882699,0.151241355616141,0.902777292865902,0.0271205029529583,-20.001,21.7333333333333,21.8304362403959
3.24894710742496,0.971059460625463,0.776179937067931,0.152097326457239,0.900567457379929,0.0270910325570585,-19.999,21.9333333333333,21.9300712488197
3.24509859820875,0.969903458096074,0.772111158733919,0.152908741658486,0.898357842866455,0.0270616454816788,-19.998,22.1333333333333,22.1294025313268
3.24130448153758,0.96873044554775,0.768072701081476,0.153678304647066,0.896148338839231,0.0270323400241044,-19.998,22.2666666666667,22.3287542336782
3.23750712554028,0.967540698502359,0.76406377248904,0.154408580838072,0.893938834812007,0.0270031144984249,-20.001,22.3333333333333,22.4617166311753
3.23391769402044,0.966334484460866,0.760082984596222,0.155102862333386,0.891728999326034,0.0269739643245348,-19.999,22.4333333333333,22.5281263558739
3.23034779893279,0.965112068408539,0.756131397050571,0.155760842557486,0.88951938481256,0.0269448965824919,-19.999,22.6,22.6278022070496
3.22684741431893,0.963873713711189,0.75220793423454,0.156385232372152,0.887309770299086,0.0269159081410684,-19.999,22.7666666666667,22.7939286256758
3.22341401273235,0.9626196777035,0.748312142065084,0.156977746594281,0.885100155785612,0.0268869987886076,-19.999,22.9,22.960055044302
3.22007203295072,0.961350213565404,0.744443573790482,0.157540012498015,0.882890541272138,0.0268581683141719,-19.998,23,23.0929357593585
3.21668558966084,0.960065571283498,0.740602093739952,0.15807314545724,0.880681037244914,0.0268294179432444,-20.001,23.1,23.1926728731304
3.21349133385441,0.958765994120408,0.736786050877058,0.158580348038255,0.878471201758941,0.0268007417274556,-19.999,23.2333333333333,23.2923078815543
3.21030270244897,0.9574517223249,0.732996548498442,0.159060799874193,0.876261587245467,0.0267721466326084,-19.999,23.4,23.4252090164552
3.20716993793241,0.956122994925663,0.72923255393092,0.159516724264942,0.874051972731993,0.026743629579272,-19.999,23.6,23.5913354350814
3.20403765907745,0.954780045313192,0.725493655342462,0.159949373355925,0.871842358218519,0.0267151903601479,-20.001,23.7666666666667,23.7907279801846
3.20108965286454,0.953423101321137,0.721778839814225,0.160360793022804,0.869632522732546,0.0266868259362493,-19.998,23.9,23.9567931362146
3.19816710304414,0.952052389797392,0.718089234289521,0.160749922911298,0.867423018705322,0.0266585431866875,-19.996,24.0333333333333,24.0896534344901
3.19516111267041,0.950668137480474,0.714424133228045,0.1611183297588,0.865213735650598,0.0266303404631338,-19.999,24.2,24.2226158258607
3.19227992894004,0.949270562086943,0.710781625224878,0.161469215626027,0.863004121137124,0.0266022105149922,-19.999,24.3666666666667,24.3887422444869
3.18944405059906,0.94785987605377,0.707162251760092,0.161802188492964,0.86079450662365,0.0265741573757325,-19.999,24.5,24.5548686631131
3.18659886675042,0.946436291056562,0.703565639318928,0.162118162832406,0.858584892110177,0.0265461808425415,-20.001,24.6,24.6878106407659
3.18392740244721,0.945000013564674,0.699990812681169,0.16241886408584,0.856375056624203,0.02651827792703,-19.998,24.7333333333333,24.7874252293454
3.18121924784274,0.943551249406638,0.696438935880097,0.162702927823226,0.854165552596979,0.0264904553975661,-19.998,24.9,24.9203263642463
3.17847126234356,0.942090202852299,0.692908732130568,0.162972489882759,0.851956048569755,0.026462708862716,-20.001,25.1,25.0865140454687
3.17583905199045,0.940617069521984,0.689398939910045,0.163229577066407,0.849746213083782,0.026435033977427,-20.001,25.2666666666667,25.2858657478201
3.17329676093589,0.939132041892185,0.685910135920109,0.163473539746548,0.847536377597808,0.0264074347107824,-19.999,25.4,25.4519513236944
3.17076519543096,0.93763531378897,0.682442589034826,0.163704190286186,0.845326763084334,0.0263799136130459,-19.998,25.5333333333333,25.584832038751
3.16816352663383,0.93612707679368,0.678995655750912,0.163922637107221,0.84311725905711,0.026352469093773,-20.001,25.7,25.7177944362481
3.16572527207644,0.93460751492766,0.675567789566848,0.164131218525615,0.840907423571136,0.0263250954782013,-19.999,25.9,25.8838800121224
3.16329451092787,0.933076810154868,0.672160196626448,0.164328294044826,0.838697809057663,0.0262977994192501,-19.998,26.0666666666667,26.0832112946295
3.16086959884232,0.931535145054546,0.668772249311184,0.16451487987671,0.836488305030439,0.0262705793402838,-19.998,26.2,26.2493377132556
3.15855393218351,0.9299826974743,0.665403328351804,0.164691940354702,0.834278801003215,0.0262434336804723,-19.995,26.3,26.38217759475
3.15608610833523,0.928419644183841,0.662054038165476,0.164858675275757,0.832069628434741,0.0262163663021182,-19.999,26.4,26.4819351191766
3.15374924455481,0.926846155507006,0.658721940082479,0.165018613554079,0.829860013921267,0.0261893675424191,-19.999,26.5333333333333,26.5816109703523
3.1513878680843,0.925262396368557,0.655407964867237,0.165170386857139,0.827650399407794,0.0261624426320123,-20.001,26.7333333333333,26.714552948005
3.14923521721171,0.923668530799811,0.65211121218409,0.165315269666615,0.82544056392182,0.026135588698559,-19.996,26.9333333333333,26.9138025511348
3.1468245412713,0.922064724665114,0.648833527477821,0.16545061196126,0.823231280867096,0.0261088149340337,-20.002,27.1333333333333,27.1132767756154
3.14461816082963,0.92045113753965,0.645571269260956,0.165581617884764,0.821021334894872,0.0260821064263717,-20.001,27.2666666666667,27.3126080550592
3.14248916576658,0.918827922898088,0.642326304840631,0.165705507025914,0.818811499408899,0.0260554723619044,-19.998,27.4333333333333,27.445447927364
3.14028175453056,0.917195239752368,0.639098964522609,0.165821785048812,0.816601995381675,0.0260289151947117,-19.999,27.6,27.6115947658344
3.1381488895104,0.915553242748773,0.635887753639493,0.16593255581355,0.814392380868201,0.0260024294155378,-19.998,27.8,27.7777007646163
3.13598714357572,0.913902082267452,0.632693017728376,0.16603724281675,0.812182876840977,0.0259760174876661,-19.999,27.9333333333333,27.977072886812
3.13387254867174,0.912241906250938,0.629513884843255,0.166137014292489,0.809973262327503,0.025949676585121,-19.999,28.0333333333333,28.1099740217129
3.13177913694664,0.910572859368524,0.626350405152276,0.166231692355694,0.80776364781403,0.0259234078468479,-19.999,28.1,28.2096498728886
3.12965449819412,0.908895084843269,0.623202325929453,0.166321537029094,0.805554033300556,0.0258972110901949,-20.001,28.2666666666667,28.276141283091
3.1275745189798,0.90720872179717,0.620068790793166,0.166407652714302,0.803344197814582,0.0258710835244234,-20.002,28.4666666666667,28.4422881246247
3.12564261957021,0.905513906221397,0.616949865224653,0.16648980095248,0.801134251842358,0.0258450262912097,-19.998,28.6666666666667,28.6415581414724
3.12352544472421,0.903810777272683,0.613846830903726,0.166566040151801,0.798924747815135,0.0258190457083343,-20.002,28.8333333333333,28.8409915293275
3.12160472623145,0.902099469153824,0.610757007452385,0.166640102586364,0.796714801842911,0.0257931312037196,-19.999,28.9666666666667,29.0070566822942
3.11954902476712,0.900380113045238,0.607682301517352,0.166709097595348,0.794505187329437,0.0257672916741146,-20.002,29.1333333333333,29.1400190828546
3.11768900586829,0.89865283886986,0.604620651164916,0.166775856834578,0.792295241357213,0.0257415191904914,-19.998,29.3,29.306063815977
3.11564247167318,0.896917775376347,0.601573967332797,0.166837492655486,0.79008573732999,0.0257158225913062,-20.002,29.5,29.4722719201069
3.11378967872292,0.895175048306455,0.59853958457302,0.166897697225623,0.787875791357766,0.0256901914222079,-19.999,29.6666666666667,29.6715623567989
3.11187757440148,0.893424780516173,0.595519424221286,0.16695354182509,0.785666176844292,0.0256646344849169,-19.999,29.7666666666667,29.8376887754251
3.10992957926581,0.891667096421418,0.592512350399667,0.167006535513706,0.783456562330818,0.0256391477573749,-20.001,29.8666666666667,29.9374054693526
3.10817465502323,0.889902113972196,0.589517544085838,0.16705768148597,0.781246726844844,0.0256137285299057,-19.996,30,30.0369792213067
3.10623255639462,0.888129953695544,0.586536930725082,0.167104072282879,0.779037443790121,0.0255883855128108,-19.999,30.2,30.1699416126774
3.10432830147784,0.886350733244333,0.583567859142763,0.167149381272891,0.776827829276647,0.025563108387273,-20.001,30.3666666666667,30.3693341577806
3.10248767438787,0.88456456215024,0.580610441509534,0.167193234856476,0.774617993790673,0.0255378982753676,-20.001,30.5,30.5354605764068
3.10066044244528,0.882771550854692,0.577665093836845,0.167234849680029,0.772408158304699,0.0255127575415845,-20.001,30.6666666666667,30.6683617113077
3.09889720398046,0.880971809794997,0.574731621251199,0.167274340034015,0.770198322818725,0.0254876860202908,-19.999,30.8666666666667,30.834447287182
3.09712233264838,0.879165449414097,0.571810439761374,0.16731095672103,0.767988708305252,0.0254626860437497,-19.998,31.1,31.0337785696891
3.09533485805352,0.877352579256453,0.568901050623254,0.167345275270665,0.765779204278028,0.0254377561832539,-19.998,31.2666666666667,31.2663555557657
3.09353384654352,0.875533305314058,0.566002961361278,0.167377841831272,0.763569700250804,0.0254128950251846,-19.999,31.4,31.4325023942362
3.09171839945596,0.873707730083793,0.563115685667226,0.167409174669898,0.76136008573733,0.0253881011709528,-20.001,31.5,31.565444371889
3.09009055843375,0.871875952623855,0.560238743300648,0.167439765595649,0.759150250251356,0.0253633732369449,-19.996,31.6,31.665018123843
3.0882992612271,0.870038075763982,0.55737409093481,0.167466650697384,0.756940967196633,0.0253387197042277,-19.998,31.7333333333333,31.7647348116442
3.08656794922763,0.868194200639819,0.554519411986856,0.16749302094672,0.754731463169409,0.0253141317704596,-19.998,31.9,31.8976359465451
3.08489750069906,0.866344422316323,0.551675149600966,0.167518044974027,0.752521959142185,0.0252896117497542,-19.996,32.1,32.0637215285458
3.08311189346897,0.864488837891274,0.548841743334283,0.167540933851751,0.750312676087461,0.0252651619304762,-19.999,32.2666666666667,32.263134487367
3.08140989539373,0.862627540202081,0.546017502138911,0.16756394071409,0.748103061573987,0.0252407760517534,-19.999,32.4333333333333,32.4292609059932
3.07966691240796,0.860760618822782,0.543203184294203,0.167585773057959,0.745893447060514,0.0252164576360501,-20.001,32.6,32.5954281673712
3.07803269314362,0.858888162761035,0.540398021848408,0.167607348496705,0.74368361157454,0.0251922041121836,-19.999,32.8,32.7615137432455
3.07638343505855,0.857010261385793,0.537603078888872,0.167626964839033,0.741473997061066,0.0251680201828324,-19.998,33,32.9608450257526
3.0747685466925,0.855127005286775,0.534817890118299,0.167645150924987,0.739264493033842,0.0251439044774367,-19.996,33.1666666666667,33.1601558914785
3.07306271152304,0.853238483595941,0.532042603703916,0.167661550943658,0.737055209979118,0.0251198580422794,-19.998,33.3,33.3263231467302
3.07131356251519,0.851344781318329,0.529275847864631,0.16767797138169,0.734845705951895,0.0250958759241986,-20.002,33.4,33.4593059671348
3.06967020715087,0.849445976739873,0.526516873567842,0.167695268849912,0.732635759979671,0.0250719556134813,-20.002,33.5333333333333,33.5589818183105
3.06805961779783,0.847542148680908,0.523766763514584,0.167711683268738,0.730425814007447,0.0250481017740901,-20.001,33.7,33.6918625303038
3.06648211902715,0.845633379141524,0.521025678456708,0.167726830891909,0.728215978521473,0.0250243154557735,-19.999,33.8666666666667,33.8579481061782
3.06488801496425,0.843719750581729,0.518293778334511,0.167740347563718,0.726006364008,0.0250005976968557,-19.998,34,34.02405410496
3.06325148494392,0.841801344125346,0.515570614553859,0.167752745372145,0.723796859980776,0.0249769471623547,-19.999,34.1,34.1569756597053
3.061646010673,0.839878236908255,0.512855440111492,0.167764939089297,0.721587245467302,0.0249533613547178,-19.999,34.2666666666667,34.256651510881
3.05999717479976,0.837950503936289,0.510148428101061,0.167776510307572,0.719377630953828,0.0249298413279002,-20.001,34.4666666666667,34.422818772259
3.05845306884663,0.836018218105112,0.507448839001428,0.167788348459277,0.717167795467854,0.0249063846112609,-19.999,34.7,34.6221296318585
3.05679184708405,0.834081452931816,0.504757764871529,0.167798724610749,0.714958180954381,0.0248829957695558,-20.002,34.8666666666667,34.8547678835945
3.05523415716229,0.832140279832844,0.502073552462099,0.167809857531381,0.712748234982157,0.0248596688358887,-20.001,35,35.0208738793132
3.05373246014307,0.83019476820145,0.499397301108838,0.167819993281008,0.710538399496183,0.0248364083628077,-19.998,35.1,35.1537137516179
3.05208915522626,0.828244991657187,0.496729491797683,0.167828325112745,0.708328895468959,0.0248132165366829,-20.001,35.2333333333333,35.2534508653898
3.05052368033292,0.826291019043963,0.494068170372654,0.167837518077777,0.706119059982986,0.0247900862815119,-20.001,35.4,35.3863520002907
3.04903761553061,0.824332915440199,0.491414138337144,0.167846241734692,0.703909224497012,0.0247670209658168,-19.998,35.5666666666667,35.5524171563207
3.04738502862146,0.822370750225116,0.488768189605519,0.167853233562164,0.701699720469788,0.0247440239215058,-20.002,35.7,35.7186252604506
3.04593250054599,0.820404588065914,0.486128071945759,0.167861583757832,0.699489774497564,0.0247210869929447,-19.998,35.8,35.8514447098478
3.04436340753132,0.818434493513931,0.483496115021847,0.167867792362921,0.697280270470341,0.0246982192457596,-19.999,35.9666666666667,35.9511409808678
3.04277332863444,0.816460532722605,0.480870674871412,0.16787411284045,0.695070655956867,0.0246754148422143,-20.001,36.1666666666667,36.1173082422459
3.04128480311084,0.81448276543547,0.47825134062717,0.167880968305866,0.692860820470893,0.0246526725534352,-19.999,36.3666666666667,36.3166191018454
3.039727564134,0.812501253119337,0.475639225611531,0.167886616141114,0.690651205957419,0.0246299968272245,-20,36.5,36.5159912250622
3.03827193037333,0.810516057123595,0.473033305231374,0.167892404476544,0.688441480957695,0.0246073841595412,-19.997,36.5666666666667,36.6488311004301
3.03669876412863,0.808527238715982,0.470434693160382,0.167896610833007,0.686232087416721,0.0245848389684415,-19.999,36.6666666666667,36.7153225065482
3.03517690983417,0.806534857261354,0.467841757415058,0.167901460104907,0.684022472903248,0.0245623555200109,-19.999,36.8,36.8149983577239
3.03370738610327,0.804538968507284,0.465255010517555,0.167906061817651,0.681812858389774,0.0245399359833104,-19.997,37,36.9478586539572
3.03207050573625,0.802539630868955,0.462674960282859,0.167909570956078,0.6796034648488,0.0245175825048872,-20.002,37.1666666666667,37.1473124606356
3.03062949066062,0.800536897337049,0.46009937508289,0.167915045083349,0.677393518876576,0.0244952871913855,-19.999,37.3,37.3133776136024
3.02904623830653,0.798530820974909,0.457530604852914,0.167918953272228,0.675183904363102,0.0244730588900066,-20.002,37.3666666666667,37.4463400141627
3.02758604313568,0.796521455739114,0.454966721706571,0.167923948424859,0.672973958390879,0.0244508908556286,-20,37.4666666666667,37.5127497368192
3.02615395462256,0.794508853849795,0.452409160728714,0.167927830917757,0.670764233391155,0.0244287885615934,-19.997,37.6666666666667,37.6123643284619
3.02453067123594,0.792493072025805,0.449858127281509,0.167930228726453,0.668554839850181,0.0244067530198386,-20.002,37.8666666666667,37.8118181351402
3.02307715494932,0.790474159805042,0.447311090383419,0.167934648258252,0.666344893877957,0.0243847753585675,-20,38.0333333333333,38.0111289926976
3.02162683382397,0.78845216506998,0.444770103665576,0.167937984516216,0.664135168878234,0.0243628632213856,-19.998,38.1,38.177214570614
3.02017949871478,0.786427141156502,0.442235073013498,0.167940292802328,0.66192566485101,0.02434101653105,-19.996,38.2333333333333,38.2436243014391
3.01856470929646,0.784399140539368,0.439705905832211,0.167941625595361,0.659716381796286,0.0243192352142733,-20.001,38.4,38.3766275355616
3.01711841177877,0.782368208585749,0.437180383945794,0.167945034481388,0.657506546310312,0.024297511609996,-19.999,38.5666666666667,38.5427131114359
3.01557755544232,0.78033438996422,0.434660566656496,0.167947411687842,0.655296931796838,0.0242758532891659,-20.001,38.7,38.708880372814
3.01408516238223,0.778297731271311,0.432145149957432,0.167950525189283,0.653087096310864,0.0242542558780219,-20.001,38.7666666666667,38.8417815077149
3.01264227427638,0.776258276581914,0.429634666967925,0.16795347974402,0.650877260824891,0.0242327215081735,-19.999,38.8666666666667,38.9081912324135
3.01115304022214,0.77421607282699,0.427129645767581,0.167955425813156,0.648667646311417,0.0242112522905417,-19.999,39,39.0078670835892
3.00966448474783,0.772171166170108,0.424629394005709,0.167957272533927,0.646458031797943,0.0241898460403558,-19.999,39.2333333333333,39.1407682184901
3.0081764540305,0.770123600250512,0.42213383467815,0.167959024978147,0.644248417284469,0.0241685027341221,-19.999,39.4,39.3733452045667
3.00668879443776,0.768073418002877,0.419642892024003,0.167960687958707,0.642038802770996,0.0241472223532853,-19.999,39.5333333333333,39.5394716231929
3.00527373046329,0.766020661668682,0.417156491505552,0.167962266042797,0.639829188257522,0.0241260048843763,-19.996,39.6333333333333,39.672311501624
3.00371589925021,0.763965375490419,0.414675471392483,0.167962477084573,0.637619905202798,0.02410485348779,-19.999,39.8,39.7720486092695
3.00218019258962,0.761907600298738,0.412197926959954,0.167963963832377,0.635410290689324,0.0240837618140016,-20.001,39.9666666666667,39.9382158706475
3.00069117138105,0.759847371822409,0.409724100608432,0.167966232333784,0.63320045520335,0.0240627309439567,-20.001,40.1,40.1043422892737
2.99932201233813,0.757784727891525,0.407254536476576,0.167968385026404,0.630990619717377,0.0240417629985211,-19.996,40.2,40.237141324953
2.99778721009099,0.755719711976088,0.404790685089387,0.167968283689241,0.628781336662653,0.0240208632101663,-19.998,40.3,40.3368580127542
2.99622642681815,0.753652365031388,0.40233033605598,0.167969045178671,0.626571832635429,0.0240000242687609,-20.001,40.4,40.436595126526
2.9948068301745,0.751582720230652,0.399873125394033,0.167971054273341,0.624361997149455,0.0239792451825434,-19.998,40.5333333333333,40.5362097151055
2.99324432475206,0.749510814688041,0.397420820289926,0.167971674322267,0.622152493122231,0.0239585322180617,-20.001,40.7,40.6691721126026
2.99172668994614,0.747436684889461,0.394971523685386,0.167973549197084,0.619942657636258,0.023937879200597,-20.002,40.8666666666667,40.8353189541364
2.99027892256373,0.745360363183425,0.392525789391661,0.167975757184687,0.617732711664034,0.0239172882609194,-20,41,41.0014045279686
2.98878315375282,0.743281885858178,0.390084469714197,0.167976994799531,0.61552298666431,0.0238967625363465,-20,41.1,41.1343056628695
2.98733351192513,0.741201289495903,0.387646889209252,0.167978169233161,0.613313261664586,0.0238763000258318,-19.998,41.2333333333333,41.2339406733354
2.98583558408079,0.739118610097828,0.385213595242631,0.167978426057776,0.611103757637362,0.0238559028346378,-19.998,41.3666666666667,41.3668418082363
2.98431182699076,0.737033883074251,0.382783914438454,0.167978669771292,0.608894253610139,0.0238355689895758,-19.999,41.4666666666667,41.4997633629817
2.98280912441439,0.734947140590424,0.38035748459303,0.167979329869666,0.606684639096665,0.0238152975628131,-19.999,41.5333333333333,41.5994392141573
2.98130413018796,0.732858414297119,0.37793455530271,0.167979956269498,0.604475024583191,0.0237950896651701,-19.999,41.6,41.6658897816077
2.97979668055779,0.730767736223595,0.375515070049877,0.167980550691124,0.602265410069717,0.023774945397572,-19.999,41.7333333333333,41.7323403490582
2.97835787498732,0.728675137881988,0.373098973229407,0.167981114767058,0.600055795556243,0.0237548648696926,-19.996,41.9,41.8651802274894
2.97677570306733,0.726580652958674,0.370687121737909,0.167980363566593,0.59784651250152,0.0237348511980825,-19.999,42.0333333333333,42.0313679025853
2.97525981919278,0.72448431189862,0.368277629176723,0.167980937195381,0.595636897988046,0.0237148985054215,-19.999,42.1333333333333,42.1642690374862
2.97374081369898,0.72238614200127,0.365871363712596,0.167981481539968,0.593427283474572,0.0236950099367471,-19.999,42.2333333333333,42.2639448886619
2.97214748928999,0.720286172793805,0.36346827324298,0.167981998095333,0.591217668961098,0.0236751856395498,-20.002,42.3666666666667,42.363682005497
2.97069079138408,0.718184430643667,0.361067394902575,0.167983774760017,0.589007722988874,0.0236554228122417,-19.999,42.5333333333333,42.4965218747386
2.96916145427659,0.716080944190118,0.358670510832246,0.167984174244691,0.5867981084754,0.0236357275513292,-19.999,42.6666666666667,42.6626482933647
2.96767552585147,0.713975744264009,0.35627665029073,0.167984553335356,0.584588493961927,0.0236160970669412,-19.997,42.8,42.7955085895981
2.96613963240466,0.711868860318598,0.353886372198132,0.167984055419893,0.582379100420953,0.0235965335027714,-19.997,42.8666666666667,42.928409724499
2.96452877726617,0.709760321321927,0.35149901454633,0.167983582923407,0.580169706879979,0.0235770350942296,-20,42.9333333333333,42.9949215514825
2.96298233061615,0.707650151312334,0.349113618579874,0.167984421028117,0.577959981880255,0.0235575991445579,-20,43.0333333333333,43.0613721189329
2.96143135561434,0.705538373954562,0.346731058879165,0.167985216346919,0.575750256880531,0.0235382288099726,-20,43.2,43.1610479701086
2.95987566157354,0.703425015199779,0.344351289651755,0.16798597106407,0.573540531880808,0.0235189243292951,-20,43.3333333333333,43.3271743887348
2.95826805578359,0.701310100580161,0.341974265844531,0.167986687252315,0.571330806881084,0.0234996859544494,-20.002,43.4333333333333,43.4601163684297
2.95684194339697,0.699193653426984,0.339599335395802,0.167988224531836,0.56912086090886,0.0234805120370071,-19.996,43.5333333333333,43.5596696974762
2.9552031488094,0.697075702070539,0.337228891883839,0.167987110372271,0.566911577854136,0.0234614105051731,-19.999,43.6666666666667,43.6594068051217
2.95362720953935,0.694956273450662,0.334860138756689,0.167987339571308,0.564701963340662,0.0234423730402674,-19.999,43.8333333333333,43.7923079400227
2.95202211194428,0.692835388749764,0.332493954974988,0.167987557069553,0.562492348827189,0.023423402821698,-20,43.9666666666667,43.9584547795142
2.95045725571409,0.690713070582414,0.330129995187817,0.167988192290967,0.560282623827465,0.0234044992299078,-19.999,44.0666666666667,44.0913354935498
2.9488635093705,0.688589342097242,0.327768829440189,0.167988366257201,0.558073009313991,0.0233856644950175,-19.999,44.1333333333333,44.1910113447255
2.94726339394922,0.686464226953792,0.325410110537263,0.167988531342322,0.555863394800517,0.0233668980262294,-19.999,44.2,44.2574619121759
2.94577343212244,0.68433774754012,0.323053798973923,0.167988687999717,0.553653780287043,0.0233482001964673,-19.994,44.3333333333333,44.3238103906154
2.94397652528493,0.68220993035451,0.320701375222822,0.1679866925265,0.551444718204819,0.0233295760448188,-20.002,44.4666666666667,44.4568748801867
2.94247046564819,0.680080794288521,0.318348835149276,0.16798822953677,0.549234772232596,0.0233110138857748,-19.997,44.6,44.5896739107607
2.94077403311556,0.677950357991611,0.31600011664451,0.167987543948325,0.547025378691622,0.0232925262258846,-20,44.6666666666667,44.7226363051946
2.93913797806041,0.675818644220918,0.313652735983309,0.167988179839588,0.544815653691898,0.0232741061044326,-20,44.7666666666667,44.7890868726451
2.93756397524385,0.673685670933182,0.311307577818201,0.1679887832681,0.542605928692174,0.0232557567659571,-19.997,44.9,44.8887014642878
2.93591420747227,0.671551461146734,0.30896551787022,0.167988069411234,0.5403965351512,0.023237481432901,-19.997,45.0666666666667,45.0216025991887
2.93418650378008,0.669416037493752,0.306625599865174,0.167987391997324,0.538187141610227,0.0232192778544534,-20,45.2,45.1877902773478
2.9325179565084,0.667279416889497,0.304286877616718,0.167988035645806,0.535977416610503,0.0232011438445757,-20,45.2666666666667,45.3206914122487
2.93088705329479,0.665141615990646,0.301950238071424,0.167988646435524,0.533767691610779,0.0231830826908787,-19.998,45.3333333333333,45.3871011389895
2.92915578400269,0.663002655642121,0.29961625533934,0.167988368390695,0.531558187583555,0.0231650967628552,-20,45.4,45.4535925471496
2.92741392243372,0.660862554553941,0.297283674621058,0.167988962193524,0.529348462583831,0.0231471830612118,-20.002,45.5333333333333,45.5200839593941
2.92582313833211,0.65872132757605,0.294952469712928,0.167990383335503,0.527138516611607,0.023129342231218,-19.997,45.6666666666667,45.652882989968
2.92404091328834,0.656578995579003,0.29262474191029,0.167989587793933,0.524929123070634,0.0231115811480497,-20,45.8,45.785845384402
2.92231584375585,0.654435578168178,0.290298013049401,0.167990119345266,0.52271939807091,0.0230938933695704,-20,45.8666666666667,45.9187465193029
2.92064959133461,0.652291090199442,0.287973173254473,0.167990623760484,0.520509673071186,0.0230762822678665,-19.997,45.9333333333333,45.9851358272204
2.9187901057332,0.650145551640322,0.285651103629878,0.16798981594503,0.518300279530212,0.0230587511970324,-20.002,46.0666666666667,46.0516884989978
2.91707755081222,0.64799897764975,0.283329333857904,0.16799119350232,0.516090333557988,0.0230412939140558,-20,46.2333333333333,46.1845487891048
2.91537802676896,0.645851382286292,0.281009977254066,0.167991643080973,0.513880608558265,0.0230239173346726,-19.997,46.4,46.3506139481979
2.91350775042883,0.643702786502363,0.278693302292632,0.167990783228404,0.511671215017291,0.0230066231174314,-20.001,46.4666666666667,46.5168220482436
2.91180668103394,0.641553205541224,0.276377143953189,0.167991682578489,0.509461379531317,0.0229894060657727,-19.997,46.5333333333333,46.5831909342746
2.90986619951701,0.639402655328245,0.274063917703267,0.167990820709541,0.507251985990343,0.0229722739501709,-20.003,46.6,46.6497640299806
2.90816148351513,0.637251149704283,0.271750544658772,0.167992575799436,0.505041929531869,0.0229552191338609,-19.998,46.7333333333333,46.7161124879988
2.906263581599,0.635098703229461,0.269440359034607,0.16799209715748,0.502832425504645,0.0229382519549165,-20.001,46.8666666666667,46.8490748854959
2.90437312177924,0.632945332858607,0.267130887344093,0.16799292943045,0.500622590018672,0.0229213666027874,-20.003,46.9666666666667,46.982016867233
2.90255914738793,0.630791049051154,0.264822416577013,0.167994576868479,0.498412533560198,0.0229045649804583,-20.001,47,47.0816518715725
2.9007323665552,0.628635866564516,0.262516142477408,0.167995282550247,0.496202698074224,0.0228878515134225,-19.999,47.0333333333333,47.1148363125459
2.89882372287082,0.62647980347584,0.260212033147033,0.167995094553152,0.49399308356075,0.0228712272810189,-20,47.1666666666667,47.1480820171365
2.89694506437718,0.624322874887395,0.257909145598679,0.167995344980083,0.491783358561027,0.0228546909293247,-19.999,47.3333333333333,47.2809627311721
2.89500595509104,0.6221650947778,0.255608066058415,0.167995153795895,0.489573744047553,0.0228382453007735,-20,47.4666666666667,47.4471095706636
2.89305025874244,0.620006476890306,0.253308159383211,0.167995401198438,0.487364019047829,0.0228218899834773,-20.001,47.5333333333333,47.580031127451
2.89112315782041,0.617847032967278,0.251009404852937,0.16799606479751,0.485154183561855,0.0228056262693245,-20,47.6,47.646461273015
2.88913438767161,0.615686776350169,0.248712389817974,0.167996265692701,0.482944458562131,0.0227894571095773,-20.001,47.7,47.7129322623519
2.88717320702943,0.613525720155356,0.246416480241455,0.16799688515866,0.480734623076157,0.0227733822607087,-20,47.8,47.8125876916412
2.88517222003707,0.611363877297124,0.24412226422753,0.167997044173767,0.478524898076434,0.022757404753326,-20,47.9,47.9122635428169
2.88317571231523,0.609201261365911,0.241829412348918,0.167997195071028,0.47631517307671,0.0227415252560145,-19.999,47.9666666666667,48.0119189731272
2.88113839392709,0.607037885737575,0.239538206449195,0.167996909438239,0.474105558563236,0.0227257460831521,-19.999,48.0333333333333,48.0783695405777
2.87908174278524,0.604873763567176,0.237248317869336,0.167996638387229,0.471895944049762,0.0227100680209145,-19.999,48.1,48.1448201080281
2.87698251623767,0.60270890690788,0.234959725340776,0.167996381173587,0.469686329536288,0.0226944927086586,-20,48.2,48.211291096344
2.87490749811972,0.600543326723917,0.232672104070351,0.167996565917529,0.467476604536565,0.0226790210733999,-19.999,48.3333333333333,48.3109465266543
2.87278951333916,0.598377034701669,0.230386044328919,0.167996312403523,0.465266990023091,0.0226636564208511,-19.999,48.4333333333333,48.4438476615552
2.87069519376115,0.5962100432235,0.228101218820926,0.167996071831606,0.463057375509617,0.0226483997957809,-19.997,48.5333333333333,48.5434826740633
2.86848951478157,0.594042365371033,0.225818215355245,0.167994985887824,0.460847981968643,0.0226332545928966,-19.999,48.6,48.6431993639066
2.86630470893055,0.591874012216328,0.223535792610118,0.16799481303558,0.458638367455169,0.0226182197347154,-19.999,48.7333333333333,48.709649931357
2.86409635107464,0.589704992883366,0.221254545377924,0.167994649007579,0.456428752941695,0.0226032987625251,-19.999,48.8666666666667,48.8425510662579
2.86193152319001,0.587535318127814,0.21897445467962,0.167994493353337,0.454219138428222,0.0225884937684334,-19.996,48.9666666666667,48.9753909446892
2.85958591680132,0.585365001214701,0.21669641344655,0.16799305916549,0.452009855373498,0.0225738091121402,-20,49,49.0751484732
2.85725678049932,0.583194051603017,0.214418266865011,0.167993413500566,0.449800130373774,0.022559241903133,-20.002,49.0333333333333,49.1084146017192
2.85501249526223,0.581022474161217,0.212140617236519,0.167994607399809,0.44759018440155,0.0225447959726046,-19.999,49.1,49.141578619785
2.85265315132087,0.578850279929843,0.209864972309871,0.167994453869677,0.445380569888076,0.0225304773233739,-20,49.2333333333333,49.2080496081009
2.85028756509893,0.576677480641324,0.207590089598052,0.167994737004004,0.443170844888353,0.0225162855572536,-20,49.3666666666667,49.3409507430018
2.84791564630428,0.574504085175008,0.205316258879003,0.167995005684101,0.440961119888629,0.0225022239641267,-19.999,49.4666666666667,49.4738314570374
2.84546979953987,0.572330104050721,0.203043767035942,0.167994831821241,0.438751505375155,0.0224882958969539,-20,49.5333333333333,49.5735277290785
2.84301505569964,0.570155546719266,0.200771986500134,0.167995095660844,0.436541780375431,0.0224745027146763,-20,49.6,49.6399782965289
2.84059616601004,0.567980421594197,0.19850120787144,0.167995346031226,0.434332055375707,0.0224608479640705,-19.997,49.7666666666667,49.7063676044464
2.83807973342293,0.565804740525746,0.196232326577706,0.167994297140126,0.432122661834733,0.0224473366065692,-19.997,49.9,49.8724940230726
2.8354175891645,0.563628515158297,0.193964405733377,0.167993301795744,0.429913268293759,0.0224339696287141,-20.002,50,50.0054972623005
2.83282910739506,0.561451749808048,0.191695910491736,0.167994501397605,0.427703322321536,0.022420746893744,-20.002,50,50.1051731134762
2.8303171002733,0.559274448745704,0.189428360547376,0.167995639758846,0.425493376349312,0.0224076750225322,-19.997,50.0333333333333,50.1050710091492
2.8275931707221,0.557096625092205,0.187163259978105,0.167994575872719,0.423283982808338,0.0223947605968151,-20,50.1333333333333,50.1383575524074
2.82489609627522,0.554918289049437,0.184898147213228,0.167994852778695,0.421074257808614,0.0223820019131826,-20,50.2666666666667,50.2380334035831
2.82215994548558,0.552739446221598,0.182633928702103,0.167995115548403,0.41886453280889,0.0223694045264989,-20,50.3666666666667,50.3709345384841
2.81940582445669,0.550560104790899,0.180370590006707,0.16799536490351,0.416654807809167,0.0223569721656166,-19.999,50.4666666666667,50.4705899687944
2.81658853745845,0.548380273701788,0.178108420790115,0.167995172702216,0.414445193295693,0.0223447092954102,-19.999,50.5666666666667,50.5702658199701
2.81363892572435,0.546199961749459,0.175847100086552,0.16799499031295,0.412235578782219,0.0223326192768037,-20.003,50.7333333333333,50.6700233607338
2.81086484728104,0.544019173120255,0.173585398724541,0.167996532541302,0.410025522323745,0.0223207038673499,-19.997,50.8666666666667,50.8360272511043
2.80787144095874,0.541837917318315,0.171326354394478,0.167995423077927,0.407816128782771,0.0223089732596012,-19.999,50.9666666666667,50.9689692246729
2.80491814350571,0.539656205434614,0.169067503956816,0.167995227906783,0.405606514269298,0.0222974271131797,-19.997,51,51.068604237181
2.80182840492481,0.537474044842421,0.166810056185381,0.167994185046029,0.403397120728324,0.0222860722928683,-19.999,51.0666666666667,51.1018703595738
2.79870859631125,0.535291442776604,0.164552776529381,0.16799405307739,0.40118750621485,0.0222749112377035,-20,51.2,51.1683413478897
2.79558011308537,0.533108403691565,0.162295962574853,0.16799435667248,0.398977781215126,0.0222639494200255,-19.999,51.3666666666667,51.3012220619252
2.79230934177972,0.530924934647963,0.160040212755032,0.167994215942175,0.396768166701652,0.0222531929709682,-20.002,51.5,51.4674097462108
2.78918012150686,0.528741040794105,0.157784296200995,0.167995368876141,0.394558220729428,0.0222426449761655,-19.996,51.5666666666667,51.6001883589825
2.78579811798234,0.526556731686225,0.155530945065109,0.167993889992164,0.392348937674705,0.0222323155140907,-19.999,51.6666666666667,51.6667001829028
2.7824200545846,0.524372016682715,0.153277393818974,0.167993773086258,0.390139323161231,0.0222222054484839,-19.999,51.8,51.7663760340785
2.77895760400952,0.522186899668398,0.15102455194589,0.16799366214849,0.387929708647757,0.022212322094534,-20,51.9666666666667,51.8992975898447
2.77549644520921,0.520001386239532,0.148772104124808,0.167993985700809,0.385719983648033,0.0222026709182883,-19.998,52.0666666666667,52.0653831677612
2.77185939920919,0.517815483695538,0.146520953813757,0.167993435082275,0.383510479620809,0.0221932594922403,-20.001,52.1333333333333,52.1651202815331
2.76819473819739,0.515629197414793,0.144269564291738,0.167994199053129,0.381300644134836,0.02218409183125,-20.002,52.2,52.231591271891
2.76452391174375,0.513442530030018,0.14201854180536,0.167995352849294,0.379090698162612,0.022175175490126,-20,52.3333333333333,52.2980009945476
2.76073619132158,0.511255488593441,0.139768790248839,0.167995590090003,0.376880973162888,0.0221665185715654,-20,52.4666666666667,52.4309021294484
2.75687118304621,0.509068080923249,0.137519684934291,0.167995815219386,0.374671248163164,0.0221581271824689,-20,52.5666666666667,52.5638032643494
2.75294807406156,0.506880312932405,0.135271215427924,0.167996028855738,0.37246152316344,0.022150008569011,-19.999,52.6,52.6634586946597
2.74889829614011,0.504692191332742,0.133023675332396,0.167995802759159,0.370251908649967,0.022142170604911,-20,52.6333333333333,52.6967043992503
2.74478303063442,0.502503721828554,0.13077644368992,0.167996017031614,0.368042183650243,0.0221346202456871,-20,52.7333333333333,52.7299296829755
2.74057770271873,0.500314909147373,0.128529817604572,0.167996220365292,0.365832458650519,0.0221273658889908,-20,52.8666666666667,52.8296055341512
2.73630081971268,0.498125758829907,0.126283787299432,0.167996413318625,0.363622733650795,0.0221204158009998,-19.999,52.9666666666667,52.9624862481868
2.73188325899329,0.495936277221742,0.124038647023421,0.167996167594913,0.361413119137321,0.0221137788481041,-20,53.0333333333333,53.0621825202279
2.72740738540963,0.493746469666838,0.121793776454584,0.167996363242215,0.359203394137598,0.0221074631940963,-19.999,53.1333333333333,53.1286126668129
2.72273845838963,0.49155634143255,0.119549777190551,0.167996120074943,0.356993779624124,0.0221014785922293,-20.002,53.2666666666667,53.228349783648
2.71806663401171,0.489365895902838,0.117305421475699,0.167997175801429,0.3547838336519,0.0220958333236417,-20,53.3666666666667,53.361210073755
2.71319376234172,0.48717513732072,0.115062229053478,0.167997319978994,0.352574108652176,0.0220905385673575,-20.002,53.4,53.4609267697247
2.70830927818932,0.484984070730854,0.112818969237863,0.167998314449431,0.350364162679953,0.022085603333163,-19.999,53.4333333333333,53.4940907877905
2.70334723756101,0.482792702010142,0.110577158889212,0.167997971671492,0.348154548166479,0.0220810392297753,-19.994,53.5,53.5272139825048
2.69808365897633,0.480601043176773,0.108337387692893,0.167995502259508,0.345945486084255,0.0220768572340943,-19.997,53.6,53.5937258002986
2.69274634074158,0.478409100679193,0.106097200701391,0.167994445392831,0.343736092543281,0.0220730667162903,-19.997,53.6666666666667,53.6934016514743
2.68722216273398,0.476216876428757,0.103857510880312,0.167993442480031,0.341526699002307,0.0220696798038917,-19.999,53.7333333333333,53.7598930575924
2.68159038679041,0.474024373185781,0.101617702466699,0.167993348419972,0.339317084488833,0.0220667080737904,-19.999,53.8,53.8263436250428
2.67578017914415,0.471831593675694,0.0993783815435705,0.167993259161753,0.33710746997536,0.0220641641359753,-20,53.9,53.8928146133587
2.66984901675595,0.469638541464583,0.0971392363722427,0.167993603286863,0.334897744975636,0.0220620605547742,-19.999,53.9666666666667,53.992470043669
2.66372527622638,0.467445220960134,0.0949008700672858,0.167993501017488,0.332688130462162,0.022060410620199,-19.999,54,54.0589206111195
2.65739924449339,0.465251637383531,0.0926629679694931,0.167993403969046,0.330478515948688,0.0220592277297411,-20,54.0333333333333,54.0921663157101
2.65086058245554,0.463057794087822,0.090425218716098,0.167993740701629,0.328268790948964,0.0220585258233346,-20.002,54.0666666666667,54.1254324442293
2.64420855645603,0.460863692588083,0.0881873141875513,0.167994917896999,0.326058844976741,0.0220583194052406,-20,54.1333333333333,54.1586168831606
2.63739417740603,0.458669337062782,0.0859504687951032,0.167995177342366,0.323849119977017,0.0220586234258133,-19.996,54.1333333333333,54.2249857732758
2.63012260386611,0.456474736969596,0.0837152767423032,0.16799370823634,0.321639836922293,0.0220594530225524,-20.003,54.1333333333333,54.2251287193336
2.62285174046212,0.454279893554782,0.0814783759229077,0.167995315915714,0.319429780463819,0.0220608246857387,-19.999,54.1666666666667,54.2250470297456
2.61523177644424,0.452084808097709,0.0792431239865358,0.167995126215286,0.317220165950345,0.0220627542242767,-20,54.2666666666667,54.2582927343363
2.60739629138823,0.449889487169886,0.0770079821068304,0.16799537502584,0.315010440950622,0.0220652589823711,-19.999,54.4,54.3579481646466
2.59924546517091,0.447693934577905,0.0747735544590312,0.167995182307793,0.312800826437148,0.0220683562582295,-20,54.4666666666667,54.4908697204129
2.59078255498211,0.445498154057223,0.0725392235594876,0.16799542825478,0.310591101437424,0.0220720644932895,-20.002,54.5333333333333,54.5573611326574
2.58212135859335,0.443302146609647,0.070304682194341,0.167996519299231,0.3083811554652,0.0220764027470156,-19.999,54.6,54.6237504344484
2.57300893890776,0.441105916803003,0.0680714495338986,0.167996268165125,0.306171540951727,0.0220813892418905,-20.002,54.7,54.6902622675583
2.56374671094221,0.438909468212836,0.0658376865922686,0.16799731633149,0.303961594979503,0.0220870454730388,-19.996,54.7666666666667,54.7898155966048
2.55393134249385,0.436712807069008,0.0636061313914046,0.167995738028382,0.301752311924779,0.0220933893966849,-19.999,54.8,54.8563274205251
2.54378892635217,0.434515939457249,0.0613740241777254,0.167995526778769,0.299542697411305,0.0221004450503329,-19.999,54.8333333333333,54.8895527042503
2.5332774375831,0.432318866042553,0.0591422801161157,0.167995326313616,0.297333082897831,0.0221082335798907,-19.997,54.9,54.9227371493079
2.52217426233322,0.430121591936354,0.0569115010793432,0.167994278429115,0.295123689356857,0.0221167768676105,-20.002,55,54.9892898210854
2.51070098151081,0.42792411768619,0.0546795479785154,0.167995428173073,0.292913743384634,0.0221261016077477,-20.002,55.0666666666667,55.0889656722611
