3.6008989817801,1,1,0,1,0.0285000228600812,-20,19.3,19.3,19.3
3.58597435826749,0.999982113237665,0.993922640222978,0.00857653251296745,0.997790275000276,0.0284667938945554,-19.999,19.3,19.5236543553579,19.3129070694305
3.5715853413558,0.999928839417813,0.987908028554109,0.0167147974496308,0.995580660486802,0.0284336571178535,-19.999,19.32,19.7448096230078,19.3475484548638
3.55764848230463,0.999840750765666,0.98195484982032,0.0244375975420772,0.993371045973329,0.028400610620589,-20.002,19.34,19.9637563121449,19.3988574935009
3.5443073677072,0.999718406695172,0.97606120056263,0.0317674290781862,0.991161100001105,0.0283676492208143,-20.002,19.36,20.1807705754223,19.4629194337019
3.53154051392233,0.999562357602869,0.970227025910452,0.0387230669328427,0.988951154028881,0.0283347776381328,-19.999,19.36,20.3959481087623,19.536705489126
3.51915766328215,0.999373150350474,0.964452277230615,0.0453223275087598,0.986741539515407,0.0283020005389617,-19.999,19.36,20.609350197898,19.6178653585814
3.50719209536851,0.999151322955925,0.958735088818724,0.0515846906269931,0.984531925001934,0.0282693127434448,-20,19.36,20.8211457745363,19.7045815556038
3.49570766440173,0.998897401187846,0.953074227477263,0.0575277839951166,0.98232220000221,0.028236712381598,-19.999,19.36,21.0314370831757,19.7954534072744
3.48451719276896,0.998611903225332,0.947469389739228,0.063167048932452,0.980112585488736,0.028204202471953,-20.002,19.36,21.2402426816197,19.8893965102052
3.4737688587542,0.998295337082948,0.94191845739693,0.0685197114265435,0.977902639516512,0.0281717762846554,-20.003,19.38,21.4477031841957,19.985575398766
3.46344658358477,0.99794820080388,0.936421162514428,0.0735995451049301,0.975692583058039,0.0281394368483507,-20.002,19.4,21.6538141835741,20.0833465713697
3.45350695233153,0.997570987957915,0.930977245049368,0.078419620440601,0.973482637085815,0.0281071871569626,-20,19.42,21.8585642445121,20.1822079591595
3.44387861802012,0.997164186819328,0.925586148857553,0.0829927694752149,0.971272912086091,0.0280750285641947,-19.999,19.44,22.0619589189386,20.2817682535048
3.43454587219448,0.996728277774206,0.920246720821775,0.0873320268178342,0.969063297572617,0.028042959204289,-19.999,19.48,22.2640441259652,20.3817256365555
3.42557779670056,0.996263731668809,0.914957824658447,0.0914497616504468,0.966853683059143,0.0280109772297756,-19.997,19.5,22.4648619264028,20.4818499000585
3.41679413632345,0.995771012646603,0.909719252249787,0.0953564252186672,0.964644289518169,0.027979085589291,-19.999,19.54,22.6643842670847,20.581962356904
3.40840298404984,0.99525057555895,0.904528979197881,0.0990645081835313,0.962434675004696,0.0279472776676028,-19.997,19.56,22.8627156385176,20.6819283876612
3.40022702125,0.994702867932847,0.899387437597954,0.102582432934972,0.960225281463722,0.0279155595913855,-19.997,19.6,23.0597789226038,20.7816442218614
3.39230897545061,0.994128331839135,0.894293236496324,0.105920764853026,0.958015887922748,0.0278839279408261,-19.997,19.62,23.2556309427983,20.8810282418477
3.38455409594649,0.993527400432281,0.889245611565018,0.109088672293495,0.955806494381774,0.0278523824820921,-20,19.64,23.450282233789,20.9800204942625
3.377200280519,0.992900497190313,0.884242899212425,0.112096142040263,0.95359676938205,0.0278209182688422,-19.997,19.66,23.6438096392414,21.0785792775437
3.3698520557541,0.992248041451601,0.87928619216656,0.114948791604386,0.951387375841076,0.0277895445078533,-20.002,19.7,23.836087370951,21.1766689174628
3.36293893033154,0.991570443966444,0.874372322064159,0.117657955291311,0.949177429868853,0.0277582484287117,-19.999,19.74,24.0273038195702,21.2742658506966
3.35615167629574,0.990868108892159,0.869503019313356,0.120227527555241,0.946967815355379,0.0277270423302502,-19.999,19.78,24.2172870730292,21.3713517660196
3.34961807950305,0.990141438293784,0.864676658107092,0.122665921128302,0.944758200841905,0.0276959212816521,-19.997,19.84,24.4061130511253,21.4679076932968
3.34316497942165,0.989390826865065,0.859893152875933,0.12497897513288,0.942548807300931,0.0276648881526828,-19.999,19.9,24.5937447518879,21.5639207371226
3.33694773027279,0.988616661128932,0.855150599791733,0.127174803559314,0.940339192787457,0.0276339365067124,-19.999,19.98,24.7802796440311,21.6593845225732
3.33082196628689,0.987819319598456,0.850448941836866,0.129258533212581,0.938129578273984,0.0276030692233519,-20.002,20.04,24.9656798058261,21.7542970500865
3.32494406593122,0.986999173771472,0.845786607142002,0.131237173303346,0.93591963230176,0.027572281463481,-20.002,20.1,25.150019561943,21.8486590464323
3.3192814479692,0.986156589162379,0.841163867072585,0.13311480225679,0.933709686329536,0.0275415776366149,-20,20.18,25.3332381788652,21.9424715027798
3.31374616988439,0.985291929841396,0.836580690096293,0.134895719117897,0.931499961329812,0.0275109605738395,-19.999,20.26,25.5152980099257,22.0357298070852
3.30824883867902,0.984405554885369,0.832036137153614,0.136585289941889,0.929290346816338,0.0274804284997982,-20.002,20.32,25.6962288998788,22.1284300990625
3.30300064019879,0.98349781310688,0.827528370958657,0.138189893322514,0.927080400844115,0.0274499750952619,-20.001,20.38,25.8761273962512,22.2205765220688
3.29783378875806,0.982569047706171,0.823058007697683,0.139712151608274,0.924870565358141,0.0274196062384462,-20.002,20.44,26.0549100337565,22.3121725914313
3.29298810389131,0.981619598111724,0.818623837535833,0.141157126234463,0.922660619385917,0.027389318668943,-19.996,20.5,26.2326285622951,22.403219618065
3.28797007390299,0.980649802753204,0.814227401415662,0.142525760806482,0.920451336331193,0.0273591227324297,-20.001,20.56,26.4091328530364,22.4937126954059
3.2833146262404,0.979659990984991,0.809864758263754,0.143826669637192,0.918241500845219,0.0273290015894027,-19.997,20.62,26.5846770386675,22.5836547297
3.27861297786834,0.978650485108484,0.805538088374197,0.145059450739478,0.916032107304246,0.0272989685784001,-19.999,20.7,26.7590650276325,22.6730501057622
3.27399328601597,0.977621604860883,0.80124499487421,0.146230155047366,0.913822492790772,0.0272690144550469,-20.002,20.78,26.9324385321723,22.761900048064
3.26958688253972,0.976573658585791,0.796984628226238,0.147342380456799,0.911612546818548,0.0272391375321034,-20.001,20.86,27.1048258067121,22.8502146341357
3.26522880510953,0.975506952336358,0.792757670164897,0.148397397055167,0.909402711332574,0.0272093435771201,-20.002,20.96,27.2761430489495,22.9379983704094
3.26110415222969,0.974421788993722,0.788562975345387,0.149398983050651,0.90719276536035,0.0271796293920365,-19.998,21.04,27.4464416866084,23.0252533032854
3.25694060029818,0.973318469241601,0.784401540423125,0.150347721984545,0.904983261333126,0.0271500021683355,-19.999,21.1,27.6156160046989,23.1119776450973
3.2528399821367,0.972197288884874,0.780271316201495,0.151248455874154,0.902773646819653,0.0271204542629124,-20.001,21.18,27.7837851606683,23.1981712902346
3.24887956520971,0.971058533610726,0.776171493121608,0.152104064241481,0.900563811333679,0.02709098399982,-20.001,21.26,27.9509774572987,23.2838420904856
3.24505727333295,0.969902485393,0.772102184515298,0.152915993126779,0.898353975847705,0.0270615941220494,-19.999,21.32,28.1171538543138,23.3689954045849
3.24126298714803,0.968729425220655,0.768063505452295,0.153685614748808,0.896144361334231,0.027032287341145,-19.999,21.38,28.2822758274268,23.4536311184896
3.23760048236375,0.967539629536313,0.764054357240207,0.15441594657998,0.893934746820758,0.027003060499744,-19.997,21.44,28.4463947638887,23.5377500718837
3.23390619431266,0.966333370329014,0.760074870829677,0.155108136741857,0.891725353279784,0.0269739162949275,-19.999,21.5,28.6094720012595,23.6213534047342
3.23028276621485,0.965110913398094,0.756123355416845,0.155765847703244,0.88951573876631,0.0269448486839118,-20.001,21.58,28.7716035214893,23.7044454996309
3.22680836233608,0.963872516693472,0.752199355833046,0.156390839654523,0.887305903280336,0.0269158574781483,-20,21.64,28.9327947826008,23.7870351600706
3.22340158743911,0.962618436683396,0.748303335862432,0.15698349644709,0.885096178280613,0.026886946820356,-19.999,21.7,29.0929841741347,23.8691259755178
3.2200062771872,0.961348928363849,0.744434845548747,0.157545468816302,0.882886563767139,0.0268581164877181,-20,21.8,29.2521779444145,23.9507178443543
3.2167262488388,0.960064240825138,0.740592834464452,0.158079180879426,0.880676838767415,0.0268293633868198,-19.999,21.9,29.4104269961247,24.0318139554184
3.2134800648649,0.958764619145609,0.73677748104579,0.158585217694127,0.878467224253941,0.0268006901834724,-19.999,21.98,29.5676922115152,24.112417226362
3.21037208447296,0.957450305331392,0.732988052811797,0.159065420930292,0.876257609740467,0.0267720952292936,-19.996,22.06,29.7240020575312,24.1925295039228
3.20718805355137,0.956121539274867,0.729225042795776,0.159519822932605,0.874048326685744,0.0267435825881605,-19.998,22.14,29.8792952353235,24.2721501940858
3.20394977724015,0.954778555192076,0.725486510478443,0.159951885007534,0.87183882265852,0.0267151449173816,-20.004,22.2,30.0336900572126,24.3512824207079
3.20102675637367,0.95342157549272,0.721770841619644,0.160364462932495,0.869628655713796,0.026686776368922,-20,22.26,30.187281147712,24.4299403335036
3.19802323101845,0.952050824381008,0.71808069505816,0.160754263122455,0.867418930714072,0.0266584909299887,-20.001,22.32,30.3398490338025,24.508127290338
3.19517417057328,0.950666526864596,0.714414146523481,0.161124592531883,0.865209095228099,0.026630281306663,-19.998,22.38,30.4915123556963,24.5858411480404
3.19229403260324,0.949268903448175,0.710772028705792,0.161474729852978,0.862999591200875,0.0266021529246789,-19.998,22.46,30.6421870436813,24.6630816591394
3.18940600755711,0.947858171951295,0.707153040910647,0.161806992387654,0.860790087173651,0.0265741013434791,-20,22.54,30.7919465648823,24.7398484253225
3.18669325577848,0.946434542219566,0.70355620196022,0.162123150311109,0.858580362173927,0.0265461235663282,-19.997,22.62,30.9408411558849,24.8161479202436
3.18383901853905,0.944998223403265,0.699982670026371,0.162421881643318,0.856370968632953,0.0265182263799077,-20.001,22.68,31.0887639877048,24.8919816770253
3.18123516765113,0.943549419462994,0.696429947085214,0.162707077811892,0.85416113314698,0.0264903998231631,-19.997,22.76,31.2358778674341,24.9673546364859
3.17848810121384,0.942088331994558,0.692900120977256,0.162975999184604,0.851951739606006,0.0264626548256783,-20,22.84,31.3820082872134,25.0422691845868
3.17583033656135,0.940615160194555,0.689390702084992,0.163232478388999,0.849742014606282,0.0264349814698074,-20.001,22.92,31.5273182716591,25.1167273602562
3.17342030041276,0.939130095605672,0.685901963311655,0.163476292954333,0.847532179120308,0.0264073823466421,-19.994,23,31.6717676852524,25.190737055503
3.17076017288655,0.937633335611781,0.682435999929973,0.163704658807415,0.845323117038084,0.0263798682631703,-19.998,23.08,31.8151827699368,25.2642922670248
3.16818493171868,0.936125071688194,0.678989114162711,0.163923081710071,0.84311361301086,0.0263524238678278,-20,23.14,31.9578166228662,25.3373937376956
3.1657473744658,0.934605484222982,0.675561598596117,0.164131211604513,0.840903888011137,0.0263250517426155,-19.998,23.2,32.0996286885078,25.4100530886512
3.1632383896503,0.933074756048142,0.672154352396188,0.164327858650427,0.838694383983913,0.026297757166217,-20,23.28,32.2405342718359,25.4822723385401
3.16081224969118,0.931533067024429,0.668765836403028,0.164515324362789,0.836484658984189,0.0262705344842183,-20,23.34,32.3806286061749,25.5540540770235
3.15839043259833,0.929980592339368,0.665396352379568,0.164693219802668,0.834274933984465,0.0262433862359407,-20.001,23.4,32.5198716523997,25.6254030459976
3.15610250394648,0.928417505236684,0.662045289180387,0.164862462366649,0.832065098498491,0.0262163108762188,-19.998,23.48,32.6582909869189,25.6963224128575
3.1536879572646,0.926843978850879,0.658713563083315,0.165021778484368,0.829855594471268,0.0261893136162641,-20.001,23.56,32.7958020714657,25.766811223917
3.15140405067864,0.925260181713107,0.655399044028033,0.165174247868492,0.827645758985294,0.0261623861644475,-20,23.62,32.9325449969632,25.8368723509219
3.14909547442995,0.923666277873889,0.652102664321616,0.165318504743667,0.82543603398557,0.0261355337262836,-20.001,23.68,33.0684345958058,25.9065105230389
3.14686468488196,0.922062430504418,0.648823525146147,0.165455826018205,0.823226198499596,0.0261087534265862,-20,23.74,33.203520942138,25.975727809832
3.14463380845752,0.920448800151111,0.645561954099706,0.165585708106738,0.821016473499872,0.0260820477541925,-20,23.8,33.3377640825948,26.0445261651984
3.14242754704913,0.91882554565297,0.642317365454896,0.165708959612204,0.818806748500148,0.0260554151801481,-20,23.86,33.4711916510524,26.1129065930179
3.14029722533567,0.917192822394991,0.639089485025239,0.1658259190311,0.816597023500425,0.0260288555171709,-19.998,23.92,33.6038086028836,26.1808716223093
3.13813925945859,0.915550785042103,0.635878650787064,0.165936049926156,0.814387519473201,0.026002371223943,-19.998,23.98,33.7355751346049,26.2484211877091
3.13610763828774,0.91389958575244,0.632683983355677,0.166040558552151,0.812178015445977,0.0259759594554388,-19.994,24.06,33.8665413653098,26.3155560259888
3.13376282552769,0.912239376025848,0.629506437184602,0.166138016623854,0.809968953363753,0.0259496252883531,-20.003,24.14,33.9966226629023,26.3822744770039
3.13174481016736,0.910570296847759,0.626341792696933,0.166234358823755,0.80775889690528,0.0259233514438524,-20,24.22,34.1261155294498,26.4485878838012
3.12972333778338,0.908892486095919,0.623193471952065,0.166324496198483,0.805549171905556,0.0258971535336725,-19.998,24.28,34.2547540273577,26.5145054115556
3.12769716677464,0.907206089201642,0.620060912881306,0.166409174335883,0.803339667878332,0.0258710300392242,-19.997,24.34,34.382566181279,26.5800217536594
3.12558756946375,0.905511247464367,0.616943560706908,0.166489100760951,0.801130274337358,0.0258449794573576,-20,24.4,34.5095796227137,26.6451358536582
3.12362407463072,0.903808095435356,0.613839956220393,0.166566233358853,0.798920549337634,0.0258189964081727,-19.998,24.46,34.6358887359551,26.7098537967369
3.12157690956883,0.902096766407192,0.610751391449233,0.166638570623541,0.79671104531041,0.0257930872140523,-20,24.52,34.7613855932878,26.7741790844591
3.11957207671671,0.900377392390548,0.607676411667979,0.16670807266706,0.794501320310687,0.0257672465148827,-20.001,24.58,34.8861648462982,26.8381141993719
3.1176096869927,0.898650100601082,0.6046150978428,0.166774455403063,0.792291484824713,0.0257414754419349,-20.001,24.64,35.0102082457511,26.9016650266801
3.11574127081468,0.896915017984351,0.601567531416475,0.166837449248032,0.790081649338739,0.0257157751132819,-19.998,24.7,35.1334978174075,26.9648341476784
3.1137625240234,0.895172273008847,0.598534402036679,0.166895940727651,0.787872145311515,0.0256901491932279,-20,24.78,35.2559710972105,27.0276190175287
3.11184973782233,0.893421990265703,0.595513962624096,0.166952303824351,0.785662420311792,0.0256645910957825,-20,24.84,35.3777452423662,27.0900211124616
3.10995236800799,0.891664289675667,0.592506612463321,0.167005789540507,0.783452695312068,0.0256391032148152,-20,24.9,35.4987795027098,27.1520454254397
3.1080699802375,0.889899291002326,0.589512140224062,0.167056544768665,0.781242970312344,0.0256136853789253,-20,24.98,35.6190783886999,27.213693950664
3.10617656456926,0.888127112075644,0.586530337988026,0.167104708902392,0.77903324531262,0.0255883374178327,-20.001,25.06,35.7386463799042,27.2749687382855
3.10437339950989,0.886347867928843,0.58356069732584,0.167150843045727,0.776823409826646,0.0255630579002234,-19.999,25.1,35.8575102919708,27.3358731694098
3.10248304016881,0.884561673531412,0.580603931705008,0.167193764351404,0.774613795313173,0.0255378504446335,-20.001,25.14,35.9756072008873,27.3964076639238
3.10070689388823,0.882768641087763,0.577658621349457,0.167235352143823,0.772403959827199,0.0255127098425043,-19.999,25.2,36.0930314825898,27.4565746680376
3.09884299159028,0.880968881010087,0.574725793214429,0.167273959193385,0.770194345313725,0.0254876409561099,-20.001,25.26,36.2096975114462,27.5163761357956
3.09704143621823,0.879162501908579,0.571804033866072,0.167311452975866,0.767984509827751,0.0254626386070258,-20.001,25.32,36.3256996093063,27.5758145047347
3.09530305141532,0.877349608870565,0.568893768763475,0.167347032671177,0.765774674341777,0.0254377051425553,-19.999,25.38,36.4409968278604,27.6348942976077
3.09339990273632,0.875530308854376,0.565995420064224,0.167379938341727,0.763565059828304,0.0254128428837146,-20.004,25.44,36.5555487479394,27.6936145390424
3.09175925049348,0.873704702610098,0.563106671865804,0.167413308284969,0.76135489288358,0.0253880429830946,-19.999,25.5,36.6695167101956,27.7519816431009
3.08995535644896,0.871872891978061,0.560230398925666,0.167442830533159,0.759145278370106,0.0253633176788788,-20.001,25.56,36.7826799992079,27.8099963989703
3.08818653292564,0.87003497978897,0.557364281669908,0.167471703300545,0.756935442884132,0.0253386581434296,-20.002,25.62,36.895200729971,27.8676571061576
3.08647839722834,0.868191061881144,0.55450845643197,0.167499530917006,0.754725496911909,0.0253140654684079,-20.001,25.66,37.0070601705234,27.9249699314113
3.08483179745809,0.866341235223732,0.551663362995966,0.167525509085073,0.752515661425935,0.0252895419576209,-19.998,25.72,37.1182175055325,27.981936331618
3.08304541820745,0.864485598787961,0.548829437613227,0.167548874567292,0.750306157398711,0.0252650898891702,-20.001,25.78,37.2286324202617,28.0385529566869
3.08134267594911,0.862624246360102,0.546004682115424,0.16757233370309,0.748096321912737,0.0252407017743806,-20.001,25.84,37.3384439519398,28.0948230895807
3.07967462475811,0.860757267558237,0.543189854704193,0.167594595231502,0.745886486426764,0.0252163811356466,-20,25.88,37.4475882621185,28.15075295492
3.07796597569107,0.858884754116371,0.540385098955289,0.167615291464704,0.74367676142704,0.0251921290345403,-20.001,25.94,37.5560470568315,28.2063429692727
3.07631597635854,0.857006795388253,0.537589646306257,0.167635359965502,0.741466925941066,0.0251679428980465,-20,26,37.6638693588644,28.2615953188426
3.07465008550759,0.855123479294667,0.534803952507621,0.16765397512688,0.739257200941342,0.0251438249984371,-20,26.04,37.7710141770852,28.3165119328869
3.07299257498997,0.853234893221547,0.532027557915367,0.167671639969586,0.737047475941618,0.0251197739801819,-20,26.08,37.8775081194821,28.3710936820171
3.07134319276021,0.851341122254449,0.529260312390739,0.167688403008138,0.734837750941895,0.0250957897003186,-20,26.12,37.9833551260865,28.4253428786182
3.06962647646503,0.849442250105201,0.526502068219019,0.16770431028035,0.732628025942171,0.0250718720175662,-20.003,26.18,38.0885591162152,28.4792617581563
3.06811601764728,0.847538356451057,0.523751768466428,0.167720691953646,0.730417969483697,0.0250480172196566,-19.998,26.24,38.1931910892056,28.5328563662773
3.0664908584696,0.845629524169065,0.521011710460095,0.16773409319647,0.728208465456473,0.0250242346993126,-19.998,26.32,38.2970752469196,28.5861250204294
3.06477281611675,0.843715837442496,0.518280218422888,0.167746810295278,0.725998961429249,0.0250005183494637,-20.002,26.38,38.400328592288,28.6390638667431
3.06320917257493,0.841797371070608,0.515555938582452,0.167760593482663,0.723789015457025,0.0249768633120458,-20,26.44,38.5030443477607,28.6916814703477
3.06162852423603,0.839874200453033,0.512840570568075,0.167772815374209,0.721579290457302,0.0249532765604799,-19.999,26.5,38.6050910818702,28.7439818464187
3.05995524615862,0.837946404214707,0.510133670195067,0.167783984501926,0.719369675943828,0.024929756770252,-20.002,26.56,38.7064955091852,28.7959627140711
3.05841099223349,0.836014055244287,0.507433887062447,0.16779586991674,0.717159729971604,0.0249062991186416,-20,26.6,38.8073511010549,28.8476291037005
3.05684915748526,0.834077226167317,0.504742620248451,0.167806290918502,0.71495000497188,0.0248829093480374,-19.999,26.64,38.9075489957865,28.8989835931996
3.05524405772702,0.83213599198993,0.502059431953989,0.167815751093278,0.712740390458406,0.024859586149932,-20,26.7,39.0071158339168,28.9500239714401
3.05366884080336,0.830190423829088,0.499383585796557,0.167825157145296,0.710530665458683,0.0248363270697373,-20,26.76,39.1061002812888,29.00075273351
3.05212389769681,0.828240590768886,0.496715265319079,0.167834083010939,0.708320940458959,0.0248131331553259,-19.999,26.8,39.2044833667519,29.0511733011308
3.05056001746763,0.82628656256187,0.494054652884958,0.167842124377475,0.706111325945485,0.0247900054437692,-19.999,26.84,39.3022463788814,29.1012862562563
3.0489764143272,0.824328407829569,0.491401321961138,0.167849755225906,0.703901711432011,0.0247669426583017,-20,26.9,39.3994155614787,29.1510925772504
3.04742181822867,0.822366192301757,0.488754851117243,0.167857425340132,0.701691986432287,0.0247439435374908,-20,26.96,39.4960168618314,29.2005959111973
3.04589663268541,0.820399980651819,0.486115431679168,0.167864703888976,0.699482261432564,0.0247210091254519,-19.999,27,39.592031233764,29.2497993714043
3.04435184263302,0.818429838292805,0.48348325366763,0.167871182035535,0.69727264691909,0.0246981404558285,-19.999,27.04,39.687439888316,29.2987032911825
3.04281134747716,0.816455829576809,0.480857898083253,0.167877329467603,0.695063032405616,0.0246753362746006,-19.999,27.08,39.7822689899278,29.3473084465666
3.04129961936747,0.814478016927441,0.4782392547757,0.167883163068415,0.692853417892142,0.024652596478687,-19.998,27.12,39.8765220403547,29.395617027536
3.03971852894503,0.812496462654798,0.475627519241033,0.167888270032678,0.690643913864918,0.0246299220999036,-20,27.16,39.9701801606651,29.4436298353651
3.03818920634725,0.810511226269447,0.473021670130852,0.167893973935639,0.688434188865195,0.0246073096439017,-20,27.2,40.0633141579231,29.4913505821142
3.03668807966972,0.808522365441314,0.470422216575191,0.167899386649855,0.686224463865471,0.024584761286692,-19.999,27.24,40.1558822299433,29.5387834904996
3.03514185803735,0.806529939582563,0.467829359183702,0.167904094214114,0.684014849351997,0.0245622780589192,-20,27.3,40.2478654741383,29.5859285480418
3.03362282623988,0.80453400624695,0.465242385506996,0.167908990280131,0.681805124352273,0.0245398576231492,-20,27.36,40.3393123037278,29.6327875394314
3.0320578568295,0.80253462117435,0.462661502634708,0.167913636398116,0.679595399352549,0.0245175010192498,-20.002,27.42,40.4302034900872,29.6793633048963
3.03064160244421,0.800531838305517,0.460086004492811,0.167918902981364,0.677385453380326,0.0244952059383087,-19.998,27.48,40.5205871589256,29.7256598170581
3.0291081651334,0.79852571429735,0.457517623783316,0.167922185394881,0.675175949353102,0.0244729789790397,-19.999,27.52,40.6103319881934,29.7716751360603
3.02757668160211,0.796516305757302,0.45495473338833,0.167925729065224,0.672966334839628,0.0244508144935601,-20,27.56,40.6995541924126,29.8174075139021
3.0260225852723,0.794503663931388,0.452397242881077,0.167929520655027,0.670756609839904,0.0244287124185488,-20.002,27.6,40.7882567818499,29.8628619079937
3.02454279311175,0.792487838343901,0.44984475942676,0.167933976334431,0.66854666386768,0.0244066715938213,-20.001,27.64,40.8764651531275,29.9080438041062
3.02304136828485,0.790468879513063,0.447298110221151,0.167937775721261,0.666336828381707,0.02438469526416,-20.001,27.68,40.9641149973626,29.9529551063407
3.02154191469733,0.78844683891562,0.444756898984224,0.167941381146397,0.664126992895733,0.0243627822639863,-20.001,27.74,41.0512322468738,29.9975953937502
3.02011729459053,0.786421766307712,0.442221037918183,0.167944802511736,0.661917157409759,0.024340932535051,-19.998,27.8,41.1378201586203,30.0419658976731
3.01855019613154,0.784393713325162,0.439691352246717,0.167946762733798,0.659707653382535,0.0243191492861028,-20.001,27.86,41.2238148703325,30.0860640638409
3.01712851680259,0.782362728072586,0.437165924409621,0.167949909364856,0.657497817896561,0.0242974259312278,-19.998,27.9,41.3093545232651,30.1298924981937
3.01561285991361,0.780328857906969,0.434646503519175,0.167951608878038,0.655288313869338,0.0242757689409817,-19.999,27.94,41.3943072914157,30.1734529271385
3.01412197024075,0.778292151180342,0.432131782470799,0.167953650456358,0.653078699355864,0.0242541739322127,-19.999,27.98,41.478766558845,30.2167451138648
3.01263206027422,0.776252652800421,0.429621987468143,0.167955587810494,0.65086908484239,0.0242326419519985,-19.999,28,41.5627127915084,30.2597726845012
3.01109455355144,0.77421040783937,0.427117038978573,0.167957426261174,0.648659470328916,0.0242111729674071,-20.001,28.02,41.6461490876825,30.302537609071
3.00958071346463,0.77216545885297,0.424616251017556,0.167960028510747,0.646449634842942,0.024189764812605,-20.002,28.06,41.7291232618926,30.3450443450786
3.00809100942751,0.770117846825269,0.422119856712303,0.167962926740053,0.644239688870719,0.0241684185486323,-20.002,28.1,41.8116155232066,30.3872977503018
3.00655344451892,0.768067613862448,0.419628087209941,0.167965677012467,0.642029742898495,0.0241471352288733,-20.004,28.14,41.8936063624459,30.4292994357472
3.00513558832781,0.766014800491694,0.417140260105523,0.167969144534556,0.639819575953771,0.0241259127211931,-20.001,28.2,41.9751436212493,30.4710523854579
3.0037196971723,0.76395944927856,0.414657827520005,0.16797114855703,0.637609740467797,0.0241047563172256,-19.998,28.24,42.05611803406,30.5125551475036
3.00220920846056,0.761901606548862,0.412180707708608,0.1679717637927,0.635400236440574,0.024083665985847,-19.999,28.3,42.1365334510024,30.5538010356371
3.00072189445895,0.759841314303115,0.409707604774395,0.167972776446729,0.6331906219271,0.0240626375018789,-19.999,28.36,42.2164830519569,30.5947904234183
2.99923416456135,0.757778611200065,0.407238755947712,0.16797373740397,0.630981007413626,0.0240416719299869,-19.999,28.4,42.295947107797,30.6355273902933
2.99774586551401,0.755713536163798,0.404774092544587,0.167974649303587,0.628771392900152,0.024020769284541,-19.999,28.44,42.3749285289843,30.6760142381867
2.99625684365495,0.753646127489961,0.402313546989976,0.167975514650009,0.626561778386678,0.0239999295859887,-19.999,28.48,42.4534302172048,30.7162530812503
2.99471898653078,0.751576422855902,0.399857052799854,0.167976335819814,0.624352163873204,0.0239791528610404,-20.001,28.5,42.5314550634081,30.7562458863095
2.99327472577419,0.749504457541979,0.397403936827628,0.167977972721503,0.622142328387231,0.0239584370745369,-19.999,28.54,42.6090506771846,30.7959970855889
2.9917108426578,0.747430268057295,0.394955356435136,0.167978668404819,0.619932713873757,0.023937786409247,-20.002,28.6,42.686129966805,30.8355076224195
2.99023947087649,0.745353889407804,0.392509722621675,0.16798061505283,0.617722767901533,0.0239171957536608,-20.001,28.64,42.7628081611911,30.8747802761903
2.98881506481603,0.743275355164136,0.390068197934199,0.167982033496299,0.615512932415559,0.023896669288717,-19.998,28.68,42.8389978767403,30.9138182616252
2.98731922907036,0.741194703701583,0.387631325549327,0.167982093047233,0.613303428388336,0.0238762091090367,-19.998,28.72,42.9146575258671,30.9526170618362
2.9858215459476,0.73911197187184,0.385198124101642,0.167982149558045,0.611093924361112,0.0238558121995864,-19.998,28.76,42.9898577804009,30.9911750383891
2.98436952819728,0.737027193263122,0.382768534322651,0.167982203183936,0.608884420333888,0.0238354786366251,-19.996,28.8,43.0646013720949,31.029494809793
2.98274985330322,0.734940402710028,0.38034310563675,0.167981396418931,0.606675137279164,0.023815210528432,-20.001,28.84,43.1388463053376,31.0675761362958
2.98131512715185,0.73285163000337,0.377919647353468,0.167982774973044,0.60446530179319,0.0237950008865064,-19.998,28.88,43.2127523406878,31.1054258303351
2.97973716146381,0.730760905381192,0.375500549684731,0.167982796671005,0.602255797765966,0.0237748579047876,-20.001,28.92,43.2861419867033,31.1430474022643
2.97822597978922,0.728668260343297,0.373083924370555,0.167984103741145,0.600045962279993,0.0237547756495084,-20.001,28.96,43.3591529713047,31.180442149085
2.97675951931885,0.726573723226934,0.370670637746415,0.167985344084324,0.597836126794019,0.0237347572659651,-19.999,29,43.4317201402372,31.2176146035319
2.97519650248809,0.72447732636901,0.368261243644037,0.167985663453754,0.595626512280545,0.0237148048743724,-20.001,29.04,43.5038015156618,31.2545624281183
2.97372390594337,0.722379099785989,0.36585446731309,0.167986824172373,0.593416676794571,0.0236949146217216,-19.999,29.08,43.5754897781451,31.2912869312714
2.97215457205443,0.720279073029065,0.363451478393072,0.167987067982141,0.591207062281098,0.0236750906334149,-20.001,29.1,43.6466976140297,31.3277889938382
2.97069880595008,0.71817727515296,0.361051003830702,0.167988156998478,0.588997226795124,0.0236553291022393,-19.998,29.12,43.7175176651083,31.3640700313081
2.96924126976436,0.716073735656996,0.358654518803115,0.167987903939796,0.5867877227679,0.0236356351317776,-19.995,29.16,43.7878402168217,31.4001297131069
2.96759278989636,0.713968488011711,0.356261964249467,0.167986377320082,0.584578550199426,0.0236160088720379,-20,29.2,43.8576686711005,31.4359621767214
2.96605510831683,0.711861557992545,0.353870851118559,0.167987072768637,0.582368825199702,0.0235964426706036,-20,29.24,43.9271852133085,31.4715735500553
2.9644896814413,0.709752968314487,0.351482666558904,0.167987732713995,0.580159100199979,0.023576941645315,-20.001,29.28,43.9962792521394,31.5069718568855
2.96301351378823,0.707642744878937,0.349097059419764,0.167988787795247,0.577949264714005,0.0235575050399024,-19.998,29.32,44.0649757584944,31.5421589396698
2.96148760631215,0.705530915856967,0.346715201775951,0.167988502533892,0.575739760686781,0.0235381369578351,-19.997,29.36,44.133187604543,31.5771325256112
2.95981642711857,0.703417510734133,0.344336430706161,0.167987803008729,0.573530367145807,0.0235188356812285,-20.002,29.4,44.2009628501956,31.6118890110686
2.95830165348973,0.701302551374912,0.341958874952539,0.167989283328005,0.571320421173583,0.0234995956905799,-20,29.44,44.2684384080932,31.646436031911
2.95666565039013,0.699186060214146,0.339584633050143,0.167989830422564,0.56911069617386,0.0234804239996033,-20.003,29.48,44.3354589272937,31.6807778093979
2.95516323279795,0.69706806107926,0.337212135723479,0.16799163606739,0.566900639715386,0.0234613160999023,-20,29.5,44.4021393140648,31.7149160478916
2.95363379243944,0.694948578331511,0.334843172662221,0.167992063052747,0.564690914715662,0.0234422780168847,-19.998,29.52,44.468347110939,31.7488505065877
2.95200618107864,0.692827640381492,0.332477388288006,0.167991610586913,0.562481410688438,0.0234233090822197,-20,29.56,44.5341079840208,31.7825754751743
2.9503713398742,0.690705270714245,0.330113519375604,0.167992038873069,0.560271685688714,0.0234044058257677,-20.002,29.6,44.5995143207129,31.8160931951255
2.94884603037099,0.688581488877644,0.327751531431576,0.167993302948129,0.558061739716491,0.0233855686077319,-19.999,29.64,44.66456799857,31.849410405683
2.94719945560357,0.686456318575645,0.325392909859337,0.167993216011284,0.555852125203017,0.0233668024880596,-20.001,29.68,44.7291591116708,31.8825261121656
2.94563841349816,0.684329783105301,0.323036086319271,0.167993991165885,0.553642289717043,0.0233481031429635,-19.999,29.7,44.7934026899072,31.915440366755
2.94404852226032,0.682201904517384,0.320682243685836,0.16799386909498,0.551432675203569,0.0233294747025644,-19.998,29.72,44.8572111263559,31.9481542367429
2.94242889897055,0.680072707170306,0.318331033530995,0.167993324429266,0.549223171176345,0.0233109166281956,-19.998,29.76,44.9206096803976,31.9806653786877
2.94077867883196,0.677942213245369,0.315982111268361,0.167992807569166,0.547013667149122,0.0232924284134852,-19.999,29.78,44.9836232865596,32.012974742065
2.93914356153072,0.675810442781912,0.31363513609117,0.167992745921808,0.544804052635648,0.0232740095851595,-19.999,29.8,45.046276597867,32.0450858075385
2.93750069087767,0.673677415500571,0.311290378647237,0.167992687421596,0.542594438122174,0.0232556615352299,-19.999,29.84,45.1085492894428,32.0770014165719
2.93580334809375,0.671543151693086,0.308947803130525,0.167992631907865,0.5403848236087,0.0232373847498337,-20.001,29.86,45.1704436693667,32.1087228406516
2.93418936064138,0.669407669534904,0.306606766577123,0.167993436881406,0.538174988122726,0.0232191779191592,-19.999,29.88,45.2320067635407,32.1402539059489
2.93245218927306,0.667270988706377,0.304268456044241,0.167993343107161,0.535965373609253,0.0232010452133258,-20.002,29.92,45.29315089672,32.1715950192463
2.930773883419,0.665133127656418,0.301931311747108,0.167994540600043,0.533755427637029,0.0231829826558342,-20.002,29.96,45.3539907152457,32.2027484775798
2.92908661581986,0.662994102771594,0.299596221108917,0.167995676959968,0.531545481664805,0.0231649935468765,-20.002,29.98,45.4144606215664,32.2337183464694
2.92739011191191,0.660853932842403,0.297263150972669,0.167996755307823,0.529335535692581,0.0231470784850714,-20.002,30.02,45.4745629288276,32.2645044571375
2.92582286669151,0.658712636355965,0.294932068716691,0.167997778605169,0.527125589720358,0.0231292380937173,-19.996,30.06,45.5342999212369,32.2951069322691
2.92392613550173,0.656570236866947,0.292604765453933,0.167996176702625,0.524916306665634,0.0231114783392199,-20.004,30.1,45.593539671703,32.3255183746981
2.9223373074508,0.654426750365977,0.290276936722482,0.167998087191474,0.52270613972091,0.0230937874735943,-19.998,30.14,45.6525990117491,32.3557443317211
2.92060357436599,0.652282192653262,0.287952830887349,0.167997327188607,0.520496635693686,0.0230761785913316,-19.998,30.18,45.7111648921534,32.3857878107852
2.91885905717307,0.65013658636086,0.285630575336235,0.167996605984485,0.518287131666462,0.0230586471046359,-19.998,30.2,45.7693752841165,32.4156425633641
2.91708040589899,0.647989948418437,0.283310140195692,0.167995921598403,0.516077627639239,0.0230411937722661,-19.999,30.22,45.827232275446,32.4453111389344
2.91524364298806,0.645842294587985,0.280991192206603,0.167995700977396,0.513868013125765,0.0230238185160274,-20.002,30.26,45.8847603212847,32.474797044796
2.91353123751158,0.643693637698838,0.278673097838601,0.167996778099142,0.511658067153541,0.0230065204417915,-19.999,30.3,45.9420059994671,32.5041069936427
2.91167088922086,0.641543993960228,0.276357661166115,0.167996513753097,0.509448452640067,0.0229893055899987,-20.002,30.34,45.998836486072,32.5332410111384
2.90986508502585,0.639393379290648,0.274043021423351,0.167997549382002,0.507238506667843,0.0229721696805356,-20.002,30.38,46.0553889045231,32.562200007317
2.90809251203372,0.637241806697602,0.271730071996071,0.167998532141235,0.50502856069562,0.0229551162205078,-20,30.42,46.1115974888281,32.5909881462651
2.90626234823433,0.635089293435756,0.269419393329552,0.167998607076583,0.502818835695896,0.0229381478563045,-20,30.46,46.1674196536397,32.6196027359775
2.90444164778879,0.632935856471517,0.267110344593307,0.167998678186422,0.500609110696172,0.022921263868288,-19.999,30.5,46.2229027488344,32.6480421606203
2.90258487297448,0.630781511612703,0.264803203339563,0.167998316839422,0.498399496182698,0.0229044661212938,-19.999,30.54,46.2780264541638,32.6763064927805
2.90073673647686,0.628626274407071,0.262497636687234,0.167997973939472,0.496189881669224,0.0228877548345043,-19.998,30.56,46.3328154178435,32.7043961369625
2.89882888109311,0.626470160156191,0.260193923081849,0.167997219718208,0.493980377642001,0.0228711319422912,-19.999,30.58,46.3872492753146,32.7323115362925
2.89688241565203,0.624313183015411,0.257891426653213,0.167996932827161,0.491770763128527,0.0228545969286542,-20.001,30.6,46.4413749965951,32.7600546697065
2.89501046761955,0.622155354238197,0.255589822097778,0.16799751823538,0.489560927642553,0.0228381501759588,-19.999,30.62,46.4952166631168,32.787630951823
2.89310118243396,0.61999668758418,0.253290306920241,0.167997216104795,0.487351313129079,0.0228217962063736,-19.998,30.64,46.5486863050194,32.8150407963113
2.89115340925088,0.617837199254492,0.250992547086589,0.16799650057159,0.485141809101855,0.0228055354597719,-19.998,30.68,46.6018088158115,32.8422813103661
2.88916600262083,0.615676903404857,0.248696212172065,0.167995821566919,0.482932305074632,0.0227893684409143,-19.999,30.7,46.6546087623939,32.8693529750427
2.88711504692044,0.613515812178614,0.246400975302889,0.167995606052598,0.480722690561158,0.022773295721627,-20.002,30.72,46.7071104293213,32.8962588654828
2.88520354306205,0.611353934844867,0.244106209230944,0.16799668802033,0.478512744588934,0.0227573171466696,-19.998,30.76,46.7593602210869,32.9230053387808
2.88311739534881,0.609191285004437,0.241814028079462,0.167995999446253,0.47630324056171,0.0227414397755332,-20.001,30.8,46.8112027747917,32.9495908337624
2.88112396897267,0.607027876004681,0.239522270173476,0.167996632504303,0.474093405075737,0.0227256595714829,-19.999,30.84,46.8627976454921,32.9760151273236
2.8791126443513,0.604863719222655,0.237232442667981,0.167996375590989,0.471883790562263,0.022709982069862,-19.997,30.88,46.9140341358208,33.0022800941667
2.87699205922526,0.602698830299227,0.234944517963698,0.167995274140051,0.469674397021289,0.0226944088797583,-19.999,30.9,46.9649146950544,33.0283814823602
2.87489493642244,0.600533221045381,0.232657253434992,0.167995086572303,0.467464782507815,0.0226789385842064,-19.999,30.92,47.0155311453818,33.0543214089479
2.87277678362675,0.598366901312092,0.230371242591413,0.167994908580037,0.465255167994341,0.0226635745047316,-19.999,30.94,47.0658400779959,33.0801038729043
2.87059170256738,0.596199882570287,0.228086465191801,0.167994739674417,0.463045553480868,0.0226483184626498,-20.001,30.96,47.1158433626793,33.1057298013123
2.86847347585831,0.59403217431701,0.22580229358582,0.167995437044812,0.460835717994894,0.0226331708347062,-19.999,30.98,47.1655875883831,33.1312027037205
2.86628858994706,0.591863787694333,0.223519929897012,0.167995241160648,0.45862610348142,0.0226181366029817,-19.999,31,47.2149846445475,33.1565226920905
2.86408014633327,0.589694735433749,0.221238740767653,0.167995055276525,0.456416488967946,0.0226032162686615,-19.999,31.02,47.2640816460709,33.1816879135935
2.86187004986375,0.587525028282202,0.218958707234094,0.167994878881933,0.454206874454472,0.0225884119242545,-19.998,31.06,47.3128804049861,33.2066995210653
2.85961315873322,0.585354677707463,0.216680114506849,0.167994282665798,0.451997370427249,0.022573726467063,-19.998,31.1,47.3613603610231,33.2315573216486
2.85726289398051,0.583183694987309,0.214402637239471,0.167993716886968,0.449787866400025,0.0225591613953689,-20.001,31.12,47.4095459200318,33.2562614864342
2.8549967007645,0.581012087644922,0.212125345818526,0.16799446647147,0.447578030914051,0.022544716871693,-19.999,31.14,47.4575059348658,33.2808174126718
2.85261468714238,0.578839864885214,0.209849751231896,0.16799432013584,0.445368416400577,0.0225303989173676,-20.001,31.16,47.5051295914289,33.3052265495439
2.85029323286276,0.576667036634623,0.207574614179349,0.167995038924011,0.443158580914604,0.0225162071537678,-19.999,31.18,47.5525086762273,33.3294894631831
2.84789944445567,0.574493612678677,0.205301139178127,0.167994863364228,0.44094896640113,0.0225021469901841,-19.999,31.2,47.5995549838523,33.3536063575798
2.84554339498214,0.572319604414233,0.20302869522556,0.16799469676691,0.438739351887656,0.0224882196610786,-19.996,31.24,47.6463155364752,33.3775754412129
2.84302414090617,0.570145023958159,0.200758177278994,0.16799325219464,0.436530068832932,0.0224744299770408,-19.999,31.28,47.692724967242,33.4013940328765
2.84049346738336,0.567969880534161,0.198487736386003,0.1679931678488,0.434320454319458,0.0224607766470715,-20.001,31.3,47.7389199089147,33.4250644730359
2.83801854505404,0.565794178774369,0.19621766981901,0.167993945462133,0.432110618833485,0.0224472633514486,-19.999,31.32,47.7848788873711,33.4485945699696
2.83553411873032,0.563617927702976,0.19394918343868,0.167993825724441,0.429901004320011,0.0224338958396225,-19.996,31.34,47.8305136610395,33.47198417707
2.83290536312656,0.561441140650812,0.19168255916804,0.167992425619576,0.427691721265287,0.0224206778764822,-19.998,31.36,47.8758041245794,33.4952273539275
2.83028419623441,0.559263827151283,0.189416252954281,0.16799195464442,0.425482217238063,0.0224076094046705,-19.998,31.38,47.9208645118847,33.5183250033112
2.82755909727763,0.557085993925059,0.187150863830574,0.167991507712917,0.423272713210839,0.0223946951244532,-20.001,31.4,47.9656511930583,33.5412813507917
2.82490563618292,0.554907646680285,0.184885465386231,0.167992370077497,0.421062877724866,0.0223819366202934,-19.999,31.4,48.0102329142639,33.5641013476692
2.82219233565898,0.552728792836138,0.182621571760169,0.167992330764433,0.418853263211392,0.0223693406995659,-19.998,31.42,48.0544987510638,33.5867860838003
2.81941713578628,0.550549443245169,0.180358858356286,0.167991864631707,0.416643759184168,0.0223569104248603,-19.998,31.44,48.0984732823358,33.609331961085
2.81657793424202,0.548369606800873,0.178097004035353,0.167991422295424,0.414434255156944,0.0223446490177699,-19.999,31.48,48.1421807562815,33.6317388762478
2.81371724617595,0.54618929046932,0.175835691059203,0.167991431367382,0.41222464064347,0.0223325598649617,-19.999,31.52,48.1856451360652,33.6540094139392
2.81083448189956,0.544008501108948,0.173575212771799,0.16799143997621,0.410015026129997,0.0223206477068015,-19.998,31.56,48.228845405178,33.6761456413928
2.80781744675836,0.541827247251302,0.171315859564804,0.167991019318926,0.407805522102773,0.0223089173883139,-20.001,31.58,48.2717608158975,33.6981468599851
2.80486200547288,0.539645534602329,0.169056399585305,0.167991906616404,0.405595686616799,0.0222973709987469,-19.999,31.62,48.3144826778859,33.7200166980032
2.8018147256264,0.537463369689546,0.166798348545612,0.167991890963394,0.403386072103325,0.0222860159959469,-19.999,31.64,48.3568999877268,33.7417564034389
2.79869454356936,0.535280761593899,0.164541079529623,0.167991876109484,0.401176457589851,0.0222748559274846,-20,31.66,48.3990596117402,33.763363783382
2.79563247543538,0.533097716576383,0.162284276043319,0.167992290840502,0.398966732590128,0.0222638951213212,-19.996,31.68,48.4409854774295,33.7848409889416
2.79234168571032,0.5309142443791,0.160029448126677,0.167990969092673,0.396757449535404,0.0222531413070991,-20,31.7,48.4825670732446,33.8061845830626
2.78910256821258,0.528730351879651,0.157774140074909,0.167991430127615,0.39454772453568,0.0222425953879792,-19.999,31.7,48.5239858670123,33.8273965178449
2.78578411837868,0.526546043200296,0.155519871844551,0.167991438799734,0.392338110022206,0.0222322654289419,-19.999,31.72,48.5651305000923,33.8484814826166
2.78227229756771,0.524361325949896,0.153266324563193,0.167991447029135,0.390128495508732,0.0222221564601051,-20.005,31.74,48.6060251517413,33.869438636619
2.77887063116047,0.522176201358936,0.151011663382941,0.167994027798172,0.387918218077759,0.0222122713013648,-20.003,31.76,48.6468055500363,33.8902764364272
2.77545081576217,0.519990672455748,0.14875832652895,0.167995619163663,0.385708161619285,0.0222026199211908,-19.999,31.78,48.6872927749898,33.9109983196853
2.77187914505151,0.517804751124436,0.146506903923187,0.167995413982188,0.383498547105811,0.022193209325117,-19.999,31.8,48.727444258678,33.9315950463749
2.76817169560365,0.515618447258877,0.144256156322874,0.167995219275389,0.381288932592337,0.022184043909846,-20.002,31.82,48.7673520226246,33.952062479816
2.76456705509987,0.513431764352198,0.142005161225859,0.167996320988402,0.379078986620114,0.0221751289209235,-19.997,31.84,48.8070845972511,33.9724062189605
2.76073749893324,0.511244710327337,0.139756348220458,0.167995222324969,0.37686959307914,0.0221664746695769,-19.999,31.88,48.8464637518007,33.9926239624246
2.7568065507619,0.509057293834939,0.137507563919345,0.167995037402423,0.374659978565666,0.0221580850792486,-20.002,31.92,48.885648790126,34.0127136869287
2.75292533544659,0.506869516265148,0.135258500423417,0.167996148400195,0.372450032593442,0.0221499670781003,-19.999,31.94,48.9246629494892,34.0326835812217
2.74889725835284,0.504681383462197,0.133010980096787,0.167995916200777,0.370240418079968,0.0221421305913082,-19.999,31.94,48.9633727175357,34.0525335466487
2.74469399112019,0.502492903829938,0.130764071772024,0.167995695855323,0.368030803566494,0.02213458212049,-20.003,31.96,49.0018474379657,34.0722604484577
2.74055152344005,0.500304079390694,0.128516550096199,0.16799720206518,0.365820747108021,0.0221273282440634,-20,31.96,49.0401779763675,34.0918707557532
2.73627417299943,0.498114914836504,0.126270544912642,0.16799734490196,0.363611022108297,0.0221203797912061,-19.999,31.98,49.0782081717918,34.111365299512
2.73187823434428,0.495925419221473,0.124025429352617,0.167997051620183,0.361401407594823,0.0221137445193862,-19.999,32.02,49.1159850048001,34.1307391808393
2.72738078514473,0.493735598780185,0.121780886968708,0.167996773310673,0.359191793081349,0.0221074309016056,-19.999,32.06,49.1535324804668,34.1499924538696
2.72282180746775,0.491545458757068,0.119536908506796,0.167996509209083,0.356982178567875,0.0221014480607517,-19.997,32.06,49.1908519585287,34.1691265085513
2.71806640904062,0.489355006100552,0.117294092598153,0.167995400936835,0.354772785026902,0.022095805971156,-19.999,32.08,49.2279000716818,34.1881399965887
2.71317186269567,0.487164245848528,0.115051208568691,0.167995206896012,0.352563170513428,0.0220905132452758,-20.002,32.1,49.2647681247493,34.2070348439523
2.70828666566727,0.484973178505215,0.11280795008258,0.167996309241002,0.350353224541204,0.0220855798188422,-19.999,32.12,49.3014792934992,34.2258187160356
2.70319140513874,0.48278180904322,0.110566141041968,0.167996068830535,0.34814361002773,0.0220810175752863,-20,32.12,49.3378999990508,34.2444910994901
2.69792019310498,0.480590144114509,0.108324547924636,0.167996269519837,0.345933885028006,0.0220768362969141,-20.003,32.14,49.3741218796754,34.2630498196894
2.69270760833687,0.478398184916975,0.106082557724615,0.167997746443668,0.343723828569533,0.0220730467913644,-19.997,32.14,49.4101907504271,34.2815006725173
2.68718274129183,0.476205938899219,0.103842906313326,0.16799657500962,0.341514435028559,0.0220696621520324,-19.999,32.14,49.4459059232379,34.299839012836
2.68155022623212,0.474013414240363,0.101603135689363,0.167996321031455,0.339304820515085,0.022066692762117,-19.999,32.16,49.4814492216401,34.3180611041218
2.67580542005479,0.471820613660164,0.099363851945758,0.167996080019075,0.337095206001611,0.0220641512336083,-19.997,32.2,49.5167766538653,34.336171111797
2.66978891260361,0.469627543402137,0.0971256549576452,0.167994993657316,0.334885812460637,0.022062050414737,-20,32.24,49.5518447889914,34.3541674474546
2.66368503532153,0.467434206916305,0.0948870114067277,0.167995249235059,0.332676087460914,0.0220604028948246,-19.999,32.28,49.5867672312053,34.3720531335898
2.65742420996882,0.465240606726845,0.092649138623354,0.167995062938731,0.33046647294744,0.0220592225877277,-19.997,32.3,49.6214550139929,34.3898313970028
2.65082231491954,0.463046749769514,0.0904123298150533,0.167994028499726,0.328257079406466,0.0220585234102671,-20.002,32.32,49.6558873425718,34.4074988464619
2.64416918287958,0.46085263749722,0.088174444295349,0.167995191002776,0.326047133434242,0.0220583196577921,-20,32.34,49.6902225406565,34.4250608780661
2.63726540391875,0.458658271373291,0.0859376176048392,0.167995436505878,0.323837408434518,0.0220586264240371,-20,32.36,49.7243040293184,34.4425210299701
2.63014137293644,0.456463657275242,0.0837012284800732,0.167995669475852,0.321627683434795,0.0220594590690144,-20,32.38,49.758178392369,34.4598764667022
2.62271911877882,0.454268799206697,0.0814652698564077,0.167995890552526,0.319417958435071,0.0220608335093959,-20.003,32.4,49.7918469039355,34.4771275166654
2.6151359958044,0.452073698423627,0.0792288231792938,0.167997386822938,0.317207901976597,0.0220627665225657,-20.002,32.4,49.8253779281755,34.494278448289
2.60740634572916,0.449878357070579,0.0769931064489598,0.167998377880939,0.314997956004373,0.0220652748012598,-19.996,32.42,49.8586825048328,34.5113310669428
2.59919239841773,0.447682785287162,0.0747596290039555,0.167996745384894,0.31278867294965,0.0220683749661144,-20,32.44,49.8916503869547,34.5282757124035
2.59077197096399,0.445486988553391,0.0725253267134133,0.167996911535562,0.310578947949926,0.022072086611921,-20,32.46,49.9245079685752,34.5451120966824
2.58206811942686,0.443290966943169,0.0702914212313441,0.167997069204108,0.308369222950202,0.0220764279152265,-19.999,32.48,49.9571658984046,34.5618468100734
2.57299799687864,0.441094724981538,0.0680582100191331,0.167996789996924,0.306159608436728,0.0220814179677227,-20,32.5,49.989603031649,34.5784790403766
2.56362680195743,0.438898266221305,0.0658250759154235,0.167996953870113,0.303949883437004,0.0220870772667277,-19.999,32.5,50.0218655567837,34.5950097024881
2.55387029792249,0.436701594167594,0.0635926236274138,0.167996680550821,0.301740268923531,0.0220934259056671,-19.999,32.52,50.0539096720509,34.6114394234666
2.54370351333546,0.434504713153599,0.0613605400628126,0.167996421184694,0.299530654410057,0.0221004854932868,-20,32.54,50.0857591900534,34.6277677497986
2.5331434951994,0.432307625658713,0.0591285154004699,0.167996603886038,0.297320929410333,0.0221082784873005,-20,32.56,50.1174376396066,34.6439969452606
2.52216455170099,0.43011033412714,0.0568968507735412,0.167996777260335,0.295111204410609,0.0221168273354177,-19.999,32.56,50.1489235691753,34.6601287791088
2.51069443608516,0.427912842747457,0.0546658442371246,0.167996512957111,0.292901589897135,0.0221261550882278,-19.999,32.56,50.1801957978286,34.6761622726437
