3.81464915323071,1,1,0,1,0.0285000228600812,-12.5,18.8
3.80511277640146,0.999988820773541,0.996201650139362,0.00536033282060466,0.998618921875173,0.0284792441339361,-12.501,18.8
3.79594423023595,0.999955523182833,0.992442024060836,0.0104474452492859,0.997237733264095,0.0284584991506951,-12.501,18.7
3.78718556318922,0.999900463446672,0.98872079864033,0.0152748565759332,0.995856544653018,0.0284377895139766,-12.498,18.7
3.77856830553734,0.999823995605091,0.985038265490512,0.0198545382667722,0.99447568750069,0.0284171201210085,-12.501,18.8
3.77035811121047,0.999726465284504,0.981391982055476,0.024201710074866,0.993094498889613,0.0283964809890221,-12.5,18.7
3.76237419036721,0.999608210771426,0.977782573192056,0.0283265265066225,0.991713420764786,0.0283758786706999,-12.501,18.7
3.75468746499846,0.999469566659948,0.974208837595981,0.0322411966326416,0.990332232153708,0.0283553098100036,-12.501,18.7
3.74728653412808,0.999310861257367,0.970670501394725,0.0359560197609622,0.988951043542631,0.0283347759969593,-12.5,18.8
3.74013223725248,0.999132419354189,0.967167296921363,0.039480769411824,0.987569965417804,0.0283142788104853,-12.499,18.8
3.73318527708604,0.998934561386567,0.963698658746388,0.0428251489861752,0.986188997779226,0.0282938181828546,-12.499,18.7
3.72646277211726,0.99871760172277,0.960263726701352,0.0459987953453173,0.984808030140649,0.0282733924136758,-12.499,18.7
3.71998303780683,0.998481848765988,0.956861956589658,0.0490104245545555,0.983427062502071,0.0282530014438368,-12.498,18.8
3.71365259750018,0.998227606834479,0.953493116868938,0.0518678788905607,0.982046205349744,0.0282326468415718,-12.499,18.8
3.7075739085064,0.997955174434002,0.950156069915016,0.054579886755471,0.980665237711167,0.028212325290727,-12.498,18.8
3.70162701644338,0.997664845260523,0.946850908375319,0.0571530156531078,0.979284380558839,0.0281920399842259,-12.499,18.7
3.69583054855148,0.99735690825851,0.943576511497169,0.059595213117545,0.977903412920262,0.0281717876172151,-12.501,18.8
3.69031684548279,0.997031645033993,0.940332076923125,0.0619135921283477,0.976522224309184,0.0281515665232208,-12.499,18.8
3.68485621023468,0.996689335334232,0.937118332806176,0.0641127584087351,0.975141256670607,0.0281313831139898,-12.501,18.8
3.67966373056707,0.996330254370517,0.933933571734482,0.0662005131691289,0.97376006805953,0.0281112308719217,-12.499,18.8
3.67456689191118,0.99595467293012,0.93077853767149,0.0681808287489997,0.972379100420952,0.0280911161869433,-12.499,18.9
3.66961403873104,0.995562859197682,0.92765214649653,0.0700600476565093,0.970998132782375,0.0280710357740424,-12.499,18.9
3.66479907807401,0.995155075248915,0.924553935760718,0.0718433309565234,0.969617165143797,0.0280509895751627,-12.499,18.9
3.66014423554714,0.994731578928233,0.921483450481563,0.0735355762374756,0.96823619750522,0.0280309775323529,-12.498,18.9
3.65550459204745,0.994292624811407,0.918440546890404,0.0751410022354212,0.966855340352893,0.0280110011847684,-12.501,18.9
3.65112409908259,0.993838460676142,0.915423565983665,0.0766657564497405,0.965474151741815,0.0279910540893855,-12.499,19
3.64683332041736,0.993369331213386,0.912433603219483,0.0781118131054907,0.964093184103238,0.0279711441708476,-12.498,19.1
3.64262674194007,0.992885480716627,0.909469922080711,0.0794836186017364,0.96271232695091,0.0279512697664735,-12.498,19
3.63844324196332,0.992387147751317,0.906531796157682,0.080785392345363,0.961331469798583,0.027931429224572,-12.501,19.1
3.63452768303928,0.991874563458678,0.903617901249034,0.0820219959924574,0.959950281187506,0.0279116177375124,-12.498,19.2
3.63060105226393,0.99134795794561,0.900729663993465,0.0831941835680976,0.958569424035178,0.0278918447568345,-12.499,19.2
3.62679601855718,0.990807559363505,0.89786546001925,0.0843069588700435,0.957188456396601,0.0278721038889605,-12.499,19.2
3.62310949380568,0.990253589516517,0.895025203385283,0.0853629261151038,0.955807488758023,0.0278523966603258,-12.498,19.2
3.6193715371254,0.989686268411534,0.892208811321837,0.0863645565727653,0.954426631605696,0.0278327245867052,-12.502,19.3
3.61593695945637,0.989105808921171,0.889414380971437,0.0873167683120121,0.953045332508369,0.0278130797532844,-12.498,19.4
3.61239095097678,0.988512423188354,0.88664398156354,0.0882186535843939,0.951664475356041,0.0277934746740527,-12.501,19.4
3.60900340611432,0.987906320786515,0.883895105170072,0.0890757833821197,0.950283286744964,0.0277738983077883,-12.501,19.4
3.60574563326555,0.987287704361976,0.881168310547316,0.0898891560275952,0.948902098133887,0.0277543553079696,-12.499,19.4
3.6025051466564,0.986656777746441,0.878463848913774,0.0906601477047059,0.947521130495309,0.0277348487368325,-12.499,19.5
3.59930556976271,0.986013741471005,0.875780755527657,0.0913917796485668,0.946140162856732,0.0277153754088083,-12.5,19.6
3.59617134212095,0.985358790155787,0.87311838152357,0.0920864900312317,0.944759084731905,0.0276959337137206,-12.501,19.6
3.59318303463455,0.984692114389198,0.870476390596413,0.092746163727522,0.943377896120827,0.0276765236034533,-12.499,19.6
3.59014665459674,0.984013904365556,0.867855363474809,0.0933713029080362,0.94199692848225,0.0276571496761177,-12.501,19.7
3.58722309661936,0.983324346299568,0.865253749786918,0.0939653858935468,0.940615739871172,0.0276378056756895,-12.501,19.8
3.58441154780948,0.982623621630126,0.862671840264747,0.0945291404740537,0.939234551260095,0.0276184946491159,-12.499,19.8
3.58154563706309,0.981911912434406,0.860109924514015,0.095063257285303,0.937853583621518,0.0275992196223485,-12.501,19.8
3.57884136843403,0.981189396051531,0.857566467824399,0.0955709646652952,0.93647239501044,0.0275799743713283,-12.499,19.9
3.57613413075074,0.980456246976784,0.855042384072547,0.0960518955298244,0.935091427371863,0.0275607649986031,-12.499,20
3.57342075905698,0.979712638657483,0.852536756307679,0.0965082744943767,0.933710459733285,0.0275415883672245,-12.501,20.1
3.57080831510281,0.978958738172908,0.850048678815816,0.0969422126060629,0.932329271122208,0.0275224413613061,-12.501,20.1
3.56829648724051,0.978194709914467,0.847578472410311,0.0973539978348711,0.930948082511131,0.0275033269968289,-12.499,20.1
3.5656925874892,0.977420719187087,0.845126456292554,0.0977439034496946,0.929567114872553,0.027484248268991,-12.502,20.3
3.56332139639683,0.976636925934102,0.842690821002072,0.0981151905552133,0.928185815775226,0.0274651974946663,-12.498,20.3
3.56088414427056,0.97584348932938,0.840273423789415,0.0984658078546334,0.926804958622898,0.0274461852818738,-12.498,20.3
3.55840417823553,0.975040568626012,0.837872761858187,0.0987985258643625,0.925424101470571,0.0274272054754569,-12.501,20.4
3.55609750164575,0.974228314264889,0.83548765340778,0.0991155448371347,0.924042912859494,0.0274082534765998,-12.499,20.5
3.55377440660785,0.973406876061174,0.833119361310544,0.0994155220880413,0.922661945220916,0.0273893368148873,-12.499,20.6
3.55148706899773,0.972576404070036,0.830767009892604,0.0997001852636767,0.921280977582339,0.0273704524012742,-12.499,20.6
3.54923431514952,0.971737044144954,0.828430341786429,0.0999703161596629,0.919900009943762,0.0273516001814856,-12.499,20.6
3.54696035433913,0.970888939784557,0.826109103779775,0.100226656660338,0.918519042305184,0.0273327801013523,-12.501,20.7
3.5449086527637,0.970032230381963,0.823802439012613,0.100470768429513,0.917137853694107,0.0273139891030557,-12.496,20.8
3.54267327938451,0.96916705756111,0.82151223570343,0.100700273967195,0.91575721751428,0.0272952376432206,-12.499,20.9
3.54049347991805,0.968293559731161,0.819235806051826,0.100919349546029,0.914376249875702,0.0272765136555392,-12.501,20.9
3.53845079759911,0.967411866844963,0.816973226194032,0.101128098797015,0.912995061264625,0.027257818603481,-12.499,21
3.53632901075759,0.966522111224082,0.814725484424835,0.101325333580832,0.911614093626047,0.0272391584153374,-12.501,21.1
3.53428795833589,0.965624423034353,0.812491129274117,0.101513357026614,0.91023290501497,0.0272205270658187,-12.501,21.1
3.53232812476194,0.964718928570721,0.810270548778806,0.101691781727182,0.908851716403893,0.0272019274898901,-12.499,21.1
3.53036842110326,0.963805755656731,0.808064128278523,0.1018602400528,0.907470748765315,0.0271833626022908,-12.498,21.2
3.5284073779469,0.962885030936834,0.805871338855157,0.102019669621394,0.906089891612988,0.0271648308530856,-12.498,21.3
3.52638929303628,0.961956877226929,0.803691658346322,0.102170960184759,0.90470903446066,0.0271463307026028,-12.501,21.4
3.52452856640206,0.961021411787497,0.801523963500297,0.102315813725408,0.903327845849583,0.0271278576684637,-12.499,21.4
3.52258377605085,0.960078751789004,0.799369574793035,0.102452414725299,0.901946878211006,0.0271094190901789,-12.501,21.4
3.52076839340628,0.959129013380303,0.79722706548825,0.102582899789651,0.900565689599928,0.0270910090141277,-12.499,21.5
3.51886778563213,0.958172310854341,0.795097455693351,0.102705865835294,0.899184721961351,0.027072633278378,-12.501,21.6
3.51709518358153,0.957208756639413,0.79297932523721,0.102823412020567,0.897803533350274,0.0270542859496355,-12.499,21.6
3.51523629110209,0.956238461367977,0.790873700686395,0.102934099727114,0.896422565711696,0.0270359728461061,-12.501,21.7
3.51345005970194,0.955261533866936,0.788779168224656,0.103039994392186,0.895041377100619,0.0270176880547552,-12.501,21.8
3.51173725658497,0.95427807943683,0.786696152934856,0.103140483051079,0.893660188489542,0.0269994344561446,-12.499,21.9
3.50999068841735,0.953288205245758,0.784625076604431,0.103234984031423,0.892279220850964,0.0269812149109835,-12.499,21.9
3.50818156554835,0.952292016721879,0.782565142306637,0.10332466066218,0.890898253212387,0.0269630264444072,-12.502,21.9
3.50649611892274,0.951289613129165,0.780515258545711,0.103411045710081,0.889516954115059,0.0269448646500812,-12.501,22
3.50485569387669,0.950281093037796,0.778476473172865,0.103492591906523,0.888135765503982,0.0269267352944609,-12.499,22.1
3.50317970766637,0.949266557878838,0.776448912652783,0.103569117452064,0.886754797865405,0.0269086397649126,-12.499,22.2
3.50152018740703,0.948246106546538,0.77443179158821,0.103641736308144,0.885373830226827,0.0268905751069019,-12.499,22.2
3.49987670792991,0.947219834559469,0.77242494143069,0.103710647914342,0.88399286258825,0.0268725412689462,-12.499,22.3
3.49819514970409,0.946187835894024,0.770428196353039,0.103776041528689,0.882611894949673,0.026854538199673,-12.501,22.5
3.4966348793605,0.945150201220639,0.768440785469428,0.103838954400694,0.881230706338595,0.0268365629744687,-12.499,22.5
3.49503716557186,0.944107021544201,0.766463769980495,0.103897797867708,0.879849738700018,0.0268186212937869,-12.499,22.5
3.49340032915971,0.943058388169612,0.764496377880858,0.103953637329317,0.87846877106144,0.0268007102283246,-12.501,22.6
3.49188345555078,0.942004387359954,0.762537846061743,0.104007483795618,0.877087582450363,0.0267828268684862,-12.499,22.7
3.49032816795051,0.940945105783915,0.760589243375276,0.104057723704091,0.875706614811786,0.0267649768856641,-12.499,22.8
3.48873282527633,0.939880630480209,0.758649805344031,0.104105398825608,0.874325647173208,0.0267471573655995,-12.501,22.7
3.48720276991483,0.938811043514609,0.756718776265645,0.104151497747819,0.872944458562131,0.0267293654136442,-12.501,22.8
3.48573899212877,0.937736425637585,0.754796624543103,0.10419524328369,0.871563269951054,0.02671160383308,-12.499,22.9
3.48420896797193,0.936656859863538,0.752883814584542,0.104235897922198,0.870182302312476,0.026693875407866,-12.5,23
3.48277053275179,0.935572426962559,0.750979287527807,0.104274905935969,0.868801224187649,0.0266761758289364,-12.498,23
3.48123869283517,0.934483206415197,0.749083819462842,0.104311064906617,0.867420367035321,0.0266585092904203,-12.5,23
3.47977046896434,0.933389275509904,0.747196052224954,0.104346235586544,0.866039288910494,0.0266408700880875,-12.5,23.2
3.47828702573789,0.932290708517966,0.745316465650051,0.104379610775519,0.864658210785667,0.0266232610015267,-12.501,23.2
3.47684069168626,0.931187579396194,0.743444623790641,0.104411710961397,0.863277022174589,0.0266056805758066,-12.501,23.2
3.47543186443231,0.930079960912181,0.741580703689886,0.104442172407467,0.861895833563512,0.0265881301711506,-12.5,23.3
3.47400778070026,0.928967926442501,0.739724881316369,0.104470649946062,0.860514755438684,0.0265706111382917,-12.5,23.4
3.47259410767321,0.927851548174199,0.737876723845456,0.10449767368385,0.859133677313857,0.0265531220226459,-12.5,23.4
3.4711640803342,0.926730896239338,0.736036107524766,0.104523317838508,0.85775259918903,0.0265356627748655,-12.501,23.4
3.46982292702012,0.925606038743336,0.734202606731951,0.104548081665469,0.856371410577952,0.0265182319525569,-12.499,23.5
3.4683868164737,0.924477044485545,0.732377016404593,0.10457072362628,0.854990442939375,0.0265008336860954,-12.501,23.6
3.46709135194782,0.923343980245669,0.730557996921334,0.104593067350384,0.853609254328297,0.0264834623585896,-12.498,23.7
3.46570129238468,0.92220691263893,0.728746957966,0.10461298392987,0.85222839717597,0.0264661248655839,-12.499,23.7
3.46437257130118,0.921065908075167,0.726942560569886,0.104632312578891,0.850847429537393,0.0264488156023262,-12.498,23.8
3.46297410750932,0.919921030122688,0.725145303454968,0.104650225658507,0.849466572385065,0.0264315372899016,-12.5,23.9
3.46168872866603,0.918772340419455,0.72335416151892,0.104668081914531,0.848085494260238,0.0264142857358893,-12.498,24
3.46030760937906,0.917619900517123,0.721570247934441,0.104684168941349,0.84670463710791,0.0263970664124054,-12.5,24
3.45898632180197,0.916463770954214,0.719792234093128,0.10470029236601,0.845323558983083,0.026379873760114,-12.5,24.1
3.45772598568009,0.915304009522518,0.718020628909984,0.104715592677125,0.843942480858255,0.0263627104887492,-12.498,24.2
3.45634325221598,0.914140676648433,0.716255936651085,0.104729254242038,0.842561623705928,0.0263455792893647,-12.501,24.3
3.45504544038648,0.912973829090058,0.714496529932716,0.104743504853163,0.841180435094851,0.0263284732639931,-12.501,24.3
3.45378170283311,0.911803520924634,0.712743229670538,0.10475702795935,0.839799246483774,0.0263113964805006,-12.5,24.3
3.4524736184828,0.910629808919143,0.710996241141787,0.104769431873674,0.838418168358946,0.0262943502537451,-12.501,24.4
3.45125116011596,0.909452748024867,0.709254856489303,0.104781631385013,0.837036979747869,0.0262773318087846,-12.499,24.5
3.44998475777363,0.908272393209898,0.707519895056784,0.104792350448424,0.835656012109291,0.0262603451788139,-12.499,24.6
3.44875171098645,0.90708879943467,0.70579064897092,0.104802522295194,0.834275044470714,0.0262433875914956,-12.498,24.7
3.44747381914521,0.905902019887605,0.70406732982354,0.104811746034537,0.832894187318387,0.0262264603529192,-12.499,24.8
3.44617589709025,0.904712105999201,0.702349235970127,0.104820927721337,0.831513219679809,0.0262095607072765,-12.501,24.9
3.4449881862088,0.903519105696259,0.700635977394758,0.104830498329035,0.830132031068732,0.0261926872660064,-12.499,24.9
3.44375601995826,0.902323068819638,0.698928687934554,0.104838722696409,0.828751063430154,0.0261758453814097,-12.499,24.9
3.44247798690779,0.901124046174821,0.697226667047877,0.104846527203342,0.827370095791577,0.0261590323050085,-12.501,25
3.44130958581754,0.899922084179344,0.695529221935891,0.104854790937292,0.8259889071805,0.026142245306895,-12.499,25.1
3.44001808207726,0.898717230299673,0.693837490625484,0.104861775147853,0.824607939541922,0.026125489712103,-12.502,25.2
3.43883520633465,0.897509530322216,0.692149865093174,0.104869689288834,0.823226640444595,0.0261087587750445,-12.501,25.2
3.43768510631645,0.896299028424003,0.690467489170262,0.10487677058005,0.821845451833518,0.0260920578095182,-12.499,25.3
3.43649003095814,0.895085772521144,0.688790583751897,0.104882632712512,0.82046448419494,0.0260753880952082,-12.499,25.3
3.43530070614935,0.893869808856951,0.687118456346674,0.104888195578488,0.819083516556363,0.0260587469120504,-12.499,25.4
3.43411702588343,0.892651181149125,0.685451029811994,0.104893474455768,0.817702548917785,0.026042134214346,-12.499,25.5
3.43293888652585,0.89142993240953,0.683788228250749,0.1048984838422,0.816321581279208,0.0260255499565333,-12.499,25.6
3.43176618674178,0.890206104955588,0.682129976991218,0.104903237495502,0.814940613640631,0.0260089940931885,-12.499,25.6
3.4305988274265,0.888979740421494,0.680476202567277,0.104907748471054,0.813559646002053,0.0259924665790269,-12.499,25.7
3.42943671163843,0.887750879769245,0.678826832698938,0.104912029157746,0.812178678363476,0.0259759673689037,-12.499,25.7
3.42827974453463,0.886519563299492,0.677181796273196,0.104916091312006,0.810797710724898,0.0259594964178153,-12.499,25.8
3.42712783330872,0.88528583066222,0.67554102332519,0.104919946090087,0.809416743086321,0.0259430536809,-12.499,25.9
3.4259808871311,0.88404972086725,0.673904445019665,0.104923604078707,0.808035775447744,0.0259266391134394,-12.499,25.9
3.4248388170913,0.882811272294578,0.672271993632734,0.104927075324122,0.806654807809166,0.0259102526708595,-12.499,26
3.42372743003684,0.881570522704542,0.670643602533933,0.10493036935972,0.805273840170589,0.0258938943087318,-12.498,26
3.42259549843807,0.880327510142166,0.669019510036559,0.104933066405578,0.803892983018261,0.0258775652881848,-12.498,26.1
3.42146816225759,0.879082272033383,0.667399344654121,0.104935625765117,0.802512125865934,0.0258612642551986,-12.498,26.2
3.42031949591077,0.877834844310375,0.665783042982053,0.104938054467332,0.801131268713607,0.0258449911657989,-12.499,26.2
3.41922629434931,0.876585261430848,0.664170238771486,0.10494078800901,0.799750301075029,0.0258287446774537,-12.498,26.3
3.41808647940409,0.875333558195356,0.662561481506891,0.104942953174603,0.798369443922702,0.0258125273461335,-12.499,26.4
3.41692452131082,0.874079768832905,0.660956099896848,0.104945436633411,0.796988476284124,0.0257963365331232,-12.501,26.5
3.41586865990592,0.872823924346529,0.659353733788474,0.104948650962939,0.795607287673047,0.025780170909682,-12.499,26.5
3.41476673345308,0.87156605792656,0.657755546399781,0.104950843545157,0.794226320034469,0.0257640356051697,-12.499,26.5
3.41364314181291,0.870306203996782,0.656160866095657,0.104952924194325,0.792845352395892,0.0257479279880098,-12.5,26.6
3.41257439812654,0.869044393751858,0.654569332385074,0.104955327451336,0.791464274271065,0.025731846729902,-12.499,26.7
3.41145881674265,0.867780658781982,0.652981500417382,0.104957179193556,0.790083306632487,0.0257157943611004,-12.5,26.7
3.41037218040922,0.866515030157634,0.65139670447458,0.104959365229501,0.78870222850766,0.0256997682704304,-12.5,26.8
3.40931505790068,0.865247537562991,0.649815197623195,0.104961439666586,0.787321150382832,0.0256837697008578,-12.499,27
3.40821098947377,0.863978211986808,0.648237230627749,0.104962979375396,0.785940182744255,0.0256677998867068,-12.5,27
3.40716127086243,0.862707083018337,0.64666214038396,0.104964869307483,0.784559104619428,0.0256518562305065,-12.499,27
3.4060901766693,0.861434179778781,0.645090486397862,0.10496623393042,0.78317813698085,0.0256359412413181,-12.499,27.1
3.40499700841515,0.860159531803831,0.64352191110579,0.10496752888828,0.781797169342273,0.025620053600801,-12.5,27.2
3.4039579077228,0.858883166368479,0.641956060933222,0.104969186564146,0.780416091217446,0.0256041919995382,-12.499,27.3
3.40292288285029,0.857605111206528,0.640393497834347,0.104970330787725,0.779035123578868,0.025588358933976,-12.498,27.3
3.40181513123686,0.856325395383009,0.63883417052211,0.104970987771162,0.777654266426541,0.0255725543563429,-12.5,27.3
3.40078608205802,0.855044044810674,0.637277116933539,0.104972468868329,0.776273188301714,0.0255567744351417,-12.499,27.4
3.39973539415367,0.853761084998423,0.635723208394907,0.10497344552769,0.774892220663136,0.0255410229199371,-12.499,27.5
3.39866237635689,0.852476542817464,0.634172092044194,0.104974372327821,0.773511253024559,0.025525298506552,-12.5,27.5
3.39761738399369,0.851190442921324,0.632623418932615,0.1049756806407,0.772130174899731,0.0255095998996653,-12.5,27.5
3.39660099737018,0.849902809570331,0.631077451697418,0.104976922163175,0.770749096774904,0.0254939283180751,-12.499,27.7
3.39561377147618,0.848613668416956,0.629534450519327,0.104977671478322,0.769368129136327,0.0254782849721182,-12.497,27.8
3.39452892387081,0.847323046483342,0.627994673162194,0.104977524887089,0.767987382470249,0.0254626710637047,-12.499,27.8
3.39347115437026,0.846030967667497,0.626456855672087,0.104978243432705,0.766606414831672,0.0254470815554262,-12.5,27.9
3.39244107366079,0.84473745281793,0.624921266706618,0.104979354122626,0.765225336706844,0.0254315176646532,-12.5,27.9
3.39141384977777,0.843442524230379,0.623388172369675,0.104980408110951,0.763844258582017,0.0254159806003368,-12.5,28
3.39041483349101,0.842146204730111,0.621857532384656,0.104981408292341,0.76246318045719,0.0254004703232891,-12.499,28
3.38936842922807,0.840848517668209,0.620329610993228,0.104981928587055,0.761082212818612,0.0253849880321357,-12.5,28.1
3.38834945645568,0.839549485119569,0.61880375835066,0.10498285114694,0.759701134693785,0.0253695312107286,-12.5,28.2
3.38735850201397,0.838249127918018,0.61728024314047,0.104983726609416,0.758320056568957,0.0253541010602385,-12.499,28.3
3.38632011124422,0.836947468344854,0.615759331492029,0.104984128552215,0.75693908893038,0.0253386987735086,-12.5,28.3
3.38530896798151,0.835644527422456,0.614240375417834,0.104984938802143,0.755558010805553,0.025323321847814,-12.5,28.4
3.38424973706817,0.834340324949133,0.612723645428644,0.104985707688174,0.754176932680725,0.0253079714785489,-12.502,28.5
3.38329291495078,0.833034879504363,0.611208497847604,0.104987294975217,0.752795633583398,0.0252926451782797,-12.5,28.6
3.38228927357393,0.83172821116601,0.609696119030494,0.104987943576754,0.75141455545857,0.0252773478131134,-12.5,28.6
3.38131328959903,0.830420341457093,0.608185860106402,0.10498855906667,0.750033477333743,0.0252620768918146,-12.499,28.6
3.38031503461992,0.829111290668473,0.606677990716945,0.104988714308715,0.748652509695166,0.025246833595813,-12.499,28.7
3.37934429850049,0.827801078758571,0.605172170198146,0.104988861625531,0.747271542056588,0.0252316166655369,-12.498,28.8
3.37830078308981,0.826489725368412,0.6036686693383,0.104988572595082,0.745890684904261,0.0252164272786671,-12.5,28.8
3.37735901239269,0.825177248028393,0.602166540865618,0.104989155973117,0.744509606779433,0.0252012617559442,-12.498,28.8
3.37637030968106,0.823863664894735,0.600666974526738,0.104988851915991,0.743128749627106,0.0251861249141942,-12.498,28.9
3.37533337263045,0.82254899559984,0.59916932478686,0.104988563381222,0.741747892474779,0.0251710142889328,-12.5,28.9
3.37442304303489,0.821233255891461,0.597672952965883,0.104989147229631,0.740366814349951,0.0251559274326987,-12.497,29
3.37336581854032,0.819916463955796,0.596179354203654,0.104988414792242,0.738986067683874,0.0251408703416805,-12.5,29
3.37238408025541,0.818598636766882,0.594686665871803,0.104989006226236,0.737604989559046,0.0251258357515651,-12.5,29.1
3.37142946676363,0.817279788370729,0.593195779523586,0.104989567467058,0.736223911434219,0.0251108272451291,-12.499,29.1
3.37042726033608,0.815959936149404,0.591706969933372,0.104989671229468,0.734842943795642,0.0250958459852536,-12.5,29.2
3.36952667275816,0.814639096305155,0.590219597619076,0.104990198521351,0.733461865670814,0.025080889540331,-12.497,29.2
3.36850452591432,0.813317286576995,0.588734853063523,0.10498941241469,0.732081119004737,0.025065962656043,-12.499,29.2
3.36745788366831,0.811994523503843,0.587251179852247,0.104989524092646,0.730700151366159,0.0250510593232089,-12.502,29.3
3.36653637523209,0.810670818015754,0.585768253252378,0.10499091654923,0.729318852268832,0.0250361783314105,-12.5,29.4
3.36556792272949,0.809346184448509,0.584287575198062,0.104991380266557,0.727937774144004,0.0250213256018535,-12.5,29.3
3.36462624808469,0.80802063956525,0.582808505217484,0.104991820310748,0.726556696019177,0.0250064987188209,-12.499,29.4
3.36366194064026,0.806694198973812,0.581331321215754,0.104991809063711,0.7251757283806,0.0249916988325811,-12.499,29.5
3.36267433705475,0.8053668780252,0.579855690658966,0.104991798390843,0.723794760742022,0.0249769247234582,-12.5,29.5
3.36163783814376,0.804038690038731,0.578381284598252,0.10499221708946,0.722413682617195,0.0249621751803156,-12.503,29.5
3.3608256481288,0.802709645440506,0.576907473743904,0.104993900893059,0.721032273033618,0.0249474478236578,-12.497,29.6
3.35979447153183,0.801379760758335,0.575436977946506,0.104992925777402,0.71965152636754,0.02493275321377,-12.5,29.7
3.35883769166471,0.800049052209631,0.573967019574492,0.104993286922046,0.718270448242713,0.0249180807274364,-12.5,29.7
3.35790736539992,0.798717530427493,0.572498496203409,0.10499362962997,0.716889370117885,0.0249034338642851,-12.499,29.7
3.35692940156915,0.797385209436183,0.57103168853268,0.104993526015759,0.715508402479308,0.0248888137623014,-12.5,29.8
3.35605177983634,0.796052102134356,0.569565962909616,0.104993856517761,0.71412732435448,0.0248742180517074,-12.497,29.9
3.35505318161959,0.794718223010772,0.56810251555232,0.104992883667498,0.712746577688403,0.024859651366956,-12.499,29.9
3.35407954719927,0.793383585406567,0.566639795689004,0.10499281813526,0.711365610049826,0.0248451078471943,-12.5,29.9
3.35315633638091,0.792048198894325,0.565178091874355,0.10499318477512,0.709984531924998,0.0248305886357858,-12.499,30
3.35218549261538,0.790712075570254,0.56371799365607,0.1049931038711,0.708603564286421,0.0248160960267517,-12.5,30
3.35124015711795,0.789375227325585,0.562258869159126,0.10499345592392,0.707222486161593,0.0248016276723758,-12.5,30.1
3.3503209328901,0.7880376649749,0.560801004746623,0.104993790004165,0.705841408036766,0.0247871847048099,-12.499,30.1
3.34935407916442,0.786699400942015,0.55934468394207,0.104993678202725,0.704460440398189,0.0247727682484357,-12.5,30.2
3.34843736695162,0.785360446550982,0.557889275871266,0.104994000935463,0.703079362273361,0.0247583759687832,-12.499,30.3
3.34747302928462,0.784020812952701,0.556435371749965,0.104993878365813,0.701698394634784,0.0247440101413326,-12.5,30.4
3.34653399337666,0.782680511108357,0.554982341344265,0.104994190880067,0.700317316509957,0.0247296684404512,-12.5,30.4
3.34554671750761,0.781339550917504,0.55353047263189,0.104994487440222,0.698936238385129,0.0247153519899673,-12.502,30.4
3.34468287247175,0.779997941220688,0.552079139120941,0.104995626513998,0.697554939287802,0.0247010584791432,-12.499,30.5
3.34372332587442,0.778655693408414,0.550629847942685,0.104995420957282,0.696173971649224,0.0246867935956728,-12.5,30.6
3.34281359098678,0.777312819557426,0.54918135600254,0.104995654721025,0.694792893524397,0.0246725527430073,-12.499,30.6
3.34188090337379,0.775969329780163,0.547734256348686,0.104995447724318,0.69341192588582,0.0246583381747162,-12.499,30.6
3.34087532004751,0.774625234910458,0.546288224418049,0.104995251294957,0.692030958247242,0.0246441487259682,-12.502,30.8
3.33999204190233,0.773280542034713,0.544842331367917,0.104996351373346,0.690649659149915,0.0246299809759162,-12.5,30.8
3.33908644921744,0.771935259928114,0.543398088944454,0.104996537638615,0.689268581025087,0.0246158405700388,-12.499,30.8
3.33815786122198,0.770589400777323,0.54195517019743,0.104996285568269,0.68788761338651,0.0246017263447839,-12.499,30.9
3.33723021192768,0.769242974788408,0.540513251671503,0.104996046366313,0.686506645747933,0.0245876371450644,-12.499,31
3.33627890505933,0.767895991113156,0.539072317217771,0.104995819375806,0.685125678109355,0.0245735729484723,-12.5,31
3.33535243206698,0.766548457861261,0.537632047080075,0.104996032799968,0.683744599984528,0.0245595326108233,-12.5,31.1
3.33445140007999,0.765200383016319,0.536192732616967,0.104996235328659,0.6823635218597,0.0245455172368412,-12.499,31.1
3.33350279622358,0.763851776216867,0.534754662266752,0.104995998691475,0.680982554221123,0.0245315279237288,-12.5,31.2
3.33257891542354,0.762502646046648,0.533317209990677,0.104996202961431,0.679601476096296,0.0245175624124594,-12.5,31.3
3.33165586176344,0.761153000066155,0.531880667893883,0.104996396803245,0.678220397971468,0.0245036218031892,-12.5,31.3
3.33075810213006,0.759802846603317,0.530445021281224,0.104996580749281,0.676839319846641,0.0244897060763348,-12.499,31.3
3.32976383994895,0.758452194745941,0.529010559562803,0.104996326478102,0.675458352208063,0.0244758163230882,-12.502,31.5
3.32889076538908,0.757101050747256,0.527576049919993,0.104997371667544,0.674077053110736,0.0244619480857619,-12.5,31.5
3.32797081950947,0.755749421673225,0.526143007114981,0.104997505845989,0.672695974985909,0.024448106895687,-12.5,31.5
3.32707602164227,0.754397317134549,0.524710803296885,0.104997633174518,0.671314896861081,0.0244342905147849,-12.499,31.5
3.32615811415288,0.753044745702098,0.523279728787971,0.1049973251762,0.669933929222504,0.0244205000283992,-12.499,31.6
3.32521644578485,0.751691715803526,0.521849463271019,0.104997032901439,0.668552961583926,0.0244067343137848,-12.5,31.7
3.3242991769067,0.750338233946581,0.520419689816597,0.104997184374161,0.667171883459099,0.0243929922566799,-12.5,31.7
3.32338253759295,0.748984306538782,0.518990702564346,0.104997328114081,0.665790805334272,0.0243792749440949,-12.5,31.7
3.32249087208505,0.747629940773695,0.517562488820772,0.104997464515965,0.664409727209444,0.0243655823612796,-12.499,31.8
3.32155170879548,0.746275144623079,0.51613533996531,0.104997165127799,0.663028759570867,0.0243519155865104,-12.5,31.8
3.32066114467339,0.744919925030814,0.51470863285285,0.104997309850261,0.661647681446039,0.0243382724193609,-12.499,31.9
3.3197230964988,0.743564288838342,0.513282966303446,0.104997018357902,0.660266713807462,0.0243246550297783,-12.5,31.9
3.31883355243703,0.742208242766974,0.511857717564724,0.104997170573082,0.658885635682635,0.0243110612264627,-12.499,32
3.3178965382668,0.740851793439177,0.510433485843132,0.104996886190933,0.657504668044057,0.0242974931727095,-12.5,32
3.31700793372969,0.739494947360822,0.509009648766452,0.104997045153342,0.65612358991923,0.0242839486863822,-12.499,32
3.31609614364218,0.738137710942415,0.507586805915154,0.104996767173969,0.654742622280652,0.0242704299241771,-12.499,32
3.31523328840672,0.736780091375626,0.506164639152988,0.104996503385662,0.653361654642075,0.0242569357917921,-12.497,32.1
3.31427509944285,0.735422096635186,0.504743745300249,0.104995395410705,0.651980907975998,0.0242434684334709,-12.499,32.2
3.31329177608087,0.734063732768721,0.503322891901114,0.104995201651995,0.65059994033742,0.0242300235302313,-12.502,32.2
3.31245226040296,0.732705001273879,0.501901770866782,0.104996304264696,0.649218641240093,0.0242166000134678,-12.499,32.2
3.31159081877258,0.731345908100659,0.500482204374735,0.104996064108273,0.647837673601515,0.0242032043184559,-12.497,32.2
3.31063418045375,0.729986463545653,0.499063868809897,0.104994978558773,0.646456926935438,0.0241898353524419,-12.499,32.3
3.30972491295032,0.728626673272355,0.497645532394258,0.104994806080683,0.64507595929686,0.0241764888308165,-12.499,32.3
3.30886426028018,0.727266541083504,0.496227799309861,0.104994642407735,0.643694991658283,0.0241631668903344,-12.497,32.4
3.30790851655956,0.725906074288115,0.4948112675517,0.104993629437169,0.642314244992206,0.0241498716527851,-12.499,32.4
3.30700000913223,0.724545278278845,0.493394705819686,0.104993525832801,0.640933277353628,0.0241365988594601,-12.499,32.5
3.30609173568497,0.72318415659196,0.491978718766059,0.104993427517518,0.639552309715051,0.0241233506376586,-12.499,32.5
3.30515956708898,0.721822714485634,0.490563297112449,0.104993334221307,0.638171342076474,0.0241101269857763,-12.5,32.5
3.30427516869241,0.720460956238807,0.489148127862295,0.104993674514567,0.636790263951646,0.0240969268480063,-12.499,32.6
3.30341567504865,0.71909888696051,0.487733812892601,0.104993568608962,0.635409296313069,0.0240837523364337,-12.497,32.7
3.3024372249468,0.717736514350624,0.486320644062554,0.10499261045667,0.634028549646991,0.0240706044971785,-12.5,32.8
3.30152917747027,0.716373842402522,0.48490708709508,0.104992987698686,0.632647471522164,0.0240574780745847,-12.5,32.7
3.30062127583108,0.715010873280621,0.483494054509242,0.104993345682199,0.631266393397337,0.0240443762305241,-12.5,32.8
3.29973753123591,0.713647611782889,0.482081537838725,0.104993685390372,0.629885315272509,0.0240312989685876,-12.499,32.9
3.29880647592976,0.712284063524171,0.480669832621894,0.104993578929548,0.628504347633932,0.0240182473365204,-12.5,32.9
3.29792287251917,0.710920233129476,0.479258319805422,0.104993906730259,0.627123269509104,0.0240052192513499,-12.499,32.9
3.29701596414072,0.709556125158823,0.477847602235081,0.10499378896986,0.625742301870527,0.0239922168039839,-12.499,33
3.29608509949187,0.708191744983266,0.47643736498721,0.104993677221222,0.62436133423195,0.0239792389585826,-12.5,33.1
3.29517758503728,0.706827096103305,0.475027296438852,0.104994000004066,0.622980256107122,0.0239662846881753,-12.5,33.1
3.29429403368796,0.705462181967762,0.473617695950453,0.104994306308591,0.621599177982295,0.0239533550414604,-12.499,33.1
3.29338715231708,0.704097007753615,0.472208859833017,0.104994168149403,0.620218210343717,0.0239404510602906,-12.499,33.1
3.29245628926558,0.702731578549418,0.470800473661372,0.10499403704335,0.61883724270514,0.0239275717207975,-12.5,33.2
3.29157256215693,0.70136589757773,0.469392226303005,0.104994341456991,0.617456164580313,0.023914716008073,-12.499,33.3
3.29066548672373,0.69999996890826,0.46798472146887,0.104994201503449,0.616075196941735,0.0239018859926884,-12.499,33.2
3.28973441093275,0.698633797429669,0.466577645086518,0.104994068694646,0.614694229303158,0.0238890806599719,-12.5,33.2
3.28885033673608,0.697267386167854,0.465170686370464,0.104994371492462,0.61331315117833,0.0238762990042878,-12.499,33.3
3.287942895592,0.695900738999031,0.463764449373086,0.104994230005586,0.611932183539753,0.0238635430877689,-12.499,33.4
3.28703528584423,0.694533860621498,0.462358620357848,0.104994095741727,0.610551215901176,0.023850811905142,-12.499,33.4
3.28612748873713,0.693166754768194,0.460953192737742,0.104993968332143,0.609170248262598,0.0238381054758581,-12.499,33.5
3.28519566003842,0.691799425111791,0.459548160032113,0.104993847426919,0.607789280624021,0.0238254238205947,-12.5,33.6
3.28431061022441,0.690431874371326,0.458143211996946,0.104994161520628,0.606408202499193,0.0238127659496427,-12.499,33.6
3.28337836201931,0.689064106121113,0.456738953217349,0.104994030752979,0.605027234860616,0.0238001339114654,-12.5,33.6
3.28246901537913,0.68769612386808,0.455334766612924,0.104994335487748,0.603646156735789,0.0237875257092811,-12.5,33.6
3.28158318467543,0.686327930177874,0.453930953102529,0.104994624665566,0.602265078610961,0.0237749423805593,-12.499,33.6
3.28065017210112,0.684959529358556,0.452527810530429,0.104994470254003,0.600884110972384,0.0237623849561604,-12.5,33.7
3.27973996357848,0.683590924749455,0.451124722111961,0.104994752551898,0.599503032847556,0.0237498514552934,-12.5,33.7
3.27885317382949,0.682222118751325,0.449721989056949,0.104995020438263,0.598121954722729,0.023737342913592,-12.499,33.7
3.27794294285487,0.680853115509996,0.448319909495922,0.104994845822192,0.596740987084152,0.0237248603601337,-12.499,33.8
3.27703232854469,0.679483919099525,0.446918170793852,0.104994680120408,0.595360019445574,0.023712402826081,-12.499,33.8
3.27616871159594,0.67811453263869,0.445516767447459,0.104994522877832,0.593979051806997,0.0236999703457651,-12.497,33.8
3.27518748090448,0.676744960984594,0.444116301778291,0.104993516009362,0.592598305140919,0.0236875649383653,-12.5,33.8
3.27427491686699,0.675375206223226,0.442715242874971,0.104993847022198,0.591217227016092,0.0236751816809311,-12.5,33.9
3.27338558108477,0.674005268642418,0.441314506567916,0.104994161136569,0.589836148891265,0.0236628235934647,-12.499,34
3.27247276278828,0.672635152088187,0.43991439151669,0.104994030388527,0.588455181252687,0.0236504917021707,-12.499,34
3.27155944400105,0.671264860339617,0.438514585606762,0.104993906315275,0.58707421361411,0.023638185059607,-12.499,33.9
3.2706219789546,0.669894396225279,0.437115083846943,0.104993788576061,0.585693245975532,0.0236259037096558,-12.5,34
3.26970696323004,0.668523761633737,0.435715577458641,0.104994105674153,0.584312167850705,0.0236136467183578,-12.5,34
3.26879141106679,0.667152958427903,0.434316368600736,0.104994406584137,0.582931089725877,0.0236014151166449,-12.5,34
3.26787530108113,0.665781989330109,0.432917452469501,0.104994692132428,0.58155001160105,0.0235892089536208,-12.5,34
3.26695861182242,0.664410857018738,0.431518824338768,0.104994963103254,0.580168933476223,0.0235770282801953,-12.5,34.1
3.26611201638639,0.663039564128925,0.430120479558674,0.104995220240806,0.578787855351395,0.0235648731491196,-12.497,34.1
3.26519601508225,0.661668115936277,0.428723325158394,0.104994177771406,0.577407108685318,0.0235527465230356,-12.497,34.2
3.26420867586225,0.660296517616707,0.4273264356664,0.104993188520891,0.57602636201924,0.0235406455381483,-12.5,34.1
3.26328931211926,0.658924768911048,0.425928895201692,0.104993536252273,0.574645283894413,0.0235285673572375,-12.5,34.2
3.26239278392008,0.657552869578836,0.424531620526896,0.104993866231692,0.573264205769585,0.0235165149488045,-12.499,34.3
3.26151968265618,0.656180822946326,0.423134911218734,0.104993750538777,0.571883238131008,0.0235044893364577,-12.497,34.3
3.26052962120476,0.654808634069905,0.421739063801001,0.104992783098825,0.570502491464931,0.0234924915375788,-12.5,34.3
3.259560342937,0.653436304342131,0.420342548585922,0.104993151527322,0.569121413340103,0.0234805168216889,-12.502,34.3
3.2587063885002,0.652063831579922,0.418945674871784,0.104994358800506,0.567740114242776,0.0234685662312128,-12.499,34.4
3.25775974596263,0.650691218996633,0.417549964218941,0.104994217961564,0.566359146604198,0.0234566446135466,-12.5,34.5
3.25683508286222,0.649318470623881,0.416154187728941,0.104994513139187,0.564978068479371,0.0234447482204911,-12.5,34.5
3.25590958330811,0.647945587764531,0.414758648548899,0.104994793247759,0.563596990354544,0.0234328780824717,-12.5,34.5
3.25498322406459,0.646572572589916,0.413363342847367,0.104995059056568,0.562215912229716,0.0234210342773932,-12.5,34.6
3.25407939098386,0.645199427236308,0.411968266854757,0.104995311295627,0.560834834104889,0.0234092168855363,-12.499,34.6
3.25312848430153,0.643826154699828,0.410573720730332,0.104995121831058,0.559453866466311,0.0233974269318154,-12.5,34.6
3.2521993811504,0.642452757029046,0.409179089967054,0.10499537086543,0.558072788341484,0.0233856626148576,-12.5,34.6
3.25129269909396,0.641079235354799,0.407784678015598,0.104995607186401,0.556691710216657,0.0233739249666927,-12.499,34.7
3.25029221992054,0.6397055925735,0.406390785211163,0.104995402616375,0.555310742578079,0.0233622150133879,-12.502,34.7
3.24935888096852,0.638331828846949,0.40499618948383,0.104996494969687,0.553929443480752,0.023350529106793,-12.502,34.8
3.24847124328823,0.636957943459349,0.403601808434979,0.1049975315575,0.552548144383424,0.023338870156349,-12.5,34.8
3.24756053378529,0.635583940163635,0.40220824633453,0.104997657573437,0.551167066258597,0.023327240119035,-12.499,34.8
3.24662606034775,0.634209823536807,0.400815189659978,0.104997348329535,0.54978609862002,0.0233156381557798,-12.499,34.9
3.24562054823962,0.632835596298133,0.399422328166902,0.104997054872778,0.548405130981442,0.0233040634389892,-12.502,35
3.24477504280171,0.631461257550464,0.398028747100066,0.104998062877097,0.547023831884115,0.0232925133071525,-12.498,34.9
3.24381455179726,0.630086810003004,0.396636579801638,0.104997304115498,0.545642974731788,0.0232809943337707,-12.499,35
3.24285220423419,0.62871225807602,0.395244291241263,0.104997012915902,0.54426200709321,0.0232695020133808,-12.5,35.1
3.24193451649569,0.627337601670916,0.393851881592919,0.104997165408902,0.542880928968383,0.0232580364684378,-12.499,35.2
3.24099298760917,0.625962842479365,0.392459958763751,0.104996881290387,0.541499961329805,0.0232465996523921,-12.499,35.2
3.24002694761159,0.624587983050388,0.391068212809751,0.104996611676347,0.540118993691228,0.0232351907690426,-12.5,35.2
3.23908219821352,0.623213024108012,0.389676337007223,0.104996784652942,0.538737915566401,0.023223809034388,-12.5,35.3
3.23815935842731,0.621837966369416,0.388284635536766,0.104996948798946,0.537356837441573,0.0232124554910997,-12.499,35.4
3.23721262046443,0.620462812324035,0.38689340945172,0.104996675738541,0.535975869802996,0.0232011311762206,-12.499,35.4
3.23626450176252,0.619087564416273,0.385502348992677,0.104996416618085,0.534594902164418,0.0231898353159286,-12.499,35.4
3.23531497604345,0.617712224161568,0.384111451485553,0.104996170725932,0.533213934525841,0.0231785680493442,-12.499,35.5
3.23436401671509,0.616336793050894,0.382720714299435,0.104995937386768,0.531832966887264,0.0231673295191891,-12.499,35.6
3.2333884407473,0.614961272551149,0.381330134845886,0.104995715959752,0.530451999248686,0.0231561198718579,-12.5,35.6
3.2324570324127,0.613585663211211,0.379939406710274,0.104995934663386,0.529070921123859,0.0231449383641374,-12.499,35.6
3.23150163354523,0.612209966470274,0.378549138245261,0.104995713375401,0.527689953485281,0.0231337869390437,-12.499,35.7
3.23052156765173,0.610834184628955,0.37715901994516,0.104995503384343,0.526308985846704,0.0231226648587568,-12.5,35.8
3.22963173990563,0.609458318166889,0.375768745517521,0.104995732940119,0.524927907721877,0.0231115713988268,-12.497,35.8
3.22862674022669,0.608082370243822,0.374379531171194,0.104994664297014,0.523547161055799,0.0231005102679415,-12.499,35.8
3.22764187883963,0.606706343054789,0.372989845802381,0.104994507862235,0.522166193417222,0.0230894772070473,-12.5,35.9
3.22667780123112,0.605330235206229,0.371599997316212,0.1049947882402,0.520785115292394,0.023078473283883,-12.5,36
3.22571205971822,0.603954047110918,0.370210290430422,0.104995054304648,0.519404037167567,0.0230674995609746,-12.5,36
3.22474462312938,0.602577780064466,0.368820722858826,0.104995306786297,0.51802295904274,0.0230565562213332,-12.5,36.1
3.22379850562466,0.601201435341566,0.36743129235215,0.104995546378558,0.516641880917912,0.0230456434524551,-12.499,36
3.22280519865724,0.599825015090667,0.366042300565425,0.10499534491282,0.515260913279335,0.0230347623157374,-12.5,36.1
3.22185548654072,0.598448520526355,0.364653134463232,0.104995582558693,0.513879835154507,0.0230239112667863,-12.499,36.2
3.22088157880653,0.597071952853284,0.363264402812092,0.10499537924593,0.51249886751593,0.0230130922432372,-12.499,36.1
3.21990579277591,0.595695314141317,0.361875796513498,0.104995186312444,0.511117899877352,0.023002304582077,-12.499,36.1
3.21890510483179,0.594318605537401,0.360487313543591,0.104995003228365,0.509736932238775,0.0229915484945726,-12.5,36.2
3.21794779504231,0.592941827275626,0.359098648043201,0.104995258317498,0.508355854113948,0.0229808233403115,-12.499,36.2
3.21696620401907,0.591564980485482,0.357710408911482,0.104995071557505,0.50697488647537,0.0229701310568132,-12.499,36.3
3.21598260270827,0.590188067162879,0.356322287180421,0.104994894331756,0.505593918836793,0.022959471011533,-12.499,36.2
3.21499695736961,0.588811088382006,0.354934280954544,0.104994726153521,0.504212951198216,0.0229488434365813,-12.499,36.2
3.21398629556121,0.587434045199709,0.353546388368982,0.104994566560918,0.502831983559638,0.0229382485695455,-12.5,36.3
3.21301873322323,0.586056937761431,0.352158303720986,0.104994843942269,0.501450905434811,0.0229276858099045,-12.499,36.4
3.21200385562296,0.584679767109447,0.350770636063609,0.104994678336457,0.500069937796233,0.0229171570965924,-12.5,36.4
3.21103196255782,0.583302534259523,0.349382772712258,0.104994950011579,0.498688859671406,0.022906660999617,-12.499,36.4
3.21003562056908,0.581925240220704,0.347995322778618,0.104994778990845,0.497307892032828,0.0228961994589976,-12.499,36.5
3.20903702012762,0.580547886870405,0.346607977503771,0.104994616700855,0.495926924394251,0.0228857719003857,-12.499,36.6
3.20803612426806,0.579170475166228,0.345220735197968,0.104994462695897,0.494545956755673,0.022875378596639,-12.499,36.6
3.20707862554939,0.577793006050316,0.343833594198737,0.104994316553014,0.493164989117096,0.0228650198269171,-12.497,36.6
3.20602863053925,0.576415482238278,0.34244716060643,0.104993320217588,0.491784242451019,0.0228546975259726,-12.499,36.6
3.2049977290949,0.575037904603521,0.341060211095447,0.104993232399123,0.490403274812441,0.0228444086819857,-12.5,36.7
3.20398656778038,0.573660271341695,0.339673054295779,0.104993577890486,0.489022196687614,0.02283415442964,-12.5,36.7
3.20297294393416,0.572282582461419,0.338285995638323,0.104993905744242,0.487641118562786,0.0228239358992609,-12.5,36.7
3.20197962983745,0.570904838860671,0.336899033538541,0.104994216860806,0.486260040437959,0.0228137534035607,-12.499,36.6
3.20093881210894,0.569527042317269,0.335512470305465,0.104994083267998,0.484879072799382,0.0228036080725916,-12.5,36.7
3.19998590633215,0.56814919368115,0.33412569354712,0.104994385321833,0.483497994674554,0.0227934986100268,-12.497,36.7
3.19889562196573,0.566771295586885,0.332739920399062,0.104993385475705,0.482117248008477,0.0227834285764153,-12.5,36.6
3.19789173287288,0.565393348818473,0.331353316801248,0.104993723152388,0.480736169883649,0.0227733934789439,-12.499,36.6
3.19686301766304,0.564015352387616,0.329967106282007,0.104993614763784,0.479355202245072,0.0227633968874661,-12.499,36.6
3.1957860125372,0.56263730798563,0.328580980410806,0.104993511908503,0.477974234606495,0.0227534383551879,-12.501,36.7
3.19479584744638,0.561259214598348,0.327194330084996,0.104994271957318,0.476593045995417,0.0227435166633914,-12.499,36.7
3.19375869723056,0.559881073026332,0.32580837567635,0.104994135551789,0.47521207835684,0.0227336353605287,-12.499,36.7
3.19267317900926,0.558502885826538,0.324422501780753,0.10499400610987,0.473831110718262,0.0227237932382357,-12.501,36.7
3.19167423944154,0.557124651946967,0.323036099362318,0.104994740929315,0.472449922107185,0.0227139891217483,-12.499,36.8
3.1906055321481,0.555746372150956,0.321650388858501,0.104994580582396,0.471068954468608,0.0227042265474596,-12.5,36.8
3.18957849358156,0.554368048064501,0.32026445106182,0.104994857247939,0.46968787634378,0.0226945035755909,-12.499,36.8
3.18852633902755,0.552989680407527,0.318878895594135,0.104994690962863,0.468306908705203,0.0226848221790359,-12.499,36.8
3.18747102248967,0.55161127077299,0.317493414198464,0.10499453316677,0.466925941066625,0.0226751820047589,-12.499,36.9
3.1864124942717,0.550232819838635,0.316108005678892,0.104994383426293,0.465544973428048,0.0226655834886025,-12.499,37
3.18535070390525,0.548854328271258,0.31472266885881,0.104994241330185,0.46416400578947,0.0226560270760202,-12.499,37
3.18426295362226,0.547475796726896,0.313337402580605,0.104994106488196,0.462783038150893,0.0226465132222726,-12.5,37
3.18319381378406,0.546097224956649,0.311951901837367,0.104994407356622,0.461401960026066,0.0226370416366328,-12.5,37.1
3.18214390638005,0.54471861272048,0.310566472498763,0.104994692865478,0.460020881901238,0.0226276135575694,-12.499,37.2
3.18106859339545,0.543339961566064,0.309181417279931,0.104994534972256,0.458639914262661,0.0226182302200481,-12.499,37.2
3.17996714267459,0.541961273011246,0.307796428056431,0.104994385139607,0.457258946624083,0.0226088913646003,-12.5,37.2
3.178906642678,0.54058254676553,0.306411199894759,0.104994671782659,0.455877868499256,0.022599596756841,-12.499,37.2
3.17779800988659,0.539203783442288,0.30502634260479,0.104994514965731,0.454496900860679,0.0225903484023791,-12.5,37.3
3.17673017481171,0.537824983635308,0.303641244246537,0.104994794981057,0.453115822735851,0.0225811453511802,-12.499,37.3
3.17559155712424,0.536446147938474,0.30225651466427,0.104994631874754,0.451734855097274,0.0225719896170196,-12.501,37.3
3.17453803895075,0.53506727603206,0.300871238083847,0.104995334748408,0.450353666486196,0.0225628795611204,-12.499,37.4
3.17343691995995,0.53368836851036,0.299486635241017,0.104995144086556,0.448972698847619,0.0225538186635467,-12.499,37.5
3.17233186148258,0.532309427727394,0.298102091089759,0.104994963158142,0.447591731209042,0.0225448060402648,-12.499,37.5
3.17124533769854,0.530930454220174,0.296717604682479,0.104994791466266,0.446210763570464,0.0225358422810084,-12.498,37.5
3.17013289445632,0.529551449411384,0.29533347895487,0.10499419971277,0.444829906418137,0.02252692869946,-12.498,37.5
3.16899378263202,0.528172414695896,0.293949405999488,0.104993638168757,0.44344904926581,0.0225180651918305,-12.499,37.6
3.16787229273343,0.526793349662225,0.292565081096319,0.104993534118634,0.442068081627232,0.0225092516836235,-12.499,37.7
3.16674654684436,0.52541425391037,0.291180810397295,0.104993435380352,0.440687113988655,0.0225004895283285,-12.499,37.7
3.16561647786038,0.524035127936286,0.289796593027272,0.104993341682737,0.439306146350077,0.0224917793820429,-12.499,37.6
3.16443705130892,0.522655972227921,0.288412428125236,0.10499325276846,0.4379251787115,0.0224831219149595,-12.501,37.7
3.16334170786126,0.521276785476669,0.287027707108097,0.104994026046578,0.436543990100422,0.0224745164391945,-12.499,37.8
3.16219830320782,0.519897568193404,0.285643650858797,0.104993902194986,0.435163022461845,0.0224659664076254,-12.499,37.7
3.16105029324569,0.518518322650076,0.284259644476136,0.104993784666116,0.433782054823268,0.0224574711534269,-12.499,37.7
3.15989760512769,0.517139049302951,0.282875687155002,0.104993673137188,0.43240108718469,0.0224490314061074,-12.499,37.8
3.15869528345926,0.515759748600932,0.28149177810328,0.104993567301899,0.431020119546113,0.0224406479107673,-12.501,37.9
3.15753163396193,0.514380419196995,0.280107308805666,0.104994324522837,0.429638930935035,0.0224323201006759,-12.501,37.9
3.15640797369569,0.513001059775545,0.278722892475819,0.104995043087048,0.428257742323958,0.0224240500994392,-12.499,37.9
3.15523591181086,0.511621672609902,0.277339135994535,0.104994867314739,0.426876774685381,0.0224158400102391,-12.499,37.9
3.15401396832624,0.510242259927001,0.275955424540037,0.104994700515744,0.425495807046803,0.0224076893160534,-12.501,38
3.15283030336608,0.508862820350151,0.274571149649375,0.104995399885221,0.424114618435726,0.0223995975551308,-12.501,38
3.15168623807314,0.507483352534566,0.273186924587716,0.104996063551335,0.422733429824648,0.022391566882432,-12.499,38
3.15049351499312,0.506103858724846,0.271803356286531,0.104995835683518,0.421352462186071,0.0223835994317887,-12.499,38
3.14929539032369,0.504724341119673,0.270419829973903,0.104995619448534,0.419971494547494,0.0223756947953391,-12.499,38.1
3.14811414570688,0.503344800103231,0.269036344971912,0.104995414252516,0.418590526908916,0.022367853873633,-12.498,38.2
3.14690565848177,0.501965236947843,0.267653204481572,0.10499479070529,0.417209669756589,0.0223600782058428,-12.498,38.1
3.14566913143241,0.500585652900447,0.266270100856479,0.104994198990643,0.415828812604261,0.0223523681009564,-12.499,38.2
3.14444847621091,0.499206047404013,0.264886729633442,0.104994066310121,0.414447844965684,0.0223447239088092,-12.499,38.3
3.14324431176538,0.497826419915345,0.263503397217068,0.104993940403044,0.413066877327107,0.0223371472281775,-12.498,38.4
3.14201257509642,0.496446771683852,0.262120406848802,0.104993392096997,0.411686020174779,0.0223296396569137,-12.498,38.4
3.1407524567497,0.495067103933934,0.260737450922012,0.104992871782406,0.410305163022452,0.0223222016069011,-12.499,38.3
3.1394631662704,0.493687416086383,0.259354225012638,0.104992806856911,0.408924195383874,0.0223148335338088,-12.501,38.4
3.13825546847428,0.492307705787506,0.257970427827815,0.104993602899165,0.407543006772797,0.0223075359383763,-12.499,38.5
3.1369982879686,0.490927973409468,0.256587280495254,0.104993500649583,0.40616203913422,0.022300312242758,-12.499,38.5
3.1356900807643,0.489548221087741,0.255204168354571,0.104993403619922,0.404781071495642,0.0222931623835227,-12.501,38.5
3.13446305851105,0.488168447355645,0.253820483101605,0.104994169196954,0.403399882884565,0.02228608636786,-12.499,38.6
3.13318628574697,0.486788652568538,0.252437445893724,0.104994038037423,0.402018915245988,0.0222790876170996,-12.499,38.7
3.13190274787434,0.485408838845356,0.251054442099723,0.104993913573689,0.40063794760741,0.0222721661744884,-12.499,38.7
3.13061233345593,0.48402900649183,0.249671471180124,0.104993795463928,0.399256979968833,0.0222653232461844,-12.499,38.7
3.12931492892886,0.482649155808752,0.248288532604157,0.104993683383762,0.397876012330255,0.0222585600636622,-12.499,38.7
3.12798816667785,0.481269287092058,0.246905625849626,0.104993577025378,0.396495044691678,0.0222518778842305,-12.5,38.8
3.12665346447561,0.47988939973857,0.245522446534772,0.104993904923299,0.395113966566851,0.0222452774668523,-12.501,38.9
3.12539967747844,0.478509492265347,0.244138997276337,0.104994644908398,0.393732777955773,0.0222387601423228,-12.498,38.9
3.12400723110046,0.477129566790745,0.242756496120765,0.104994060636797,0.392351920803446,0.0222323293139925,-12.501,38.9
3.12271613414666,0.475749623590884,0.241373109904203,0.104994792672598,0.390970732192368,0.0222259832609852,-12.499,38.9
3.12137436631478,0.474369662072125,0.239990366904684,0.104994629684144,0.389589764553791,0.0222197259266414,-12.499,39.1
3.12002474530211,0.472989684309228,0.238607652568953,0.104994475016379,0.388208796915214,0.0222135577125153,-12.499,39
3.11866713887177,0.471609690564463,0.237224966434224,0.104994328244525,0.386827829276636,0.0222074800721507,-12.499,39
3.11730141215635,0.47022968109586,0.235842308045184,0.10499418896549,0.385446861638059,0.0222014944894598,-12.499,39
3.11588303639026,0.468849656157286,0.234459676953867,0.10499405679676,0.384065893999482,0.0221956024793437,-12.501,39
3.11454355756422,0.467469614209834,0.233076464983566,0.104994789028598,0.382684705388404,0.0221898046684438,-12.499,39
3.11317486458629,0.466089555537795,0.231693893417046,0.104994626226173,0.381303737749827,0.0221841044909147,-12.498,39
3.11175386086052,0.464709483084529,0.230311651614461,0.104994042908314,0.379922880597499,0.0221785030674609,-12.499,38.9
3.11036760509176,0.4633293970677,0.228929128299522,0.104993918195918,0.378541912958922,0.0221730011469223,-12.498,38.9
3.10886226193891,0.461949297711135,0.22754693396948,0.104993371023562,0.377161055806595,0.0221676012889906,-12.502,38.9
3.10745559642168,0.460569182542355,0.226163545756659,0.104994567091289,0.375779756709267,0.0221623030852025,-12.501,39
3.10606259482063,0.459189049152995,0.224780495141285,0.10499527327219,0.37439856809819,0.0221571104428263,-12.499,38.9
3.10457305363076,0.457808900515409,0.223398082324564,0.104995085748747,0.373017600459613,0.0221520255265064,-12.501,38.9
3.10318311710469,0.456428736866105,0.222015085104743,0.104995765451776,0.371636411848535,0.022147048533481,-12.498,39
3.10171924640757,0.45504855935147,0.220633028689473,0.104995123975551,0.370255554696208,0.0221421833031625,-12.498,39.1
3.10024537855046,0.453668370863859,0.2192509916367,0.104994515247194,0.36887469754388,0.0221374305281503,-12.498,39
3.09867280841294,0.452288171580436,0.217868973633809,0.1049939375949,0.367493840391553,0.0221327921480339,-12.502,39
3.09719750104617,0.45090795809815,0.216485758901278,0.104995104738713,0.366112541294226,0.022128268714267,-12.501,39.1
3.09573463112026,0.449527727982589,0.215102878965298,0.104995783472289,0.364731352683148,0.0221238641002829,-12.499,39.2
3.09421838874111,0.448147484180478,0.213720634072295,0.104995569902729,0.363350385044571,0.0221195806796951,-12.499,39.2
3.09271336910617,0.446767228691787,0.212338409800987,0.104995367236063,0.361969417405993,0.0221154198445995,-12.498,39.1
3.09115380652741,0.44538696259954,0.210956509686417,0.104994746089065,0.360588560253666,0.0221113840628733,-12.499,39.1
3.08956005977295,0.444006686070095,0.209574322542828,0.104994585478737,0.359207592615089,0.0221074748831491,-12.501,39.2
3.08804169502008,0.442626396593789,0.208191547352573,0.104995290720943,0.357826404004011,0.0221036942790816,-12.499,39.3
3.08642482525357,0.441246094389331,0.20680940551414,0.104995102306728,0.356445436365434,0.0221000457472298,-12.501,39.3
3.08490497232924,0.439865779652543,0.205426674897573,0.104995781164459,0.355064247754357,0.0220965304547292,-12.498,39.3
3.08328700121868,0.438485453489781,0.204044880781161,0.104995138886089,0.353683390602029,0.0220931521738055,-12.499,39.3
3.08163378494799,0.437105117859679,0.202662797924354,0.104994958223163,0.352302422963452,0.0220899122221742,-12.501,39.4
3.08001059340946,0.435724770236915,0.201280125337136,0.104995644436473,0.350921234352374,0.0220868128731967,-12.501,39.4
3.07837463371774,0.434344409036117,0.199897476709202,0.104996295618052,0.349540045741297,0.022083857191077,-12.501,39.4
3.07676982847136,0.432964034476507,0.198514851653723,0.104996913556298,0.34815885713022,0.0220810477628956,-12.499,39.3
3.07510920342244,0.431583648562444,0.19713285752609,0.104996642295058,0.346777889491642,0.0220783876428729,-12.499,39.4
3.073457111372,0.430203253256246,0.195750879971462,0.104996384881918,0.345396921853065,0.0220758790637259,-12.498,39.5
3.07174787695046,0.428822849603892,0.194369222590251,0.104995711783296,0.344016064700738,0.022073524957239,-12.499,39.5
3.07004583458273,0.427442437735292,0.192987274261011,0.104995501873516,0.34263509706216,0.0220713277530319,-12.499,39.3
3.06835154220241,0.426062016893603,0.191605341765345,0.104995302679795,0.341254129423583,0.0220692905102107,-12.498,39.4
3.06659933474976,0.424681588118035,0.190223728715604,0.104994684828445,0.339873272271255,0.022067416295882,-12.499,39.4
3.06485349091595,0.423301151531846,0.188841824002087,0.10499452734552,0.338492304632678,0.0220657077940753,-12.499,39.5
3.06309249536549,0.42192070637164,0.187459934417955,0.104994377902222,0.337111336994101,0.0220641682071028,-12.499,39.4
3.06131605693813,0.420540252775848,0.186078059718938,0.104994236088123,0.335730369355523,0.0220628006436679,-12.499,39.3
3.05952387753662,0.419159790880666,0.184696199664711,0.104994101513745,0.334349401716946,0.0220616082766678,-12.499,39.3
3.05767153073504,0.41777932082009,0.183314354018829,0.104993973809495,0.332968434078368,0.0220605943445058,-12.501,39.4
3.05591146086989,0.416398840937276,0.181931914812688,0.104994710277899,0.331587245467291,0.022059762033991,-12.498,39.5
3.05404901973858,0.415018352294826,0.180550407401783,0.104994122669133,0.330206388314964,0.0220591150296297,-12.499,39.5
3.05216871117993,0.413637856808323,0.179168606621528,0.104993993884884,0.328825420676386,0.0220586565229422,-12.5,39.4
3.05029227404562,0.412257352804431,0.177786515424632,0.104994300501798,0.327444342551559,0.0220583900737129,-12.5,39.4
3.04839816757964,0.410876839531167,0.17640444058412,0.104994591465677,0.326063264426731,0.0220583193136638,-12.5,39.6
3.04650809620394,0.409496317138189,0.17502238183591,0.10499486757562,0.324682186301904,0.0220584479042311,-12.499,39.6
3.04455637633582,0.408115786667074,0.173640642788178,0.104994700763308,0.323301218663327,0.0220587795475934,-12.5,39.5
3.04262913933577,0.406735248243408,0.172258612327113,0.104994971293521,0.321920140538499,0.0220593181105417,-12.499,39.5
3.04066156822551,0.405354702000427,0.170876901109819,0.104994799186327,0.320539172899922,0.0220600673988263,-12.499,39.6
3.03867445042426,0.403974148953875,0.169495201897849,0.104994635865342,0.319158205261345,0.022061031419071,-12.499,39.7
3.0367115110865,0.402593589213597,0.168113514497373,0.104994480882022,0.317777237622767,0.0220622142249831,-12.497,39.8
3.03461965248647,0.401213024676344,0.166732446453669,0.104993476157471,0.31639649095669,0.0220636197107938,-12.5,39.8
3.0325925980914,0.399832454515546,0.165350471994745,0.104993809204778,0.315015412831862,0.022065252688081,-12.499,39.7
3.03052317660871,0.398451877047839,0.16396881587542,0.104993696423131,0.313634445193285,0.0220671169982704,-12.499,39.7
3.02843210721514,0.397071293280694,0.162587170871844,0.104993589399077,0.312253477554708,0.0220692171610041,-12.499,39.8
3.02636307900277,0.395690703315819,0.16120553680455,0.104993487838685,0.31087250991613,0.0220715576649874,-12.497,39.9
3.02418498927885,0.394310109041953,0.159824521232945,0.104992533809779,0.309491763250053,0.0220741426577939,-12.499,39.9
3.02202615945708,0.392929510518989,0.158442902266931,0.104992486138054,0.308110795611475,0.022076977641604,-12.499,39.8
3.01984379428484,0.391548906036531,0.157061293816813,0.104992440900007,0.306729827972898,0.0220800669940658,-12.499,39.9
3.01761530566246,0.390168295690797,0.155679695712809,0.104992397971398,0.305348860334321,0.0220834155850024,-12.5,40
3.0153834227117,0.388787678682115,0.154297803919889,0.104992786060955,0.303967782209493,0.0220870286841922,-12.5,40
3.01319273792643,0.38740705422856,0.152915925263908,0.104993154338233,0.302586704084666,0.0220909111076644,-12.497,40
3.01084666258228,0.386026425133347,0.151534971136734,0.104992217334789,0.301205957418588,0.0220950670022826,-12.5,40
3.00860412845421,0.3846457914569,0.150153108755121,0.104992614645987,0.299824879293761,0.0220995036466758,-12.497,40
3.00622714932583,0.383265153287701,0.14877217063956,0.104991705194258,0.298444132627684,0.0221042243015055,-12.499,40
3.00386507841036,0.381884511578107,0.147390627879036,0.104991699824008,0.297063164989106,0.0221092363233134,-12.499,40.1
3.00145291020251,0.380503864606283,0.146009094404045,0.104991694727913,0.295682197350529,0.0221145445953398,-12.5,40.2
2.99903328561513,0.37912321156285,0.144627266196682,0.104992118718604,0.294301119225701,0.0221201553099049,-12.5,40.1
2.99660654408788,0.377742551656338,0.143245450099648,0.104992521064236,0.292920041100874,0.0221260739046963,-12.499,40.2
2.99412873889999,0.376361885891891,0.141863949785408,0.10499247404318,0.291539073462297,0.0221323058391279,-12.499,40.3
2.99159818429914,0.374981215253586,0.140482458071393,0.104992429422587,0.290158105823719,0.0221388576662788,-12.5,40.3
2.98907961349478,0.373600538925776,0.13910067095076,0.104992815906535,0.288777027698892,0.0221457361668252,-12.499,40.3
2.98648570970191,0.372219857005159,0.137719199145087,0.104992753833547,0.287396060060315,0.022152946585576,-12.5,40.3
2.9838801701939,0.370839169577193,0.136337431611369,0.10499312375606,0.286014981935487,0.0221604965527355,-12.5,40.3
2.98126325392602,0.369458475841296,0.134955675208385,0.104993474793737,0.28463390381066,0.022168392114762,-12.499,40.5
2.97859084382573,0.368077776793652,0.133574233624415,0.104993379084038,0.283252936172082,0.0221766393433027,-12.499,40.6
2.97592763324976,0.366697073409519,0.13219279969245,0.104993288260395,0.281871968533505,0.0221852457387677,-12.497,40.6
2.97314170944725,0.365316367547586,0.130811981024923,0.104992344420118,0.280491221867428,0.0221942168598014,-12.499,40.5
2.97036119365348,0.363935659238181,0.129430555783905,0.104992306416884,0.27911025422885,0.0222035627451908,-12.499,40.7
2.96754290421349,0.362554946741821,0.12804913793103,0.104992270353745,0.277729286590273,0.0222132893041933,-12.499,40.8
2.96468591768521,0.361174230126106,0.126667727347014,0.104992236131658,0.276348318951696,0.0222234040025248,-12.499,40.8
2.96176704741986,0.359793509457543,0.125286323914497,0.104992203656635,0.274967351313118,0.0222339144591954,-12.5,40.7
2.95885095191196,0.35841278390723,0.123904623650029,0.104992601666113,0.273586273188291,0.0222448293391885,-12.499,40.7
2.95587205438818,0.357032053558824,0.1225232372982,0.104992550530268,0.272205305549713,0.0222561548317275,-12.499,40.8
2.9528949955327,0.355651319379289,0.121141857706634,0.104992502004948,0.270824337911136,0.0222678998917317,-12.497,40.9
2.94978725843895,0.354270583219157,0.119761092502163,0.104991598303633,0.269443591245059,0.0222800708009134,-12.499,41
2.94667694825433,0.352889845100727,0.118379719861023,0.104991598390233,0.268062623606481,0.0222926798875888,-12.499,40.9
2.94352058787863,0.351509103276618,0.116998353758783,0.104991598472413,0.266681655967904,0.0223057338452926,-12.499,40.9
2.94031698295534,0.35012835780666,0.11561699408987,0.104991598550398,0.265300688329326,0.0223192414575567,-12.499,41
2.9370648985712,0.348747608749716,0.114235640750416,0.104991598624401,0.263919720690749,0.0223332116881612,-12.499,41.1
2.93374070984778,0.3473668561637,0.112854293638231,0.104991598694627,0.262538753052172,0.0223476536848219,-12.5,41.2
2.93045371792947,0.345986099211251,0.111472648784783,0.104992027587893,0.261157674927344,0.0223625779963955,-12.497,41.1
2.92698358129334,0.344605339756383,0.110091924685322,0.104991148105942,0.259776928261267,0.0223779892564226,-12.5,41.1
2.92354554651569,0.343224577824979,0.10871028861755,0.104991600002116,0.25839585013644,0.022393904586878,-12.499,41.2
2.92003099348155,0.341843811682866,0.107328965425939,0.104991600002008,0.257014882497862,0.022410328936937,-12.499,41.2
2.91636988558739,0.340463042287527,0.105947647974849,0.104991600001905,0.255633914859285,0.0224272736850701,-12.503,41.2
2.91280252041139,0.339082266114132,0.104565120699642,0.104993315308311,0.254252505275707,0.0224447548430353,-12.5,41.2
2.90913395056348,0.337701482397135,0.103183523073903,0.104993656567094,0.25287142715088,0.0224627732368638,-12.499,41.1
2.90538242098221,0.336320694821165,0.101802237703665,0.104993551577722,0.251490459512303,0.0224813422528667,-12.499,41.2
2.90156738833674,0.334939904338024,0.100420957463311,0.10499345194814,0.250109491873725,0.0225004742928239,-12.499,41.3
2.89764199185982,0.333559110994651,0.0990396822700149,0.104993357404726,0.248728524235148,0.0225201805640592,-12.501,41.3
2.89373692531808,0.332178313048547,0.0976578043063139,0.10499412534108,0.24734733562407,0.0225404757981775,-12.499,41.3
2.88974277388327,0.330797510583705,0.0962765452084162,0.104993996420426,0.245966367985493,0.022561365174478,-12.498,41.3
2.8856561634603,0.329416706346417,0.0948955946842143,0.104993445254648,0.244585510833166,0.0225828620590958,-12.498,41.3
2.88147361267958,0.328035901254797,0.0935146456675321,0.104992922226317,0.243204653680838,0.0226049802516024,-12.499,41.5
2.87719152370732,0.326655094428303,0.0921333942660414,0.10499285472562,0.241823686042261,0.0226277339996077,-12.501,41.5
2.87287412593836,0.325274283216768,0.0907515397100189,0.104993648324139,0.240442497431183,0.0226511380139034,-12.501,41.4
2.86847651119149,0.323893465911993,0.0893696959058974,0.104994401408827,0.239061308820106,0.0226752016291489,-12.501,41.4
2.86404159267446,0.322512642612355,0.0879878626800838,0.104995116047948,0.237680120209029,0.0226999380348396,-12.499,41.4
2.85945610089726,0.321131815203319,0.0866066475977657,0.104994936550927,0.236299152570451,0.0227253565679741,-12.5,41.5
2.85487216760654,0.319750984635893,0.0852251326425195,0.104995195043996,0.234918074445624,0.0227514769791425,-12.497,41.6
2.85004245751797,0.318370152754585,0.0838445363440113,0.104994153860913,0.233537327779547,0.0227783047493514,-12.501,41.6
2.84522703923204,0.316989318671753,0.0824627221458136,0.104994881137551,0.232156139168469,0.022805869291933,-12.5,41.6
2.8403163669197,0.315608479759284,0.0810812219159153,0.104995142459516,0.230775061043642,0.0228341744382949,-12.499,41.6
2.83528441589495,0.31422763787899,0.0797000323690315,0.104994961614164,0.229394093405065,0.0228632349019072,-12.499,41.7
2.83012628091031,0.312846793968287,0.0783188464049306,0.104994790001109,0.228013125766487,0.0228930681124099,-12.5,41.8
2.82490562127093,0.311465947165619,0.0769373600977785,0.104995055975662,0.22663204764166,0.0229236920582073,-12.499,41.7
2.81953025387446,0.310085097522516,0.0755561842488537,0.104994879545378,0.225251080003082,0.0229551176648442,-12.5,41.7
2.81406200493446,0.308704245079999,0.0741747078935647,0.104995140948626,0.223870001878255,0.0229873661122274,-12.5,41.7
2.80842949716527,0.307323388993767,0.072793237967838,0.104995389007031,0.222488923753428,0.0230204514019725,-12.502,41.7
2.80276340174358,0.305942527533972,0.0714111666318885,0.10499648205511,0.2211076246561,0.0230543958547966,-12.5,41.8
2.79692778836658,0.304561660797051,0.0700297154999641,0.104996661648972,0.219726546531273,0.0230892057784938,-12.5,41.9
2.79096081629664,0.303180790647203,0.0686482703903625,0.104996832074425,0.218345468406446,0.023124904052331,-12.5,41.8
2.78485767328976,0.30179991713953,0.0672668312058512,0.104996993799524,0.216964390281618,0.0231615085530224,-12.5,41.8
2.77861330758831,0.300419040328245,0.0658853978507676,0.10499714726843,0.215583312156791,0.0231990375235714,-12.5,41.9
2.77224565009617,0.299038160266687,0.0645039702309938,0.104997292902627,0.214202234031964,0.0232375095807635,-12.499,42
2.76570450258509,0.297657277901669,0.0631228521219201,0.104997002275457,0.212821266393386,0.023276940529088,-12.499,42.1
2.75900541283944,0.296276394159883,0.0617417364422423,0.104996726485034,0.211440298754809,0.0233173527911183,-12.499,42
2.75214220949408,0.294895509063554,0.0603606231527369,0.104996464773929,0.210059331116231,0.0233587661467031,-12.499,42
2.74508499075186,0.293514622634554,0.0589795122148138,0.104996216423383,0.208678363477654,0.0234012007808831,-12.5,42.1
2.73789514927967,0.29213373400006,0.0575980997225171,0.104996409577954,0.207297285352827,0.0234446808128183,-12.499,42.2
2.73047567858993,0.290752843200521,0.0562169964966824,0.104996164045206,0.205916317714249,0.0234892203075835,-12.5,42.2
2.72288528301941,0.289371950266052,0.0548355915919598,0.104996359873723,0.204535239589422,0.023534847846854,-12.5,42.2
2.71511802784643,0.287991054341623,0.0534541919632066,0.104996545705041,0.203154161464594,0.0235815818057115,-12.499,42.2
2.7071203930456,0.286610156369847,0.0520731013932292,0.104996293222898,0.201773193826017,0.0236294406536203,-12.499,42.1
2.698904810905,0.285229257273277,0.0506920128080199,0.104996053630167,0.20039222618744,0.0236784508811816,-12.499,42.2
2.69046172302418,0.283848357070074,0.0493109261755338,0.104995826268834,0.199011258548862,0.0237286357517319,-12.499,42.3
2.68178099562684,0.282467455778105,0.0479298414642437,0.104995610514477,0.197630290910285,0.0237800190050626,-12.499,42.3
2.67278037715334,0.281086553414947,0.0465487586431312,0.104995405774549,0.196249323271708,0.0238326248671677,-12.502,42.2
2.66365578458829,0.279705647314882,0.0451667660777121,0.104996497966633,0.19486802417438,0.0238864911377271,-12.499,42.3
2.65417089590806,0.278324737552761,0.0437856963125309,0.104996247921573,0.193487056535803,0.0239416171986172,-12.5,42.4
2.64444649019023,0.276943825961868,0.0424043243282285,0.104996439468137,0.192105978410975,0.0239980461371567,-12.499,42.4
2.63440196132408,0.275562912576567,0.0410232609563733,0.104996192409471,0.190725010772398,0.0240557951989418,-12.499,42.4
2.62401996125941,0.274181998315329,0.0396421991301634,0.104995957963345,0.189344043133821,0.024114895656516,-12.5,42.3
2.61328191550658,0.272801082297958,0.0382608349566551,0.104996164312505,0.187962965008993,0.0241753797640381,-12.502,42.3
2.6023618009724,0.271420161874633,0.0368788676655194,0.104997217780628,0.186581665911666,0.0242372807906769,-12.497,42.4
2.59092245309394,0.270039239809181,0.0354984305025376,0.104996073335245,0.185200919245589,0.0243005920606176,-12.499,42.5
2.57914293555999,0.268658318786934,0.0341173806065484,0.104995844967952,0.183819951607011,0.0243653775934384,-12.499,42.4
2.56695981253622,0.267277397012051,0.0327363320386324,0.10499562825899,0.182438983968434,0.0244316570428568,-12.499,42.4
2.55430192389991,0.265896474496684,0.0313552847773472,0.104995422613191,0.181058016329856,0.0244994606867643,-12.501,42.4
2.54121225731711,0.264515549464111,0.0299736310656192,0.104996085119024,0.179676827718779,0.0245688306474072,-12.502,42.5
2.52774205916982,0.263134619281638,0.0285916809951059,0.104997142630037,0.178295528621452,0.0246397934842496,-12.499,42.6
2.51370496754476,0.261753685825927,0.0272106530387361,0.104996859674401,0.176914560982874,0.0247123582963295,-12.499,42.6
