3.12029770744445,1,1,0,1,0.022900455249102,-12.5
3.09482035142538,0.9999964993996,0.998049317160941,0.000353539031563696,0.998615618043481,0.0227108011488743,-12.5
3.08352493868586,0.999986021193111,0.996101495845406,0.00070640697670141,0.997231236086961,0.0225242482290979,-12.501
3.07764594469935,0.999968600358394,0.994156365539465,0.00105863339238933,0.995846743379885,0.0223407312307493,-12.5
3.07433723895471,0.999944271977084,0.992214224195052,0.00141016293013114,0.994462361423366,0.0221602296404347,-12.5
3.07251179060185,0.999913071232653,0.990274901213913,0.00176102519586039,0.993077979466847,0.0219826796017085,-12.498
3.07151727138408,0.999875033411311,0.988338694464088,0.00211116488994519,0.99169381901144,0.0218080605756153,-12.498
3.07108920411815,0.99983019362002,0.986405277209224,0.0024606399502133,0.990309658556034,0.0216362964783785,-12.498
3.07100187419764,0.999778586229196,0.984474635353978,0.00280945163827007,0.988925498100628,0.0214673406446728,-12.5
3.07120511410157,0.999720244875487,0.982546442764975,0.00315765777957111,0.987541116144108,0.0213011207955809,-12.501
3.07168583404623,0.999655202746468,0.980620842001432,0.00350523124044042,0.986156623437032,0.0211376060457993,-12.498
3.07220094338064,0.999583494261787,0.978698443625715,0.00385206008933946,0.984772462981626,0.0209768036388644,-12.5
3.07279935353942,0.999505153385231,0.976778452861865,0.00419828715530042,0.983388081025107,0.0208186052192258,-12.503
3.07359940225674,0.99942021223104,0.974860700370322,0.00454394186374787,0.982003366816918,0.0206629566990401,-12.5
3.07439342806589,0.999328704151896,0.972946109489968,0.00488885560239349,0.980618984860398,0.0205098904729541,-12.5
3.07522895793787,0.999230663169256,0.971034197760143,0.00523311462711088,0.979234602903879,0.020359327286963,-12.5
3.07609439218635,0.999126122293943,0.969124951643074,0.00557672018067548,0.977850220947359,0.0202112262227424,-12.5
3.07698069401693,0.999015114369972,0.967218357669396,0.00591967350350373,0.97646583899084,0.0200655470311197,-12.5
3.07786081931157,0.998897672075399,0.965314402437804,0.00626197583365748,0.975081457034321,0.0199222501211361,-12.501
3.0787889373458,0.998773827643111,0.963412916560083,0.00660365668997105,0.973696964327245,0.019781285365716,-12.5
3.07973987596029,0.998643613423639,0.961514199108196,0.00694466068587863,0.972312582370725,0.0196426370082532,-12.498
3.08061195366608,0.998507062443248,0.959618392707513,0.00728496082307151,0.970928421915319,0.0195062776407135,-12.5
3.08155906509328,0.998364206720703,0.957724859549204,0.00762467157010168,0.9695440399588,0.0193721265621041,-12.498
3.08240373000228,0.998215078114871,0.955834211245817,0.00796368091325719,0.968159879503393,0.0192401902555524,-12.501
3.08335647130475,0.998059708041692,0.953945654066263,0.00830213159955278,0.966775386796318,0.0191103803392149,-12.498
3.08424206867055,0.997898128040778,0.952060112092968,0.00863985499069359,0.965391226340911,0.0189827238515527,-12.498
3.08511710083143,0.997730370329675,0.950177103605057,0.00897693731659607,0.964007065885505,0.0188571547015325,-12.498
3.08594298984292,0.99755646612441,0.948296615800803,0.00931337979412778,0.962622905430098,0.0187336387746189,-12.5
3.08679413150774,0.997376445923178,0.946418323833917,0.00964924020409147,0.961238523473579,0.0186121232314692,-12.5
3.0876319305093,0.997190340071011,0.944542527598818,0.00998446308512051,0.95985414151706,0.0184925949774418,-12.5
3.08849252875051,0.996998179318758,0.942669214484551,0.0103190496473699,0.95846975956054,0.0183750215288852,-12.498
3.08926506148289,0.996799994821982,0.940798684053138,0.0106529445324523,0.957085599105134,0.0182593892854028,-12.5
3.09005963426748,0.996595817017773,0.938930299144396,0.0109862621857969,0.955701217148614,0.0181456298131314,-12.5
3.0908751296405,0.996385675631217,0.937064359906987,0.0113189471368577,0.954316835192095,0.0180337308533752,-12.498
3.09160299134607,0.996169601356446,0.935201166092164,0.0116509440203826,0.952932674736689,0.0179236794622249,-12.5
3.09238710809692,0.995947624171454,0.933340080728022,0.0119823672749489,0.951548292780169,0.0178154105087965,-12.498
3.09306645719972,0.995719773904645,0.931481716259801,0.0123131048569267,0.950164132324763,0.0177089292257869,-12.501
3.09380125321872,0.995486079951761,0.929625279784901,0.0126432994834698,0.948779639617687,0.0176041642836393,-12.5
3.09453747643618,0.995246571282324,0.927771384100791,0.0129728390527239,0.947395257661168,0.017501121153166,-12.498
3.09518777186784,0.99500127811782,0.925920172983084,0.0133016965249938,0.946011097205761,0.0173997794651923,-12.5
3.09585737169298,0.994750229686411,0.92407100976738,0.0136299863275234,0.944626715249242,0.0173000792436102,-12.5
3.09651121202014,0.994493454510362,0.922224195095617,0.0139576529716162,0.943242333292722,0.0172020097450564,-12.5
3.09713225157757,0.994230981526966,0.920379717100583,0.0142846976401491,0.941857951336203,0.0171055443180222,-12.501
3.09777193545255,0.993962839247247,0.918537407920401,0.0146111497968762,0.940473458629127,0.0170106492183871,-12.5
3.09841278710253,0.993689056318685,0.916697568145661,0.0149369540002562,0.939089076672608,0.0169173138397475,-12.498
3.09897048075794,0.993409662083199,0.914860341912685,0.015262083197109,0.937704916217201,0.0168255197321063,-12.5
3.09954681961581,0.993124684893832,0.913025092915961,0.0155866518012195,0.936320534260682,0.0167352125700453,-12.5
3.10010801397677,0.992834152402148,0.911192122154504,0.0159106043104577,0.934936152304162,0.0166463826226351,-12.5
3.10065420640063,0.99253809267914,0.90936141811637,0.0162339418942925,0.933551770347643,0.0165590057495638,-12.5
3.10115260072832,0.99223653365396,0.907532969347785,0.0165566657199729,0.932167388391124,0.0164730582054503,-12.502
3.1016694885789,0.991929502554535,0.905706452343599,0.0168788335187772,0.930782784933491,0.0163885032180047,-12.502
3.10223705611281,0.991617026472154,0.903882168332593,0.0172003897799086,0.929398181475859,0.0163053316667977,-12.498
3.10272456124014,0.99129913404056,0.902060730249943,0.0175212225316954,0.928014021020453,0.0162235469021796,-12.498
3.10316558904439,0.990975853746915,0.900241501735132,0.0178414462799904,0.926629860565046,0.0161430998750994,-12.5
3.10364117122527,0.99064721225604,0.89842415951394,0.0181611187470466,0.925245478608527,0.0160639561717871,-12.499
3.10407074389471,0.99031323637901,0.896609161099541,0.0184801561299364,0.923861207402564,0.0159861134413103,-12.5
3.10450273922145,0.989973953070055,0.894796183099028,0.0187986162004191,0.922476825446045,0.0159095380734768,-12.5
3.10493707385065,0.989629388868101,0.892985370798235,0.0191164717712245,0.921092443489525,0.0158342155380969,-12.499
3.10532639703594,0.989279570737596,0.891176869308488,0.019433695706689,0.919708172283562,0.0157601312445335,-12.5
3.10571844804352,0.988924525226218,0.889370355403608,0.0197503457720253,0.918323790327043,0.0156872532055331,-12.5
3.10611316010606,0.988564278468393,0.887565974535313,0.0200663947734291,0.916939408370523,0.0156155675926444,-12.499
3.10647938782677,0.988198857026115,0.885763871979977,0.0203818155687149,0.915555137164561,0.0155450605198862,-12.499
3.10678659821806,0.987828287326689,0.883963880730261,0.0206966376334639,0.914170865958598,0.0154757070477759,-12.502
3.10715891203107,0.987452594544159,0.882165521953837,0.0210109469535515,0.912786262500966,0.0154074720935333,-12.5
3.10748799393306,0.987071804286882,0.880369565996067,0.0213246030866551,0.911401880544446,0.0153403645412604,-12.5
3.10780502048015,0.986685942871594,0.878575689725479,0.0216376638388967,0.910017498587927,0.0152743551485401,-12.5
3.10812537874305,0.986295035922903,0.876783882633396,0.021950130340426,0.908633116631407,0.0152094259775807,-12.499
3.10840359872625,0.985899109215984,0.874994290318865,0.0222619754361249,0.907248845425444,0.0151455644514915,-12.5
3.10868552144427,0.985498188115248,0.873206590040967,0.0225732568717886,0.905864463468925,0.0150827429973873,-12.5
3.10895609228393,0.985092297577837,0.871420927734225,0.0228839474342318,0.904480081512406,0.0150209496955749,-12.5
3.10921548379856,0.98468146271436,0.869637293100753,0.0231940482450478,0.903095699555886,0.0149601677542198,-12.5
3.10947876740719,0.984265708508542,0.8678556758947,0.0235035604237009,0.901711317599367,0.0149003806563841,-12.499
3.10971623946928,0.983845060097913,0.866076221976612,0.0238124568044079,0.900327046393404,0.0148415768215052,-12.499
3.10994304318806,0.983419542492509,0.864298764920374,0.0241207668391966,0.898942775187441,0.0147837354503313,-12.499
3.110144617755,0.982989180296416,0.862523294635824,0.0244284916410664,0.897558503981478,0.0147268408277187,-12.5
3.11036531880961,0.982553997709347,0.860749645029159,0.0247356606040269,0.896174122024959,0.0146708730552472,-12.499
3.11054649001065,0.982114019089255,0.858978118450108,0.0250422182169243,0.894789850818996,0.0146158258820096,-12.5
3.11073232541017,0.981669268670064,0.857208392621363,0.0253482222064659,0.893405468862477,0.0145616755414012,-12.5
3.11092281061633,0.981219770284145,0.855440613938718,0.0256536453404149,0.892021086905957,0.0145084117596193,-12.499
3.11108902591461,0.980765548203064,0.853674928617855,0.0259584604382266,0.890636815699994,0.0144560242201075,-12.499
3.11123129252163,0.980306626575272,0.851911170585994,0.0262626969371955,0.889252544494032,0.0144044943935646,-12.5
3.11139298282261,0.979843028867573,0.850149174049898,0.0265663842187381,0.887868162537512,0.0143538042583373,-12.499
3.11154532604967,0.979374778708713,0.848389241658345,0.0268694667591318,0.886483891331549,0.0143039481534192,-12.498
3.11161720161438,0.978901900167195,0.846631363540815,0.0271719457062939,0.885099730876143,0.0142549123362882,-12.502
3.11177998249848,0.978424415789662,0.844874749603533,0.0274739636215754,0.88371512741851,0.0142066641553985,-12.499
3.11187702870107,0.977942348571287,0.843120483602479,0.0277753233982475,0.882330856212548,0.0141592176147452,-12.5
3.11199374049616,0.977455722227886,0.841367931133873,0.0280761394180765,0.880946474256028,0.0141125444476144,-12.499
3.11208777701398,0.97696455979723,0.839617395088849,0.0283763561469745,0.879562203050065,0.0140666394420311,-12.499
3.11218746108541,0.976468884479787,0.837868709783398,0.0286760030056358,0.878177931844103,0.0140214863621572,-12.498
3.11220893474134,0.975968719359261,0.836122021920343,0.0289750527926633,0.876793771388696,0.0139770764653877,-12.502
3.11233412273359,0.975464086282053,0.834376541693077,0.0292736480570287,0.875409167931064,0.0139333801810714,-12.498
3.11238154801682,0.974955007826679,0.832633509197928,0.0295715633965249,0.874025007475657,0.0138904136021465,-12.499
3.11242122228113,0.974441507293928,0.830892134031842,0.0298689415173955,0.872640736269695,0.0138481476080274,-12.5
3.11249469109155,0.973923606468974,0.829152407260697,0.0301657834393866,0.871256354313175,0.0138065708843452,-12.498
3.11253289282795,0.973401327867056,0.827414788159396,0.0304620053309414,0.869872193857768,0.0137656820335682,-12.498
3.11256364522288,0.97287469416827,0.825678955087857,0.0307576649352442,0.868488033402362,0.0137254632424328,-12.498
3.11258707252784,0.972343727378961,0.823944899021254,0.0310527633196267,0.867103872946956,0.0136859035871554,-12.498
3.11261694415063,0.971808449394275,0.822212610980367,0.0313473015493942,0.86571971249155,0.0136469923230884,-12.497
3.1125852283856,0.971268882278769,0.820482238085971,0.0316412524047076,0.8643356627867,0.0136087219189304,-12.5
3.11257389896045,0.970725047144893,0.81875314700193,0.0319347301330089,0.86295128083018,0.013571069880879,-12.501
3.11258285458117,0.970176964440207,0.817025641681627,0.0322276790661409,0.861566788123104,0.0135340323043699,-12.5
3.11259850669669,0.969624655628197,0.815300025661815,0.0325200436416155,0.860182406166585,0.0134976050526641,-12.498
3.11258048806745,0.969068142903095,0.813576446010091,0.0328117966855357,0.858798245711179,0.0134617809274567,-12.498
3.11255596370409,0.968507448066461,0.811854581446663,0.0331029959249533,0.857414085255772,0.0134265443226878,-12.498
3.11249825988334,0.967942592250546,0.810134423305172,0.0333936424110979,0.856029924800366,0.0133918856686572,-12.5
3.11243438472251,0.967373595920717,0.8084156508538,0.0336837937594487,0.854645542843847,0.0133577901424634,-12.502
3.11241773544543,0.966800478879783,0.806698255971394,0.0339734509098743,0.853260939386214,0.0133242487523678,-12.5
3.11236831243543,0.96622326195068,0.804982854796348,0.0342625016679693,0.851876557429695,0.0132912631182971,-12.5
3.11231291419964,0.965641966409331,0.803269126264432,0.0345510037510302,0.850492175473175,0.0132588188692417,-12.5
3.11225164258456,0.965056612865001,0.801557061923766,0.0348389582005499,0.849107793516656,0.013226907191673,-12.5
3.11221098887997,0.964467221822816,0.799846653365175,0.0351263660560443,0.847723411560137,0.0131955194168743,-12.498
3.11211190534368,0.963873814244385,0.798138204331233,0.0354131717888109,0.84633925110473,0.0131646519173957,-12.5
3.11205987823003,0.963276410424358,0.796431081821182,0.035699489674287,0.844954869148211,0.0131342864290456,-12.498
3.11194986088323,0.962675030556725,0.794725902231346,0.0359852075060123,0.843570708692804,0.0131044244233637,-12.5
3.11186069654811,0.962069694731545,0.79302203264487,0.0362704395554966,0.842186326736285,0.0130750482313976,-12.5
3.11176623707336,0.961460422379159,0.791319777432303,0.0365551301786047,0.840801944779766,0.0130461546922617,-12.5
3.11169260902641,0.960847233390872,0.789619128436198,0.0368392804030703,0.839417562823246,0.013017735957957,-12.498
3.1115488382962,0.960230148117578,0.787920389649583,0.0371228346884308,0.83803340236784,0.0129897887449165,-12.501
3.11145200803053,0.959609185966249,0.786222772266264,0.0374059355815082,0.836648909660764,0.012962294336556,-12.5
3.11132432959954,0.958984365968104,0.784526893159417,0.0376884708104398,0.835264527704245,0.0129352541736632,-12.501
3.111217650067,0.958355707616408,0.782832431995885,0.0379704980152123,0.833880034997169,0.0129086565845804,-12.5
3.1110932824581,0.957723230306868,0.781139693160417,0.03825196159391,0.832495653040649,0.012882498601089,-12.5
3.11098994100985,0.957086953616288,0.779448512455072,0.0385328908995283,0.83111127108413,0.0128567709738369,-12.498
3.11085626704293,0.956446897303072,0.777759194115857,0.0388132303799773,0.829727110628724,0.0128314707310364,-12.498
3.11071806931821,0.955803081024838,0.776071417742213,0.0390930377211059,0.828342950173317,0.0128065868535035,-12.498
3.11054986223889,0.955155523780723,0.774385175542573,0.0393723139330189,0.826958789717911,0.0127821125859264,-12.5
3.11041561763453,0.954504243913768,0.772700147655487,0.0396511165901488,0.825574407761392,0.0127580374642501,-12.499
3.11027705221731,0.953849259955314,0.771016794989658,0.0399293617420278,0.824190136555429,0.0127343607787042,-12.498
3.11009610990486,0.953190591181795,0.769335109639801,0.0402070504469103,0.822805976100022,0.0127110760068273,-12.5
3.10993644980762,0.952528255932094,0.767654615576696,0.0404842686104094,0.821421594143503,0.0126881712837176,-12.5
3.10977271672852,0.951862272173797,0.765975617770765,0.0407609605594599,0.820037212186984,0.0126656441474928,-12.5
3.10960498190725,0.951192658342851,0.76429810866141,0.04103712729292,0.818652830230464,0.0126434884817961,-12.5
3.10942069370692,0.950519432782048,0.762622080726231,0.0413127698077519,0.817268448273945,0.0126216982713362,-12.501
3.10924516314086,0.949842613461442,0.760947370426215,0.0415879173821479,0.815883955566869,0.0126002659000278,-12.501
3.10907841575048,0.949162218260759,0.759274126598344,0.0418625426724796,0.814499462859793,0.012579187306203,-12.5
3.10889536250143,0.948478265529002,0.757602497887147,0.0421366183870219,0.813115080903274,0.0125584584112575,-12.5
3.10873372252822,0.947790773521983,0.755932320636422,0.0424101738521002,0.811730698946754,0.0125380718878927,-12.498
3.10854341608132,0.94709976068379,0.754263899621179,0.0426831534890048,0.810346538491348,0.0125180253835007,-12.498
3.10832457975908,0.946405245364363,0.752596914977138,0.0429556149570156,0.808962378035942,0.0124983101693656,-12.5
3.10815221612429,0.945707244701678,0.750931047337048,0.0432276158059638,0.807577996079422,0.0124789178190048,-12.498
3.10795149509745,0.945005776308151,0.749266914155939,0.0434990437777048,0.806193835624016,0.0124598492764521,-12.498
3.10772254223576,0.944300858265408,0.747604195679566,0.0437699565259167,0.80480967516861,0.0124410962394376,-12.5
3.10751516651078,0.943592507444462,0.74594257265016,0.0440404115948401,0.80342529321209,0.0124226506935372,-12.5
3.10729215223762,0.942880740632021,0.744282350522424,0.0443103532869949,0.802040911255571,0.0124045106591977,-12.501
3.10707835714181,0.942165574809075,0.742623366162962,0.0445798108599935,0.800656418548495,0.0123866697986934,-12.501
3.10689854799693,0.941447026871277,0.740965768812323,0.0448487569496664,0.799271925841419,0.0123691247335903,-12.498
3.10665389065225,0.94072511474863,0.739310019625821,0.0451171076775417,0.797887765386013,0.0123518748087397,-12.5
3.10645557694474,0.939999855719021,0.7376553306704,0.0453850055893455,0.796503383429493,0.012334908407766,-12.498
3.10622965749589,0.939271266695347,0.736002319687964,0.0456523384121215,0.795119222974087,0.0123182263585829,-12.498
3.10600083447996,0.938539365063248,0.734350667209694,0.0459191637847645,0.793735062518681,0.0123018213997349,-12.498
3.10574458807522,0.937804167561365,0.732700366371055,0.0461854826705144,0.792350902063274,0.012285689082602,-12.5
3.10553462637772,0.937065690283662,0.731051098232946,0.0464513525970277,0.790966520106755,0.0122698225153759,-12.498
3.10529739807974,0.936323949803822,0.729403480676383,0.046716661284027,0.789582359651348,0.0122542224734413,-12.498
3.1050329894191,0.935578963169986,0.727757194370955,0.0469814663631,0.788198199195942,0.012238882167338,-12.5
3.10479037587968,0.934830746224903,0.726111920480584,0.0472458253564385,0.786813817239423,0.0122237950446269,-12.5
3.10450852682447,0.934079314732215,0.724467964879535,0.0475096825445555,0.785429435282903,0.0122089594897398,-12.503
3.10429728035333,0.933324684094915,0.722824852742597,0.0477731237293434,0.784044721074714,0.0121943680084052,-12.5
3.1040469789623,0.932566870479728,0.721183514456632,0.048035980001723,0.782660339118195,0.0121800236469763,-12.5
3.10379420592103,0.931805890808998,0.719543474573343,0.0482983373213403,0.781275957161676,0.0121659189860918,-12.5
3.10353900530066,0.931041761080831,0.717904726531891,0.0485601966353054,0.779891575205156,0.0121520502023755,-12.5
3.1032814203984,0.930274497212496,0.716267263804585,0.0488215588889309,0.778507193248637,0.01213841353674,-12.5
3.10300936874383,0.929504115040833,0.714631079896723,0.0490824250257348,0.777122811292118,0.0121250052933678,-12.501
3.10275923601354,0.928730630042609,0.712996012291791,0.0493428242705665,0.775738318585042,0.0121118207929311,-12.5
3.10249475032897,0.927954057896906,0.71136236689873,0.0496027009434337,0.774353936628522,0.0120988585722827,-12.5
3.10222804604479,0.927174414482686,0.709729981036088,0.0498620843194028,0.772969554672003,0.0120861140558635,-12.5
3.10195916275927,0.926391715319095,0.708098848339446,0.0501209753348482,0.771585172715483,0.012073583791101,-12.5
3.10170020062822,0.925605975846863,0.706468962476544,0.0503793749243668,0.770200790758964,0.0120612643838549,-12.499
3.10142709545188,0.924817211708745,0.704840473201747,0.0506372557376587,0.768816519553001,0.0120491534582377,-12.499
3.10113988918029,0.924025438467982,0.70321321796308,0.0508946470425856,0.767432248347038,0.0120372467410779,-12.5
3.1008386210826,0.923230671049548,0.70158703447032,0.0511515780514529,0.766047866390519,0.0120255400802733,-12.502
3.10059541200449,0.92243292374338,0.699961760693673,0.0514080779211152,0.764663262932887,0.0120140294413683,-12.499
3.10031426919735,0.921632211887869,0.698338171190225,0.0516640060543468,0.763278991726924,0.0120027162887292,-12.499
3.10001921429217,0.920828551301637,0.696715790964317,0.0519194483857831,0.761894720520961,0.0119915947750687,-12.5
3.0997462228013,0.920021956604599,0.695094457850832,0.0521744341206938,0.760510338564442,0.0119806610238979,-12.499
3.0994594203951,0.919212442623318,0.693474478108331,0.0524289075595435,0.759126067358479,0.0119699138266599,-12.499
3.09915883892607,0.918400024388537,0.691855689403216,0.0526828979578931,0.757741796152516,0.0119593493940847,-12.5
3.09884450784107,0.917584716295429,0.690237929662535,0.0529364345157709,0.756357414195996,0.011948964045311,-12.502
3.09858808677806,0.916766532106802,0.688621037072673,0.0531895463777775,0.754972810738364,0.0119387542048527,-12.499
3.09831805433552,0.915945486636587,0.687005786405796,0.0534420929344565,0.753588539532401,0.0119287211744797,-12.497
3.09798676362752,0.915121595741687,0.685392014989496,0.0536941035419907,0.752204489827551,0.0119188613354526,-12.5
3.09771330959267,0.914294873519067,0.683778936195217,0.0539457206333293,0.750820107871032,0.0119091680983561,-12.498
3.0973906541158,0.913465333996822,0.682167325117401,0.0541968035398307,0.749435947415625,0.011899642742196,-12.5
3.09709014131834,0.912632991409846,0.6805565512404,0.0544474664079726,0.748051565459106,0.0118902796446562,-12.5
3.09678805102062,0.9117978593629,0.678946921323838,0.054697653468825,0.746667183502587,0.0118810778140117,-12.5
3.09648441104404,0.910959951951151,0.677338429587272,0.0549473656255636,0.745282801546067,0.0118720347651094,-12.5
3.09620297497318,0.910119283198543,0.67573107027947,0.0551966037796495,0.743898419589548,0.0118631480562391,-12.498
3.0958963712454,0.909275867618252,0.674125149787511,0.0554453122645877,0.742514259134141,0.0118544166735308,-12.498
3.09556460727602,0.908429719649175,0.672520349851041,0.0556935486520391,0.741130098678735,0.0118458368270107,-12.5
3.09525503660163,0.907580852538001,0.670916352698626,0.0559413704043825,0.739745716722216,0.0118374048652,-12.5
3.09494404750596,0.906729279465429,0.669313465263799,0.0561887217424315,0.738361334765696,0.0118291198987407,-12.5
3.09463166472578,0.905875014104706,0.667711681939148,0.0564356035591247,0.736976952809177,0.0118209796934829,-12.5
3.09431791250911,0.905018070059989,0.666110997145592,0.0566820167457059,0.735592570852658,0.0118129820549429,-12.5
3.09401461974696,0.904158460866693,0.664511405332245,0.0569279621917267,0.734208188896138,0.011805124827713,-12.499
3.0936982287489,0.903296200271886,0.662913057030895,0.0571734125019281,0.732823917690175,0.0117974065069204,-12.499
3.09336874873337,0.902431301952699,0.66131579046306,0.0574183968992975,0.731439646484213,0.0117898243799126,-12.5
3.09304975186093,0.90156377895753,0.659719444108105,0.0576629445513513,0.730055264527693,0.0117823758149866,-12.5
3.09270594957598,0.900693644269314,0.658124168811188,0.0579070280039953,0.728670882571174,0.0117750594193806,-12.502
3.09240793852013,0.899820910524865,0.65652964705099,0.058150704704616,0.727286279113541,0.0117678720850975,-12.5
3.09209700037145,0.898945590858183,0.654936498119143,0.0583938622928186,0.725901897157022,0.0117608141786954,-12.499
3.09177314010742,0.898067699175154,0.653344560143355,0.0586365300371026,0.724517625951059,0.0117538831920135,-12.499
3.09144810807454,0.897187248751778,0.651753671509648,0.0588787371504105,0.723133354745096,0.0117470766929609,-12.499
3.09112192398641,0.896304252517391,0.650163826915688,0.0591204845071102,0.721749083539133,0.0117403928534006,-12.499
3.0907711394776,0.895418723336,0.648575021085934,0.0593617729799099,0.720364812333171,0.0117338298789218,-12.501
3.09048955431077,0.894530673446514,0.646986936662244,0.0596026600061063,0.718980319626095,0.0117273849866967,-12.497
3.09010148724869,0.893640116147135,0.645400505207864,0.0598429766489888,0.717596269921245,0.0117210595133281,-12.502
3.08980593084128,0.89274706382589,0.643814316117175,0.0600829785393593,0.716211666463612,0.0117148472207863,-12.499
3.08947426753663,0.891851528532412,0.64222961380441,0.0603224400096997,0.714827395257649,0.0117087504476144,-12.499
3.08912985908448,0.890953523651911,0.640645924271856,0.0605614469352008,0.713443124051687,0.0117027660564935,-12.5
3.08879609468604,0.890053061383184,0.639063086347298,0.0608000284618003,0.712058742095167,0.0116968919800757,-12.5
3.08847301214843,0.88915015386386,0.637481251222557,0.0610381571138664,0.710674360138648,0.0116911271299906,-12.499
3.08813727905266,0.888244813729862,0.635900569885102,0.0612758054679212,0.709290088932685,0.011685470413055,-12.499
3.08778888895543,0.887337053552788,0.634320881009834,0.061513002718787,0.707905817726722,0.0116799198523381,-12.5
3.08748620635172,0.886426885281091,0.632742023527204,0.0617497780058687,0.706521435770203,0.0116744735342103,-12.497
3.08712431828979,0.885514321643463,0.631164616895063,0.0619860189976462,0.705137386065353,0.0116691317235557,-12.499
3.08678476781952,0.884599375022341,0.629587875187985,0.0622218681239294,0.70375311485939,0.0116638908462994,-12.499
3.08640932342474,0.88368205689981,0.628012106036105,0.0624572695623109,0.702368843653427,0.011658750369117,-12.502
3.08610280755124,0.882762378418946,0.62643683636121,0.0626923090119576,0.700984240195795,0.0116537077250993,-12.499
3.08576054549184,0.881840351508077,0.624862998288332,0.0629268174612601,0.699599968989832,0.0116487639928501,-12.499
3.0854057627098,0.880915988872569,0.623290118098562,0.0631608807675287,0.698215697783869,0.0116439166363689,-12.5
3.085061724287,0.879989302034812,0.62171803489708,0.0633945280588548,0.69683131582735,0.0116391639918146,-12.5
3.08475173787401,0.879060302459444,0.620146900151701,0.0636277318417937,0.69544693387083,0.0116345051895343,-12.497
3.08438285716738,0.878129002672895,0.618577177233749,0.0638604081088438,0.694062884165981,0.0116299400791571,-12.499
3.08402471169532,0.877195414576783,0.617008080414982,0.0640926992769464,0.692678612960018,0.0116254656140004,-12.5
3.08367733976716,0.876259548894758,0.615439761467096,0.0643245777939723,0.691294231003499,0.0116210810010365,-12.5
3.08334078029325,0.875321416855907,0.613872371954504,0.0645560161600915,0.689909849046979,0.0116167854429135,-12.499
3.08298023503646,0.874381030192199,0.61230606323539,0.0647869869276745,0.688525577841016,0.0116125781385857,-12.5
3.0826072659077,0.873438400295803,0.610740518298863,0.0650175475505598,0.687141195884497,0.0116084573052444,-12.502
3.08227987564728,0.872493537662121,0.609175576671272,0.0652477270904052,0.685756592426864,0.0116044215587473,-12.5
3.08192858888909,0.871546453574141,0.607611858403353,0.0654774131380909,0.684372210470345,0.0116004711286839,-12.5
3.08155335648174,0.870597159816042,0.606049046323452,0.0657066631966069,0.682987828513826,0.01159660432477,-12.502
3.0812468698284,0.869645666993212,0.604486823743337,0.0659355346597912,0.681603225056193,0.0115928195336436,-12.498
3.08084707346352,0.868691986778586,0.602926122892777,0.0661638585475568,0.680219064600787,0.0115891175607256,-12.502
3.08051592704312,0.867736130223185,0.601365689883935,0.0663918621642894,0.678834461143154,0.011585495067719,-12.5
3.0801609697441,0.866778107765871,0.599806457452674,0.0666193764191912,0.677450079186635,0.011581952866595,-12.5
3.07980530440019,0.86581793091012,0.598248108542456,0.066846458807412,0.676065697230116,0.0115784894479697,-12.5
3.0794489390227,0.864855610542125,0.596690638688842,0.0670731101487194,0.674681315273596,0.0115751039105299,-12.5
3.07910345313533,0.863891157493073,0.595134043449951,0.067299331261325,0.673296933317077,0.0115717953748689,-12.499
3.07871104406387,0.862924582819469,0.593578474460974,0.0675250946787648,0.671912662111114,0.0115685632388298,-12.502
3.07838724140677,0.861955896681334,0.592023302877376,0.067750514402324,0.670528058653482,0.0115654056498686,-12.499
3.07799350290424,0.860985109749333,0.590469461339955,0.0679754213856659,0.669143787447519,0.0115623233084042,-12.502
3.07765678697168,0.86001223263738,0.588916008479084,0.0681999863008071,0.667759183989886,0.011559313940601,-12.5
3.07730793029122,0.859037275628543,0.587363720925043,0.0684240683814476,0.666374802033367,0.0115563779856467,-12.499
3.07694690551769,0.858060250071759,0.585812437854144,0.0686476968272245,0.664990530827404,0.0115535144299985,-12.499
3.07657368428168,0.857081166698995,0.584261998695722,0.0688709007823482,0.663606259621441,0.011550722304024,-12.5
3.07622288120832,0.856100035628366,0.582712243130853,0.0690937093357078,0.662221877664922,0.0115480006812212,-12.499
3.0758483902218,0.85511686720738,0.581163479254962,0.0693160666716084,0.660837606458959,0.0115453493055116,-12.5
3.07548477399492,0.854131671730316,0.579615390507406,0.0695380302127942,0.65945322450244,0.0115427670809512,-12.5
3.0751320727117,0.853144459160329,0.578068128971758,0.0697595724236423,0.65806884254592,0.0115402535704823,-12.499
3.07476725140147,0.852155239969858,0.576521846522736,0.0699806658207978,0.656684571339958,0.0115378083346532,-12.499
3.07440181371698,0.851164024577948,0.574976382718003,0.0702013395393197,0.655300300133995,0.0115354305568533,-12.499
3.07402423053191,0.850170823071425,0.573431733420941,0.0704215943758403,0.653916028928032,0.0115331196435804,-12.5
3.07365753030724,0.849175645206096,0.57188773846121,0.0706414594086024,0.652531646971512,0.0115308748435292,-12.5
3.0732902247536,0.848178500688944,0.570344550027441,0.0708609070944073,0.651147265014993,0.0115286957887704,-12.5
3.07292231710997,0.847179399457479,0.568802164044249,0.0710799382254616,0.649762883058474,0.0115265819426995,-12.5
3.07255381036592,0.846178351398995,0.567260576456845,0.0712985535924678,0.648378501101954,0.0115245327874646,-12.5
3.0721962298107,0.845175366350828,0.565719783230928,0.0715167539846276,0.646994119145435,0.0115225478238446,-12.499
3.07181505453139,0.844170454380653,0.564179936407209,0.0717345119065221,0.645609847939472,0.0115206267222982,-12.5
3.07145628473003,0.84316362522475,0.562640719653879,0.0719518847642919,0.644225465982953,0.0115187687131524,-12.499
3.07107393220211,0.842154888571151,0.561102441336816,0.0721688167226189,0.64284119477699,0.0115169736497608,-12.5
3.0707024661783,0.841144254057985,0.559564785164463,0.072385365184662,0.641456812820471,0.0115152408191115,-12.5
3.07033041381604,0.840131730995578,0.558027903488121,0.0726015025952498,0.640072430863951,0.0115135699596231,-12.5
3.06995777638852,0.839117328926788,0.556491792394254,0.0728172297346385,0.638688048907432,0.0115119606816058,-12.5
3.069584554927,0.83810105734625,0.554956447989102,0.0730325473816033,0.637303666950912,0.0115104126132995,-12.5
3.06921075022154,0.837082925700625,0.55342186639858,0.0732474563134413,0.635919284994393,0.0115089254007954,-12.5
3.06887088531759,0.836062943388838,0.551888043768179,0.0734619573059738,0.634534903037874,0.0115074987079623,-12.497
3.06845002213709,0.835041120602466,0.550355444426748,0.0736759662841821,0.633150853333024,0.0115061325371377,-12.501
3.06808593103542,0.83401746635998,0.548822971489476,0.0738896821638636,0.631766360625948,0.0115048258295442,-12.5
3.06769829289481,0.832991989077488,0.547291402352285,0.0741029640857641,0.630381978669428,0.0115035788461991,-12.501
3.06734453605015,0.831964697966357,0.545760420898633,0.0743158694398658,0.628997485962352,0.0115023911218832,-12.499
3.06695577809669,0.830935602472399,0.544230491763208,0.0745283140916004,0.62761321475639,0.0115012626863577,-12.5
3.06661239324467,0.829904711992281,0.542701142584002,0.0747403837648392,0.62622883279987,0.0115001930309711,-12.497
3.06619955859165,0.828872036156652,0.541172994089376,0.0749519660388747,0.62484478309502,0.0114991822706701,-12.5
3.0658205007224,0.827837583985513,0.539645105563367,0.0751632315376213,0.623460401138501,0.0114982297242732,-12.5
3.06545235166531,0.826801363615977,0.538117942177364,0.0753740960130131,0.622076019181982,0.0114973354628604,-12.499
3.0650606634908,0.825763384262814,0.536591656321852,0.0755845319431487,0.620691747976019,0.0114964993897391,-12.5
3.06467983429909,0.824723654813712,0.535065932013034,0.0757945967077358,0.619307366019499,0.0114957212271849,-12.5
3.06430990534091,0.823682183832346,0.53354092190841,0.0760042627281972,0.61792298406298,0.0114950009177613,-12.499
3.06391643525476,0.822638980398743,0.532016778453729,0.0762135024783047,0.616538712857017,0.0114943384028109,-12.5
3.06353381385275,0.821594053266527,0.53049318572017,0.0764223733334482,0.615154330900498,0.0114937334842679,-12.5
3.06315058928095,0.820547410865988,0.528970296419937,0.0766308477107402,0.613769948943978,0.0114931861426837,-12.5
3.06278974364934,0.819499061864392,0.527448106998574,0.0768389263627734,0.612385566987459,0.0114926963206053,-12.498
3.06238241042005,0.818449015445305,0.525926926028843,0.0770465534744669,0.611001406532053,0.0114922640424832,-12.5
3.06202033948236,0.817397280184849,0.524406125315767,0.0772538430354229,0.609617024575533,0.0114918891471847,-12.498
3.06163475992665,0.8163438646177,0.522886326037165,0.0774606825538888,0.608232864120127,0.0114915717492631,-12.498
3.06122557607761,0.815288777793614,0.521367212142775,0.0776671294503787,0.606848703664721,0.0114913117961195,-12.5
3.06083865515453,0.814232027597371,0.519848468060089,0.077873241036411,0.605464321708201,0.0114911092893606,-12.5
3.06043961201544,0.813173621874855,0.518330402910451,0.0780789613822257,0.604079939751682,0.011490964322083,-12.501
3.0600628673975,0.812113568711407,0.516812857208581,0.0782843195135961,0.602695447044606,0.0114908769540308,-12.5
3.0596740374757,0.811051876432034,0.515296139879334,0.0784892595518312,0.601311065088087,0.0114908472811948,-12.5
3.0592845605768,0.809988553598778,0.513780091241933,0.0786938105736762,0.599926683131567,0.0114908753939269,-12.5
3.05889443095925,0.808923608450845,0.512264707917471,0.0788979733175606,0.598542301175048,0.0114909614095739,-12.5
3.05846916931296,0.807857049185803,0.510749986544116,0.079101748520512,0.597157919218529,0.011491105463253,-12.503
3.0581120463633,0.806788883119659,0.509235455613142,0.0793052217675269,0.59577320501034,0.0114913077634624,-12.5
3.05774290469167,0.80571911837301,0.507722048811134,0.0795082239330415,0.59438882305382,0.0114915683840434,-12.498
3.05732721424494,0.804647764422825,0.506209606082101,0.0797107841943836,0.593004662598414,0.0114918874996858,-12.5
3.0569337260122,0.803574829298421,0.504697499455313,0.079913016522864,0.591620280641895,0.0114922654194954,-12.5
3.05653954526227,0.802500320430332,0.503186038222448,0.0801148649747185,0.590235898685375,0.0114927023222913,-12.5
3.05616765085244,0.801424245770702,0.501675219122326,0.0803163302786204,0.588851516728856,0.0114931984515705,-12.498
3.05573767857908,0.800346613791584,0.500165351019499,0.0805173565956144,0.587467356273449,0.0114937539755669,-12.501
3.05537580814289,0.799267432081136,0.498655649954678,0.0807180861745966,0.586082863566373,0.0114943694040954,-12.498
3.05496738257241,0.79818670847158,0.497147049732714,0.0809183498800986,0.584698703110967,0.0114950447407592,-12.499
3.05456967022937,0.797104451312827,0.495638922251397,0.0811182617289299,0.583314431905004,0.0114957805050405,-12.499
3.05414822317265,0.796020668074338,0.49413142061697,0.0813177941058609,0.581930160699041,0.0114965769819641,-12.501
3.05377191410855,0.794935365907313,0.492624229557767,0.0815170042974487,0.580545667991965,0.01149743466934,-12.499
3.05338344765715,0.793848552487856,0.491117970603711,0.0817157797827742,0.579161396786003,0.0114983536676422,-12.498
3.05294826499962,0.792760236291539,0.489612484109486,0.0819141496701177,0.577777236330596,0.0114993344224253,-12.501
3.05258115132112,0.791670424351338,0.488107142512961,0.0821122278618737,0.576392743623521,0.011500377676187,-12.498
3.05216739554845,0.790579124226678,0.486602879730857,0.0823098452130027,0.575008583168114,0.0115014833615004,-12.499
3.0517412849611,0.789486343996047,0.485099067772279,0.0825071157307606,0.573624311962151,0.0115026522703131,-12.501
3.05133726675623,0.788392090298763,0.48359554774496,0.0827040683566277,0.572239819255076,0.0115038849921139,-12.501
3.05095543582552,0.787296370021116,0.482092629163775,0.08290064712778,0.570855326548,0.0115051818384416,-12.499
3.05052684901538,0.786199191133844,0.480590621098868,0.0830967961876222,0.569471055342037,0.0115065431001597,-12.501
3.05014334290185,0.785100561006371,0.479088895850128,0.0832926294843207,0.568086562634961,0.0115079697472772,-12.499
3.04971304642541,0.784000486972773,0.477588075087744,0.0834880344847657,0.566702291428998,0.0115094618783133,-12.501
3.04931630643709,0.782898976328173,0.476087531142078,0.0836831251344377,0.565317798721922,0.011511020546881,-12.5
3.04890722386089,0.781796036052679,0.474587729659006,0.0838778171806685,0.563933416765403,0.0115126459841179,-12.5
3.04849724517537,0.780691673649804,0.473088511391855,0.0840721396632082,0.562549034808884,0.011514338930655,-12.5
3.04808635708922,0.77958589630557,0.471589873393629,0.084266093283561,0.561164652852364,0.011516100026725,-12.5
3.04769758185094,0.778478711169689,0.470091812732224,0.0844596787418999,0.559780270895845,0.0115179299344208,-12.498
3.04726189924061,0.77737012591584,0.468594638599606,0.0846528401708234,0.558396110440439,0.0115198290284369,-12.5
3.04684820006643,0.776260147617889,0.467097723416875,0.0848456915077127,0.557011728483919,0.0115217986230308,-12.5
3.04642201125067,0.775148782755748,0.465601376865563,0.0850381767749382,0.5556273465274,0.0115238391490268,-12.501
3.04601783835535,0.77403603805569,0.464105440017742,0.0852303249504945,0.554242853820324,0.0115259515303108,-12.5
3.04560119659758,0.772921920490523,0.462610222352808,0.0854220801080026,0.552858471863805,0.0115281362041441,-12.5
3.04518354321954,0.771806437276921,0.46111556474172,0.0856134712766103,0.551474089907285,0.0115303941352111,-12.5
3.0447648622573,0.770689595315518,0.45962146435452,0.0858044991472401,0.550089707950766,0.0115327261458033,-12.5
3.04434513739352,0.769571401472079,0.458127918375552,0.0859951644095028,0.548705325994246,0.0115351330822128,-12.5
3.04392435195288,0.768451862577677,0.456634924003384,0.0861854677517001,0.547320944037727,0.0115376158150336,-12.5
3.04350248889724,0.767330985428866,0.455142478450743,0.0863754098608272,0.545936562081208,0.0115401752394715,-12.5
3.0430795308208,0.766208776787859,0.45365057894444,0.0865649914225756,0.544552180124688,0.0115428122756617,-12.5
3.04265545994511,0.765085243382697,0.452159222725296,0.0867542131213346,0.543167798168169,0.0115455278689946,-12.5
3.04223025811388,0.763960391907425,0.450668407048077,0.0869430756401951,0.54178341621165,0.0115483229904501,-12.5
3.04179235558919,0.762834229022265,0.449178129181419,0.0871315796609507,0.54039903425513,0.0115511986369397,-12.501
3.04139944283655,0.761706761073733,0.447688230353134,0.0873197541472238,0.539014541548054,0.0115541560715232,-12.498
3.04097084668175,0.760577995216896,0.446199332306823,0.0875074865920453,0.537630381092648,0.011557195377925,-12.498
3.04050636268772,0.759447938848823,0.444710963500513,0.0876948626838642,0.536246220637242,0.0115603183323775,-12.501
3.04008672769149,0.758316597650335,0.44322265309607,0.087881967948476,0.534861727930166,0.0115635268188186,-12.5
3.03964277032168,0.757183977555013,0.441735023338026,0.0880686897674737,0.533477345973646,0.0115668209629815,-12.501
3.03924376466312,0.756050085024662,0.440247759237437,0.0882550854349573,0.532092853266571,0.0115702024523049,-12.498
3.03880892826397,0.754914927049476,0.438761482605519,0.0884410424375364,0.530708692811164,0.0115736713723819,-12.498
3.03834962576719,0.753778510862487,0.437275721967572,0.0886266464572505,0.529324532355758,0.0115772297413636,-12.5
3.03791202912089,0.752640842261353,0.43579016260702,0.0888119547303754,0.527940150399239,0.0115808793970655,-12.5
3.03749624452767,0.751501927015384,0.434305114496814,0.088996911252051,0.526555768442719,0.0115846210542357,-12.498
3.03703284920964,0.750361771983984,0.432820887162854,0.0891814601237255,0.525171607987313,0.011588455399021,-12.5
3.03659111128887,0.749220383430854,0.43133685335849,0.0893657152516888,0.523787226030794,0.0115923849964446,-12.5
3.036147945402,0.748077767029841,0.429853323095823,0.0895496206272789,0.522402844074274,0.0115964106096308,-12.5
3.03571492755781,0.74693392898527,0.42837029383045,0.0897331769143945,0.521018462117755,0.0116005336394759,-12.499
3.03525728585993,0.745788875750167,0.426887919085457,0.0899163564925513,0.519634190911792,0.0116047551772965,-12.5
3.03478646893821,0.744642613464426,0.425405884003914,0.0900992166430621,0.518249808955273,0.011609077364211,-12.502
3.03439528976783,0.743495147397721,0.423924030255248,0.0902817862553855,0.51686520549764,0.011613502081389,-12.497
3.03390993160224,0.742346484473857,0.422443448186325,0.0904638678991625,0.51548115579279,0.0116180283468227,-12.5
3.03349253407988,0.741196631298297,0.420962885732437,0.0906456887656332,0.514096773836271,0.0116226605997519,-12.497
3.03300395742462,0.740045593886812,0.419483277443361,0.0908270796510689,0.512712724131421,0.0116273982173745,-12.5
3.0325484443125,0.738893378221939,0.418003683848801,0.0910082110703931,0.511328342174902,0.0116322451107713,-12.5
3.03209126467947,0.737739989418677,0.416524571359517,0.0911889986667559,0.509943960218383,0.01163720182815,-12.5
3.03167895849955,0.736585433404905,0.415045937544479,0.0913694430928006,0.508559578261863,0.0116422700786082,-12.496
3.03117201421676,0.735429717198739,0.41356840420345,0.0915494318674418,0.50717563930757,0.0116474499318679,-12.5
3.03072131134106,0.734272846660753,0.412090719577203,0.0917291921205753,0.505791257351051,0.0116527464873548,-12.499
3.03024557341996,0.733114826785543,0.410613662464824,0.0919085828703672,0.504406986145088,0.0116581594893646,-12.5
3.02979127768176,0.731955663380246,0.409136918145849,0.0920876613844523,0.503022604188568,0.0116636916647377,-12.499
3.02932353143723,0.730795362223604,0.407660796589361,0.0922663716892703,0.501638332982606,0.0116693440283033,-12.499
3.02884222837465,0.729633929344259,0.406185139153533,0.092444742766877,0.500254061776643,0.0116751189578437,-12.5
3.02837062214887,0.728471370180769,0.40470978743853,0.0926228035443147,0.498869679820123,0.0116810189111683,-12.5
3.02793212798828,0.727307690144683,0.403234895394547,0.0928005263274716,0.497485297863604,0.011687045453911,-12.497
3.02741000875449,0.726142895739924,0.401760928862742,0.0929778269085594,0.496101248158754,0.0116931991581332,-12.501
3.0269557863551,0.724976992315942,0.400286792462976,0.0931549040708583,0.494716755451678,0.0116994855938499,-12.499
3.02644112220942,0.723809984918414,0.398813421142861,0.0933315885397256,0.493332484245716,0.0117059039262352,-12.502
3.02599442757272,0.722641878844736,0.397340031882554,0.0935080224761833,0.491947880788083,0.0117124589350538,-12.499
3.0255106635708,0.721472679647947,0.3958675594216,0.0936840366570558,0.49056360958212,0.0117191497151192,-12.499
3.02498955683336,0.720302393690333,0.394395532642391,0.0938597167284891,0.489179338376157,0.0117259801091862,-12.502
3.02453642488903,0.719131025623164,0.392923481129013,0.0940351481740561,0.487794734918525,0.0117329541406959,-12.499
3.02404605017461,0.717958580915766,0.39145233965534,0.0942101617669622,0.486410463712562,0.0117400708432541,-12.499
3.02354164600509,0.716785065847138,0.389981637137922,0.0943848431497414,0.485026192506599,0.0117473343015839,-12.5
3.02303484432111,0.715610485545778,0.388511215304082,0.0945592212361161,0.48364181055008,0.0117547475921821,-12.501
3.02256088966166,0.714434844834692,0.387041072175899,0.0947332966018024,0.482257317843004,0.0117623132790682,-12.499
3.02206113968095,0.713258149352662,0.38557167394933,0.094906984972056,0.480873046637041,0.011770032106859,-12.499
3.02155894084055,0.712080404988606,0.384102705870373,0.0950803436477151,0.479488775431078,0.0117779079034246,-12.499
3.02104246358812,0.710901617042534,0.382634165765487,0.0952533732546048,0.478104504225116,0.0117859433509503,-12.5
3.02052337178449,0.709721790507627,0.381165895417489,0.0954261027004847,0.476720122268596,0.0117941418475006,-12.501
3.02001342151727,0.70854093007226,0.379697892903672,0.0955985325551193,0.47533562956152,0.0118025062230377,-12.501
3.01950084187912,0.707359040681168,0.378230312365669,0.0957706351040689,0.473951136854445,0.011811038674872,-12.501
3.01898558595489,0.706176127533672,0.376763151671234,0.0959424109686239,0.472566644147369,0.0118197421059696,-12.501
3.01849126321213,0.704992195802822,0.375296408698894,0.0961138607688954,0.471182151440293,0.0118286194765922,-12.499
3.01794697857365,0.703807251195626,0.373830393447148,0.0962849285575724,0.46979788023433,0.0118376723424095,-12.501
3.01744709786259,0.702621298829213,0.372364479139557,0.0964557281922778,0.468413387527254,0.0118469066780436,-12.499
3.01690893962342,0.701434343796743,0.37089928836531,0.0966261470495304,0.467029116321291,0.0118563226659052,-12.5
3.01637964195604,0.700246391443801,0.369434350423752,0.0967962707014881,0.465644734364772,0.0118659257428177,-12.5
3.01584736870037,0.69905744653028,0.367969819532322,0.0969660714253859,0.464260352408253,0.0118757184242201,-12.5
3.01532395233916,0.697867514071598,0.366505693634191,0.0971355498342045,0.462875970451733,0.0118857040351294,-12.499
3.01477374598531,0.696676599337878,0.365042126737552,0.0973046782566387,0.46149169924577,0.0118958851427993,-12.5
3.01424412923205,0.695484707292092,0.363578804468134,0.0974735139232764,0.460107317289251,0.0119062668317396,-12.499
3.01368757063803,0.694291842873079,0.362116037139464,0.0976420008235804,0.458723046083288,0.0119168509629547,-12.5
3.0131515295878,0.693098010993778,0.36065351039779,0.0978101961858227,0.457338664126769,0.0119276428207332,-12.499
3.01258838915434,0.691903216543247,0.359191534577057,0.0979780439971547,0.455954392920806,0.0119386443381377,-12.5
3.0120337418215,0.690707464384894,0.357729795343823,0.0981456014835412,0.454570010964287,0.0119498610064006,-12.5
3.01148762632008,0.689510759078451,0.356268446997614,0.0983128409129533,0.453185629007767,0.0119612957568659,-12.499
3.0109141639874,0.68831310572023,0.354807643617901,0.0984797346060031,0.451801357801804,0.0119729515243367,-12.5
3.01034904296618,0.687114509100275,0.353347070901333,0.0986463397852111,0.450416975845285,0.0119848341245119,-12.5
3.00975631078661,0.68591497370532,0.351886883177371,0.0988126287151105,0.449032593888766,0.0119969466605819,-12.502
3.00920774871449,0.684714503718907,0.350426766391389,0.0989786585622497,0.447647990431133,0.0120092952310146,-12.5
3.00864360137902,0.68351310386448,0.348967343284198,0.0991443166859285,0.446263608474614,0.0120218800681928,-12.499
3.00806369796833,0.682310779679871,0.347508455415253,0.0993096320748733,0.444879337268651,0.0120347063555572,-12.499
3.00746786366769,0.681107536115303,0.346049944584987,0.0994746336627846,0.443495066062688,0.0120477794336035,-12.5
3.00688004173626,0.679903377536363,0.344591652833592,0.0996393503284407,0.442110684106169,0.0120611048047876,-12.5
3.00628819504251,0.678698308287053,0.343133734549065,0.0998037543295573,0.440726302149649,0.0120746859449154,-12.5
3.0056680742249,0.677492332968998,0.341676187844274,0.0999678462596333,0.43934192019313,0.012088527451806,-12.502
3.00510409859117,0.676285455600475,0.340218698732369,0.100131683277286,0.437957316735498,0.0121026362893591,-12.499
3.00449982307368,0.675077681020547,0.338762046076222,0.100295124450775,0.436573045529535,0.0121170115576214,-12.499
3.00389122656452,0.673869014601558,0.337305759164203,0.10045825538086,0.435188774323572,0.0121316614743373,-12.499
3.00326608477705,0.672659460849978,0.335849836148203,0.100621076656443,0.433804503117609,0.0121465909960509,-12.5
3.00266068627147,0.67144902396946,0.334394119134825,0.10078361714843,0.43242012116109,0.0121618064021246,-12.499
3.00203865458495,0.670237708422934,0.332938918632768,0.100945820823561,0.431035849955127,0.0121773104048165,-12.499
3.00141198251554,0.669025518929883,0.331484076537091,0.101107716604301,0.429651578749164,0.0121931094537975,-12.499
3.00078058654366,0.667812459906367,0.330029591036763,0.101269305075094,0.428267307543201,0.0122092088922435,-12.499
3.00014438162546,0.666598535746132,0.328575460329906,0.101430586819275,0.426883036337239,0.012225614164419,-12.499
2.99949103883349,0.665383750820721,0.327121682623743,0.101591562419072,0.425498765131276,0.0122423308175171,-12.5
2.99885712216977,0.66416810919954,0.325668100079933,0.101752260738729,0.424114383174756,0.0122593658791745,-12.499
2.99819368737284,0.662951615211953,0.324215023261949,0.101912625738332,0.422730111968794,0.0122767223828798,-12.5
2.99754956529469,0.661734273164504,0.322762138064723,0.102072714616835,0.421345730012274,0.0122944089742912,-12.499
2.99688798382011,0.660516087342919,0.321309755069624,0.102232471332123,0.419961458806311,0.0123124288019779,-12.499
2.99620871868721,0.659297062290371,0.319857716244017,0.102391924797831,0.418577187600348,0.0123307893583326,-12.5
2.9955485884385,0.658077201967455,0.318405863794183,0.102551103872708,0.417192805643829,0.012349498359534,-12.499
2.99485828797911,0.656856510595272,0.316954508327994,0.102709952511356,0.415808534437866,0.0123685591347966,-12.5
2.99417461048258,0.655634992372648,0.315503335784557,0.102868527907253,0.414424152481347,0.0123879811763958,-12.5
2.99350999739006,0.654412651198092,0.314052500734564,0.103026802295946,0.413039770524828,0.0124077695374645,-12.498
2.99279005705454,0.653189491790082,0.312602313581914,0.10318471968256,0.411655610069421,0.0124279276492703,-12.5
2.99212615900452,0.651965518282215,0.311152147953513,0.103342393877244,0.410271228112902,0.0124484687754507,-12.497
2.99139421268965,0.650740735069139,0.309702782894487,0.103499683926013,0.408887178408052,0.0124693915914091,-12.499
2.99068082653145,0.64951514652093,0.308253435765287,0.103656731973663,0.407502907202089,0.0124907114905475,-12.499
2.98996115205655,0.648288756147804,0.306804417465321,0.103813481913315,0.406118635996126,0.0125124323575906,-12.499
2.9892350755476,0.64706156800139,0.305355726333012,0.103969934310836,0.404734364790164,0.0125345615296592,-12.499
2.98847736698044,0.645833586112843,0.303907360715178,0.104126089731019,0.403350093584201,0.0125571064814193,-12.501
2.98776308406998,0.644604813932854,0.302459006857737,0.104282005303832,0.401965600877125,0.0125800785371267,-12.499
2.98701709697255,0.643375255455717,0.301011287800526,0.10443756835206,0.400581329671162,0.0126034781047327,-12.499
2.98623897697597,0.64214491521375,0.299563889345887,0.10459283611111,0.399197058465199,0.0126273167280509,-12.501
2.98549154100098,0.640913796597122,0.298116497764556,0.104747865707744,0.397812565758123,0.0126516063799076,-12.5
2.9847244311281,0.639681903259863,0.296669580066438,0.104902572744673,0.396428183801604,0.0126763494884589,-12.5
2.98395006054162,0.638449239396221,0.295222978361992,0.105056986117302,0.395043801845085,0.01270155633541,-12.5
2.98316829756611,0.637215808899672,0.293776691054501,0.105211106383062,0.393659419888565,0.0127272354337319,-12.5
2.98237900808813,0.635981615644018,0.292330716555312,0.105364934098328,0.392275037932046,0.0127533954555563,-12.5
2.98158205550919,0.634746663483489,0.290885053283803,0.105518469818419,0.390890655975526,0.012780045235104,-12.5
2.98077730069786,0.633510956252838,0.289439699667338,0.105671714097597,0.389506274019007,0.0128071937716673,-12.5
2.97995176709056,0.632274497767441,0.287994654141227,0.105824667489077,0.388121892062488,0.0128348502326491,-12.501
2.97913086091209,0.631037291543347,0.286549759094059,0.105977358828141,0.386737399355412,0.0128630262314994,-12.501
2.978314609221,0.629799341079311,0.285105169260467,0.106129760329094,0.385352906648336,0.0128917290913995,-12.5
2.97749012142126,0.628560650416033,0.28366103915283,0.106281844258983,0.383968524691817,0.012920966144545,-12.499
2.97664429802079,0.627321223853369,0.282217367007773,0.106433611220621,0.382584253485854,0.0129507471323967,-12.499
2.97577680251279,0.6260810653894,0.280773995016203,0.106585090098798,0.381199982279891,0.0129810844254894,-12.5
2.97491331308541,0.624840178442385,0.279330765606815,0.106736309723475,0.379815600323372,0.0130119907599362,-12.5
2.97404081109447,0.623598566413777,0.277887833554143,0.106887242303643,0.378431218366852,0.0130434741650925,-12.5
2.9731591322823,0.622356232967421,0.27644519735564,0.10703788838417,0.377046836410333,0.0130755452696473,-12.5
2.9722418928904,0.621113181748648,0.275002855516354,0.107188248508889,0.375662454453814,0.013108214900425,-12.502
2.97136737536919,0.619869415824271,0.27356049443963,0.107338379786843,0.374277850996181,0.0131414994600779,-12.5
2.97045714799878,0.618624938806651,0.272118737321936,0.10748816951994,0.372893469039662,0.0131753995348914,-12.5
2.96955026535936,0.617379754848098,0.270677270121455,0.107637674922743,0.371509087083143,0.0132099318439458,-12.499
2.96862026339308,0.61613386780084,0.26923624742786,0.107786868251845,0.37012481587718,0.0132451052037072,-12.499
2.96766675383989,0.614887281497165,0.267795511500049,0.107935778382745,0.368740544671217,0.0132809342221931,-12.5
2.96671597234432,0.613639999190376,0.266354904834365,0.108084434136132,0.367356162714698,0.0133174339383316,-12.5
2.96575458418455,0.612392024117806,0.26491458227265,0.10823280771174,0.365971780758178,0.013354613831958,-12.5
2.9647957876705,0.611143359780007,0.263474542379323,0.1083808996452,0.364587398801659,0.0133924864524165,-12.499
2.96381274420053,0.60989400993989,0.262034939780686,0.108528682188001,0.363203127595696,0.0134310614678207,-12.499
2.96280503274291,0.608643978340882,0.26059561677208,0.108676184210549,0.361818856389733,0.0134703548977956,-12.5
2.96181275138576,0.607393268147867,0.259156415886109,0.108823434528449,0.360434474433214,0.0135103832341414,-12.499
2.96082259656165,0.606141882790259,0.257717648055315,0.108970377053241,0.359050203227251,0.0135511535798285,-12.497
2.95976663131657,0.604889826519344,0.256279467705717,0.109116984086055,0.357666153522401,0.0135926761588647,-12.499
2.95871187327931,0.603637102724307,0.254841248769507,0.109263369396209,0.356281882316438,0.0136349782735242,-12.5
2.95765833137135,0.602383713938955,0.253403146377043,0.109409505121455,0.354897500359919,0.013678071093316,-12.5
2.95659229719209,0.601129663243914,0.251965315434432,0.10955536345243,0.3535131184034,0.0137219658081687,-12.5
2.95552730752627,0.599874953983821,0.250527754570035,0.109700944915685,0.35212873644688,0.0137666772317639,-12.499
2.95443575564053,0.598619589766457,0.249090618473771,0.109846221753645,0.350744465240918,0.0138122167760729,-12.499
2.95331715306749,0.597363574180904,0.247653749504281,0.109991222827671,0.349360194034955,0.0138586033510665,-12.5
2.95219880881732,0.596106910238483,0.246216990257142,0.110135976944341,0.347975812078435,0.0139058564234565,-12.5
2.95108073218281,0.594849600935772,0.244780495672931,0.110280456289305,0.346591430121916,0.0139539882623764,-12.499
2.94992092870071,0.59359164981383,0.24334442046893,0.110424633101011,0.345207158915953,0.0140030111520698,-12.5
2.94877481651593,0.592333060115304,0.241908450976376,0.110568564519972,0.343822776959434,0.014052949480186,-12.499
2.94760036593981,0.591073835067398,0.240472898210739,0.110712194445746,0.342438505753471,0.0141038121055503,-12.499
2.94641119224679,0.589813978160115,0.239037604571292,0.110855551733748,0.341054234547508,0.0141556201474088,-12.499
2.94520702286015,0.588553492586246,0.237602568748666,0.1109986369015,0.339669963341545,0.0142083910854276,-12.499
2.94397331780958,0.58729238152245,0.236167789440111,0.111141450465538,0.338285692135582,0.0142621427239746,-12.5
2.94275245221065,0.586030647849283,0.234733109294832,0.111284021224543,0.336901310179063,0.0143168976189646,-12.499
2.94150160594064,0.58476829471327,0.233298839361387,0.11142629307316,0.3355170389731,0.0143726654827622,-12.499
2.940234620038,0.583505325524137,0.231864822071968,0.111568294861903,0.334132767767137,0.0144294694705473,-12.499
2.9389367072308,0.582241743394806,0.230431056149962,0.111710027103398,0.332748496561175,0.0144873287467149,-12.5
2.93763634356276,0.580977551142423,0.228997384270581,0.111851518592422,0.331364114604655,0.0145462675901631,-12.5
2.93631891885197,0.579712751570369,0.227563961453629,0.111992741502846,0.329979732648136,0.014606301301767,-12.5
2.93499878267506,0.578447347747434,0.226130786440593,0.112133696344488,0.328595350691616,0.0146674501383213,-12.499
2.9336464768799,0.577181343006954,0.224698014033944,0.112274355343069,0.327211079485654,0.014729729703987,-12.499
2.93227614192653,0.575914740664945,0.223265486704304,0.112414747343283,0.325826808279691,0.0147931658567309,-12.499
2.93087258328125,0.574647543741093,0.221833203213297,0.112554872851943,0.324442537073728,0.0148577799975321,-12.5
2.92949481111739,0.573379754959777,0.220401006274177,0.112694760658026,0.323058155117209,0.0149235992387589,-12.498
2.92806855220832,0.57211137759218,0.218969363053855,0.112834326363369,0.321673994661802,0.0149906298409022,-12.498
2.92659276368964,0.570842415171584,0.217537959764376,0.112973627145629,0.320289834206396,0.0150589048480312,-12.5
2.92512688105981,0.569572870094172,0.216106483084116,0.113112720073927,0.318905452249877,0.015128458520554,-12.5
2.92367124083163,0.568302744744961,0.214675244373923,0.113251548976565,0.317521070293357,0.0151993035007464,-12.498
2.92213457288848,0.567032042616168,0.213244554540589,0.11339005778847,0.316136909837951,0.0152714520398803,-12.5
2.92057639175566,0.56576076662132,0.211813787711372,0.113528360249728,0.314752527881432,0.0153449515729227,-12.502
2.91910422337721,0.564488918540919,0.210382943156085,0.113666456752032,0.313367924423799,0.0154198275476398,-12.497
2.91748791147981,0.563216502106809,0.208953112530622,0.113804149704476,0.31198387471895,0.0154960628003011,-12.5
2.91589526500128,0.56194352074862,0.207523045072687,0.113941666138056,0.31059949276243,0.015573731523637,-12.5
2.91424876906992,0.560669976482191,0.206093208464007,0.114078921538472,0.309215110805911,0.0156528417896668,-12.502
2.91264158697168,0.559395871591807,0.204663289428845,0.114215972967462,0.307830507348278,0.0157334333012212,-12.5
2.91099583376727,0.558121208911251,0.203233911482965,0.114352707679712,0.306446125391759,0.015815507463412,-12.499
2.90931066842565,0.55684599209824,0.201804916956855,0.114489154559537,0.305061854185796,0.0158990979923049,-12.499
2.90758522397459,0.555570224232387,0.200376148418091,0.114625342436421,0.303677582979833,0.0159842395917516,-12.5
2.90586681947313,0.554293907818119,0.198947448670128,0.114761300085125,0.302293201023314,0.0160709679852131,-12.499
2.9040912146869,0.553017045627728,0.197519128914996,0.114896971376422,0.300908929817351,0.016159298552143,-12.5
2.90232204447421,0.551739640418554,0.196090875682958,0.11503241342012,0.299524547860832,0.0162492752284727,-12.499
2.9004943513994,0.550461694934948,0.194663000187503,0.115167570085131,0.298140276654869,0.0163409139694525,-12.5
2.898672461394,0.549183211906449,0.193235188970292,0.115302498479403,0.29675589469835,0.0164342603562969,-12.499
2.89680720212592,0.547904194049748,0.19180775325616,0.115437142469996,0.295371623492387,0.0165293309415846,-12.499
2.8948975884272,0.546624644346914,0.190380535652681,0.115571530879885,0.293987352286424,0.0166261651945409,-12.5
2.89299277862661,0.545344565205321,0.188953379003113,0.115705692477336,0.292602970329905,0.0167248037437659,-12.499
2.8910259018065,0.544063959300701,0.187526594549087,0.115839571126637,0.291218699123942,0.0168252640799612,-12.5
2.88906312603789,0.54278282929432,0.186099868860263,0.115973223931124,0.289834317167422,0.0169275961716925,-12.499
2.88703676403335,0.541501177834941,0.184673513189332,0.116106594753252,0.28845004596146,0.0170318181644103,-12.5
2.8850137690474,0.540219007556998,0.18324721411696,0.116239740694522,0.28706566400494,0.0171379818975227,-12.499
2.88294285273185,0.538936321082559,0.181821282906783,0.116372605615557,0.285681392798977,0.0172461061957161,-12.499
2.88082289287498,0.537653121299546,0.180395562204988,0.116505218332912,0.284297121593015,0.0173562359468956,-12.5
2.87868766843542,0.536369410521662,0.178969894893246,0.11663760760844,0.282912739636495,0.0174684173572939,-12.5
2.87653709129572,0.535085191051394,0.177544436196781,0.116769745583157,0.281528357679976,0.0175826795435867,-12.499
2.87428258873898,0.533800465739218,0.176119341116084,0.116901604450957,0.280144086474013,0.0176990516583962,-12.502
2.87208159231567,0.532515236580588,0.174693984154917,0.11703329787413,0.278759483016381,0.0178176107251991,-12.5
2.86981072839461,0.531229505842815,0.17326914523083,0.117164684751111,0.277375101059861,0.0179383495833062,-12.5
2.86746816332203,0.529943276619534,0.171844510736169,0.117295822230028,0.275990719103342,0.0180613277591386,-12.502
2.86516111678894,0.5286565508695,0.170419767528696,0.117426767350534,0.27460611564571,0.0181866069680193,-12.5
2.86279972113518,0.527369331102613,0.168995539256999,0.117557407345272,0.27322173368919,0.0183141893912559,-12.499
2.86038266055232,0.526081620654344,0.167571668383724,0.117687771076554,0.271837462483227,0.018444127437374,-12.499
2.8579271532743,0.524793422283685,0.166147997607928,0.117817887351903,0.270453191277265,0.0185764750494301,-12.499
2.8554698633964,0.523504738456113,0.164724525918519,0.117947756641041,0.269068920071302,0.0187112768700758,-12.497
2.85289823399825,0.522215572184743,0.163301564418764,0.11807732284655,0.267684870366452,0.0188485561973124,-12.499
2.85036075276924,0.520925925906421,0.161878487431409,0.118206699676232,0.266300599160489,0.0189884032783429,-12.497
2.84768710575767,0.519635802047573,0.160455918639276,0.118335774357071,0.264916549455639,0.0191308205142692,-12.5
2.84504654093028,0.518345202740424,0.159033076320561,0.118464688878215,0.26353216749912,0.0192759132441769,-12.499
2.84234384059366,0.517054129828741,0.157610584397034,0.118593330411191,0.262147896293157,0.0194236846104669,-12.499
2.83957744618151,0.515762585985227,0.156188285603142,0.118721727757305,0.260763625087194,0.0195741959590993,-12.5
2.83684438537737,0.514470573309456,0.154766022908371,0.118849909663194,0.259379243130675,0.0197275104372467,-12.497
2.83396773291434,0.513178094731011,0.153344419789197,0.118977763405316,0.257995193425825,0.019883630013023,-12.499
2.8310831706117,0.511885152882733,0.151922694318515,0.119105431022203,0.256610922219862,0.0200426694715077,-12.499
2.82811041971039,0.510591749546378,0.150501158104573,0.119232856300912,0.2552266510139,0.0202046577017999,-12.501
2.82514880601458,0.509297886493753,0.149079498081803,0.119360096267694,0.253842158306824,0.0203696759879653,-12.5
2.82215859246728,0.508003565768705,0.147658181920445,0.119487066424939,0.252457776350304,0.0205377407579578,-12.498
2.81903604812839,0.506708790523529,0.146237364497215,0.119613739001677,0.251073615894898,0.0207088941486225,-12.5
2.81588132271132,0.505413563053975,0.144816420192723,0.119740227695263,0.249689233938379,0.0208832486798918,-12.501
2.81275732396009,0.504117884805936,0.143395504583483,0.119866504571621,0.248304741231303,0.0210608503719945,-12.498
2.80945391576639,0.50282175861777,0.14197524118338,0.119992456900332,0.246920580775897,0.0212417015184943,-12.501
2.80617914065296,0.501525186751505,0.140554692047905,0.120118254996186,0.245536088068821,0.0214259499660509,-12.5
2.80287045676639,0.500228170900477,0.139134481160519,0.120243786019457,0.244151706112301,0.0216135997187315,-12.498
2.7994185923464,0.498930714147817,0.137714763426301,0.120369022193979,0.242767545656895,0.0218046978233931,-12.5
2.79599476111518,0.49763281872046,0.136294913254084,0.120494077211923,0.241383163700376,0.021999369911697,-12.498
2.79246820267349,0.496334486835979,0.134875554412338,0.120618838284669,0.239999003244969,0.0221976193402359,-12.498
2.78883583218167,0.495035721258946,0.133456373428359,0.120743362536428,0.238614842789563,0.0223995438311808,-12.5
2.78518486742232,0.493736523620717,0.132037057294176,0.120867706982977,0.237230460833044,0.0226052446990426,-12.5
2.78151588617996,0.492436895545351,0.130617917682712,0.120991815399378,0.235846078876525,0.0228147593215598,-12.498
2.77773741073007,0.491136839767947,0.12919926581125,0.121115631667417,0.234461918421118,0.0230281239218377,-12.498
2.77382284563943,0.489836359008837,0.127780788225227,0.121239212907893,0.233077757965712,0.0232454436725174,-12.501
2.76993194925914,0.488535454575315,0.126362015880097,0.121362644416302,0.231693265258636,0.0234668454862669,-12.5
2.76594890131844,0.487234128049532,0.124943572804918,0.121485813344376,0.230308883302117,0.0236923341739341,-12.5
2.76189509034751,0.4859323818439,0.123525301840882,0.121608748473666,0.228924501345597,0.0239220033543363,-12.5
2.75776897917099,0.484630218079065,0.12210720211831,0.121731450247968,0.227540119389078,0.0241559305080124,-12.5
2.7535689894875,0.483327638864958,0.120689272771918,0.121853919110235,0.226155737432559,0.0243941945519137,-12.5
2.74926886346744,0.482024646300846,0.119271512940793,0.12197615550258,0.224771355476039,0.024636875866027,-12.501
2.74499021014582,0.480721242195345,0.117853765713745,0.122098188149399,0.223386862768963,0.024884076277121,-12.498
2.74048459292403,0.479417429188544,0.116436654685972,0.122219904304951,0.222002702313557,0.0251357989766363,-12.501
2.73597176021535,0.478113209345209,0.11501924199386,0.122341474268734,0.220618209606481,0.0253922497480142,-12.501
2.73137646506439,0.476808583882361,0.113601995646732,0.12246281346888,0.219233716899405,0.0256534552505216,-12.501
2.72669684673301,0.475503554849599,0.112184914804047,0.122583922343425,0.21784922419233,0.0259195036174808,-12.501
2.72198337171122,0.474198124286166,0.110767998629508,0.122704801329571,0.216464731485254,0.0261904846162041,-12.499
