3.74342759610336,1,1,0,1,0.0285000228600812,-14.999,18.6
3.73202681006753,0.999986585822587,0.995442284035223,0.00643197055809994,0.998342816736457,0.028475094299061,-15.001,18.6
3.72115136113166,0.999946630662003,0.990930790392378,0.0125364415991298,0.996685412500414,0.0284502133774762,-14.999,18.6
3.71055769946714,0.999880563040863,0.986465984701102,0.0183284169252544,0.995028229236872,0.0284253866260377,-15.001,18.7
3.70039547067461,0.999788804543781,0.982045901264723,0.0238255649957088,0.993370825000829,0.0284006073202805,-15.001,18.6
3.69079084663727,0.999671768179434,0.977670422195978,0.0290420793211939,0.991713420764786,0.0283758786706999,-14.994,18.6
3.68116521876335,0.999529868327698,0.973340954418549,0.0339892846893656,0.990056789932493,0.0283512120780735,-15,18.6
3.67203237437143,0.999363507278249,0.969052817267953,0.0386865042810504,0.9883994961827,0.0283265860482256,-15,18.7
3.66321196165899,0.999173074628205,0.96480715595249,0.0431439271075647,0.986742202432907,0.0283020103591788,-15,18.7
3.6546616762044,0.998958959021504,0.960603284685779,0.0473737949829146,0.985084908683114,0.0282774849084878,-15.001,18.6
3.6464805165523,0.998721541932959,0.9564402248857,0.0513881535934705,0.983427504447071,0.0282530079639089,-14.999,18.6
3.63846020000472,0.998461200471865,0.952318227457782,0.0551967183773099,0.981770321183529,0.0282285843134921,-15.001,18.7
3.63081155917495,0.998178304750106,0.94823541753219,0.0588117105781129,0.980112916947486,0.0282042073420345,-14.999,18.7
3.62341306942088,0.997873218923342,0.944192374318047,0.0622412969224246,0.978455733683943,0.0281798834480706,-14.997,18.7
3.6161129356715,0.997546304825818,0.940188459336341,0.0654949425254611,0.9767987713929,0.0281556125103623,-15,18.7
3.60912243108137,0.997197913978154,0.936221525076575,0.0685837734339691,0.975141477643107,0.0281313863408413,-15,18.8
3.60234936510902,0.996828390461075,0.932291880725241,0.0715149170882279,0.973484183893314,0.0281072096987256,-15,18.8
3.59578428095932,0.996438075468503,0.928398924224459,0.0742964235469454,0.971826890143522,0.028083082483324,-15,18.7
3.58950234986461,0.996027304685674,0.92454206323677,0.076935931906983,0.970169596393729,0.0280590045941635,-14.997,18.8
3.58327267259101,0.995596411061087,0.920721626592168,0.0794394048034049,0.968512634102686,0.0280349807318072,-14.999,18.8
3.57727981213908,0.995145720364487,0.916935512219176,0.0818159310870573,0.966855450839143,0.0280110027817697,-14.999,18.9
3.5714333871096,0.994675550447136,0.913183770141694,0.0840711338294022,0.9651982675756,0.0279870738513543,-15,18.9
3.56578126168776,0.994186214913148,0.909465541539675,0.086211635519545,0.963540973825808,0.0279631922505028,-15,18.9
3.56028910969514,0.993678022308229,0.905780587411148,0.0882428629100475,0.961883680076015,0.0279393594768343,-15,18.9
3.55497811451629,0.993151277086015,0.902128370528755,0.0901703945400984,0.960226386326222,0.0279155754311844,-14.999,19
3.54970304641113,0.992606279678974,0.898508666206838,0.0919990953334349,0.958569203062679,0.027891841595349,-15.002,19
3.54478960195081,0.992043322981139,0.894919735831259,0.0937357259887284,0.956911688340386,0.0278681515508616,-14.997,19
3.53981951693587,0.991462698754383,0.891363508138895,0.0953815561461429,0.955254726049343,0.0278445178225387,-14.999,19.1
3.53500516063654,0.99086469490561,0.887837336977394,0.0969442230290951,0.9535975427858,0.027820929266302,-15,19.1
3.53036973317303,0.990249589361218,0.884341037374459,0.0984275433617171,0.951940249036007,0.0277973873712613,-14.999,19.2
3.52579839529888,0.989617658238568,0.880874732996056,0.099834710194738,0.950283065772464,0.0277738951784913,-15,19.1
3.52136827199242,0.988969173187336,0.877437333607244,0.101170468877631,0.948625772022672,0.0277504494578548,-15,19.2
3.51707543334121,0.988304400586664,0.874028674611577,0.102438036026159,0.946968478272879,0.0277270516797821,-14.999,19.2
3.51286072295535,0.987623604298752,0.870648595853908,0.103640464045313,0.945311295009336,0.0277037033021362,-14.999,19.3
3.50871929149658,0.986927043920819,0.867296333812709,0.104781507165653,0.943654111745793,0.0276804026664988,-15,19.3
3.50467416838355,0.986214973074963,0.863971135509922,0.105864727961308,0.941996817996,0.0276571481274012,-15.001,19.3
3.50083210686005,0.985487640398973,0.86067256220872,0.10689307830756,0.940339413759957,0.02763393959781,-14.998,19.3
3.49694353315431,0.984745294093649,0.857401397727782,0.10786764407763,0.938682340982664,0.0276107831604247,-15,19.4
3.49316725152574,0.983988177438813,0.854155685554223,0.108793315149683,0.937025047232871,0.0275876709945474,-15.001,19.5
3.48952819937728,0.983216526233298,0.850935315052455,0.109672158809994,0.935367642996829,0.0275646045592887,-15,19.5
3.48599695672975,0.982430575147061,0.847740483024962,0.110505707981617,0.933710349247036,0.0275415868342796,-14.998,19.5
3.48243350572851,0.981630557734573,0.844571082796472,0.1112958461573,0.932053276469743,0.0275186192444396,-15,19.6
3.47899735735812,0.980816701091634,0.841425491857914,0.112046504809131,0.93039598271995,0.027495695569024,-15,19.7
3.47568706403752,0.979989226878192,0.838303929968747,0.112758841744691,0.928738688970157,0.027472818778893,-14.998,19.6
3.47233654143491,0.979148356743093,0.835206616908014,0.113433955664571,0.927081616192864,0.0274499918201203,-15,19.6
3.46918754839886,0.978294306958236,0.832131949266094,0.114075462139584,0.925424322443071,0.0274272085101223,-14.997,19.7
3.46593941173567,0.977427291217434,0.829081077197496,0.114682932723171,0.923767360152029,0.0274044763443305,-15,19.8
3.4628324258476,0.976547518845806,0.826051798658411,0.11526067793419,0.922110066402236,0.0273817861339193,-15,19.8
3.45978426698527,0.975655193134873,0.823044671266634,0.115808928796479,0.920452772652443,0.027359142336951,-15,19.8
3.456765488106,0.974750516762442,0.820059337384578,0.116329191019807,0.91879547890265,0.0273365448597071,-15.001,19.9
3.4538553886147,0.97383368823968,0.817095141280848,0.116823322272892,0.917138074666607,0.0273139921068108,-15,20
3.45102601721698,0.972904903771905,0.814152347631174,0.117291798909128,0.915480780916815,0.0272914869918106,-14.998,20
3.44813977300598,0.971964359069972,0.811230916537697,0.117735501790313,0.913823708139522,0.0272690309081689,-15,20
3.44535582571838,0.971012243997065,0.808329291190614,0.118157410942687,0.912166414389729,0.0272466177739685,-15,20
3.44261932938496,0.970048743581644,0.805447755987917,0.118557781300043,0.910509120639936,0.0272242504942012,-15,20.1
3.439901458283,0.969074041643822,0.802585986567591,0.118937712434857,0.908851826890143,0.0272019289764678,-15.001,20.2
3.43725439676124,0.968088318141538,0.799743359936567,0.119298676612188,0.9071944226541,0.0271796516450543,-15.001,20.3
3.43473161491498,0.96709175013209,0.796919869112346,0.119641213283548,0.905537018418057,0.0271574198976113,-14.998,20.3
3.43211645593713,0.96608451538664,0.794116116744975,0.119964976707777,0.903879945640764,0.0271352380747987,-15,20.2
3.42964839870882,0.965066787002982,0.79133027016212,0.120273069407076,0.902222651890971,0.0271130986856361,-14.998,20.3
3.42716610863918,0.964038734414047,0.788563252173262,0.120564576077811,0.900565579113679,0.0270910075426962,-14.998,20.4
3.42469410916178,0.963000526086536,0.78581415461623,0.120841201103074,0.898908506336386,0.0270689616000051,-14.999,20.5
3.42231171981085,0.961952325093861,0.78308238429175,0.121104133029231,0.897251323072843,0.0270469593013386,-14.998,20.4
3.41996499140622,0.960894292775739,0.780368267398072,0.121353213246539,0.89559425029555,0.0270250034899423,-14.997,20.4
3.41754477371888,0.959826589646003,0.777671520698566,0.121589148895661,0.893937288004507,0.0270030940664595,-15,20.5
3.41529034830684,0.958749370049582,0.774990650057595,0.121814326323674,0.892279994254714,0.0269812251060425,-14.998,20.6
3.4129881665618,0.957662786753152,0.772326913139386,0.122027150613123,0.890622921477421,0.0269594038129101,-14.999,20.7
3.4106892256046,0.9565669918214,0.769679125278037,0.122229538881353,0.888965738213878,0.0269376257280458,-15.001,20.7
3.40852657442646,0.955462131301044,0.767046723318935,0.122422452722103,0.887308333977836,0.0269158893233841,-14.999,20.7
3.40634044139644,0.954348351568683,0.76443067075589,0.122604660505868,0.885651150714293,0.0268942003056528,-14.999,20.7
3.40418241956023,0.953225798406937,0.761830099454203,0.122777566438552,0.88399396745075,0.0268725556848654,-14.999,20.7
3.40207852039719,0.95209461346572,0.759244759463798,0.122941645386989,0.882336784187207,0.0268509553722272,-14.998,20.8
3.39989440045034,0.950954937002297,0.756674708738117,0.123096919149063,0.880679711409914,0.0268294007148691,-15.001,20.9
3.39786808605634,0.949806904321583,0.754118486738814,0.123245552542986,0.879022307173871,0.0268078858846077,-14.999,20.9
3.39589481404656,0.948650649457645,0.751577384184972,0.12338574043166,0.877365123910328,0.0267864179688745,-14.996,20.9
3.39373353478897,0.947486309622355,0.749051464403814,0.123517485138164,0.875708272105535,0.0267649982890899,-15.001,21
3.39180650224091,0.946314013547052,0.746538056672064,0.123644648306614,0.874050867869493,0.0267436153395189,-14.998,21.1
3.38974394142409,0.945133887923377,0.744039381003281,0.123764033215135,0.8723937950922,0.0267222804450105,-15.001,21.1
3.38780848925145,0.943946059147455,0.741553381687023,0.123878609909787,0.870736390856157,0.0267009849832714,-15,21.1
3.38586863883723,0.942750649815063,0.739081064179838,0.123986908547176,0.869079097106364,0.0266797345544906,-15,21.1
3.38392315748969,0.941547783206287,0.73662190550025,0.124089678453704,0.867421803356571,0.0266585276508845,-15.001,21.1
3.38207741115938,0.940337578826978,0.734175389326656,0.124187630702068,0.865764399120528,0.0266373627765125,-14.999,21.2
3.38009314370191,0.939120156047039,0.731742221361753,0.12427972475764,0.864107215856985,0.026616244073477,-15.003,21.3
3.37828527002213,0.937895629611579,0.729320366454046,0.124368832645537,0.862449590648443,0.0265951630163622,-15.001,21.3
3.37649756829428,0.936664112442139,0.726911458023077,0.12445253385222,0.8607921864124,0.0265741279587613,-14.999,21.3
3.37462327101173,0.935425720974103,0.72451529061138,0.12453110439303,0.859135003148857,0.0265531387978662,-15.001,21.3
3.37287167992042,0.934180566185611,0.722130446606711,0.124606521499009,0.857477598912814,0.0265321898508938,-14.999,21.4
3.37103271138313,0.932928757282384,0.719757955093209,0.124677230848989,0.855820415649271,0.0265112866188146,-15.001,21.5
3.36934185863742,0.931670401687622,0.717396404731543,0.124745188084132,0.854163011413228,0.0264904234422472,-14.998,21.5
3.36756353405593,0.930405606003837,0.715047134645476,0.12480838956894,0.852505938635936,0.0264696071862924,-14.999,21.5
3.36577417016283,0.929134475982551,0.712708736445461,0.124868793394724,0.850848755372393,0.0264488322063597,-15.001,21.5
3.36410492592672,0.927857111215558,0.710380728949483,0.124926971210808,0.84919135113635,0.0264280970460887,-14.999,21.5
3.36229379944585,0.926573612374565,0.708064156300475,0.124981321350241,0.847534167872807,0.0264074071506746,-15.003,21.6
3.36070615547789,0.925284076697866,0.705757014238802,0.125034612178689,0.845876542664264,0.0263867541685117,-14.999,21.7
3.3590301561822,0.923988601671525,0.703461574313079,0.125083467161808,0.844219359400721,0.0263661490290017,-14.999,21.8
3.35736831246494,0.922687286746296,0.701176439251852,0.125129828059504,0.842562176137178,0.0263455861370841,-14.999,21.8
3.35561498036141,0.921380226209274,0.698901442679682,0.125173822196804,0.840904992873636,0.0263250654099655,-15.003,21.8
3.35408307558387,0.920067509247907,0.696635205435361,0.125217285705196,0.839247367665093,0.0263045813093781,-14.999,21.8
3.35248806278161,0.91874922720639,0.694380009905211,0.1252568150607,0.83759018440155,0.0262841446756932,-14.998,21.9
3.35085398276145,0.917425474387112,0.692134773348496,0.1252938975848,0.835933111624257,0.0262637513182914,-14.999,22
3.34925803567585,0.916096339112747,0.689898729022159,0.125329515843421,0.834275928360714,0.0262433984359414,-14.999,22
3.34762188563501,0.914761907395309,0.687672030598761,0.125363315761845,0.832618745097171,0.026223087308282,-15.001,22
3.34617987246409,0.913422262958946,0.685453919449634,0.125396247821025,0.830961340861128,0.0262028151540829,-14.996,22
3.34451704861389,0.912077492657416,0.683246380438648,0.125425354539479,0.829304489056335,0.0261825913396055,-15,22
3.34294156735937,0.910727680119648,0.68104651698243,0.1254546906435,0.827647195306542,0.0261624036424686,-15.001,22.1
3.34142892951183,0.909372902301876,0.678855109625233,0.125482957942898,0.8259897910705,0.0261422560405242,-15,22.2
3.33990173784511,0.908013239375023,0.676672627792686,0.125509353347739,0.824332497320707,0.0261221511397666,-15,22.2
3.33835911951618,0.906648771100288,0.674498625295098,0.125534401246343,0.822675203570914,0.026102087515837,-15.001,22.2
3.33685239973487,0.90527957416726,0.672332661362815,0.125558599256592,0.821017799334871,0.0260820637556608,-15.001,22.2
3.3353819688403,0.90390572403219,0.670174908294702,0.125581561939331,0.819360395098828,0.0260620811188338,-15,22.3
3.33394819682957,0.902527296716898,0.668025537391633,0.125602923532379,0.817703101349035,0.0260421408542675,-14.998,22.4
3.33239530095105,0.901144368799644,0.665884718972613,0.125622336946001,0.816046028571742,0.026022244200246,-15.001,22.3
3.33095404841025,0.899757012040118,0.663750799182694,0.125642045769421,0.8143886243357,0.0260023844492746,-15,22.3
3.3294708034979,0.89836529616928,0.661624876761676,0.125660319615235,0.812731330585907,0.0259825668269107,-15.001,22.4
3.32809991830642,0.896969291561583,0.659506216637258,0.125678089393432,0.811073926349864,0.0259627886128864,-14.998,22.5
3.3265582350825,0.895569069253614,0.657395915245382,0.125693665530559,0.809416853572571,0.0259430549952968,-15.002,22.5
3.32517830904354,0.894164696432681,0.655291715907141,0.125710161800102,0.807759338850278,0.0259233566906286,-15,22.5
3.32375640660983,0.892756238340865,0.65319533617545,0.125724958268821,0.806102045100486,0.025903701508245,-15,22.5
3.32242051915979,0.891343762715213,0.651106045631876,0.125738999366142,0.804444751350693,0.0258840867426376,-14.997,22.6
3.3209653413172,0.889927337103147,0.649024641423105,0.125751037174492,0.80278778905965,0.0258645162282535,-14.999,22.7
3.31962024751851,0.888507026158324,0.646949482233223,0.125763318096483,0.801130605796107,0.0258449833601698,-14.997,22.7
3.31818090220414,0.8870828926204,0.644881679138621,0.125774114414467,0.799473643505064,0.0258254932717453,-14.999,22.7
3.31685115566566,0.885654998196726,0.64281990146843,0.125785217225154,0.797816460241521,0.0258060406891314,-14.997,22.7
3.31547856301201,0.884223403617722,0.640765263844467,0.125794895575347,0.796159497950478,0.025786630724908,-14.997,22.7
3.31403595903501,0.882788170402615,0.638717046820025,0.125804079838128,0.794502535659435,0.0257672607077608,-15,22.8
3.31267589474947,0.88134935461537,0.636674235128437,0.125814081716927,0.792845241909643,0.0257479267004039,-15,22.8
3.31134862655984,0.879907011429302,0.634637647751277,0.125823572991925,0.79118794815985,0.0257286325074257,-14.999,22.9
3.3099774740144,0.878461198689767,0.632607488062922,0.125832150903221,0.789530764896307,0.0257093793372815,-15,22.8
3.30866383912101,0.877011972409011,0.630583046334074,0.125840719732006,0.787873471146514,0.0256901645491985,-14.999,22.8
3.30730611298187,0.875559387704624,0.62856483619853,0.125848422288696,0.786216287882971,0.0256709906319821,-15,22.8
3.30603120329526,0.874103498794625,0.626552151093019,0.125856160450418,0.784558994133178,0.0256518549561104,-14.998,23
3.30463572309734,0.872644359925681,0.624545811634236,0.125862645919629,0.782901921355886,0.0256327612723003,-15.001,23
3.3033470429376,0.871182022665435,0.62254419959735,0.125870086780398,0.781244517119843,0.0256137031469516,-15,23
3.30203951482734,0.869716536878813,0.620548448777018,0.12587671895273,0.77958722337005,0.0255946855979885,-15,23
3.30073796851084,0.868247954289311,0.618558162457813,0.125883012547433,0.777929929620257,0.0255757072822247,-15,23
3.29941672421711,0.866776324895833,0.61657325241356,0.125888984849162,0.776272635870464,0.0255567681286075,-15.001,23.1
3.2980750678246,0.865301696995698,0.614593327974536,0.125895081086804,0.774615231634421,0.0255378668077512,-15.003,23.2
3.296865426859,0.86382411632261,0.612618002994674,0.125901723759956,0.772957606425878,0.0255190020010419,-15,23.1
3.2955867008314,0.86234363145408,0.610648718986457,0.125906740839527,0.771300312676086,0.025500179921646,-15,23.1
3.29431336251501,0.860860291947799,0.608684472163948,0.125911501793229,0.769643018926293,0.0254813967239118,-15,23.1
3.29304530151092,0.859374143892834,0.606725181200122,0.125916019696489,0.7679857251765,0.0254626523386834,-15,23.2
3.29178240965654,0.857885232634133,0.604770766081004,0.125920306957224,0.766328431426707,0.0254439466972002,-15,23.3
3.29049915567717,0.85639360278453,0.602821148084471,0.125924375349917,0.764671137676914,0.0254252797311011,-15.001,23.3
3.28924565597564,0.854899297342236,0.600875945891408,0.12592866487458,0.763013733440871,0.025406650131826,-15.001,23.3
3.28802242645843,0.853402358616079,0.598935390291362,0.125932735415625,0.761356329204828,0.0253880590775707,-15,23.3
3.28682995889361,0.851902830015635,0.596999710131542,0.125936169325714,0.759699035455035,0.0253695077366706,-14.998,23.4
3.28554196714213,0.850400756033453,0.595069132348184,0.125938570278732,0.758041962677742,0.0253509972676517,-15,23.5
3.28435859512675,0.848896177755884,0.593142362657454,0.125941706314457,0.75638466892795,0.0253325226674648,-14.998,23.4
3.28313028640632,0.847389135625281,0.59122055148072,0.125943824599833,0.754727596150657,0.0253140887968511,-14.998,23.4
3.28185571382486,0.845879671200364,0.589303014592834,0.125945834745069,0.753070523373364,0.0252956931246071,-15,23.4
3.28063471332964,0.844367821801196,0.587389075248013,0.125948599924057,0.751413229623571,0.0252773331403541,-15,23.5
3.27946843218589,0.842853624154977,0.585479279531041,0.125951223938477,0.749755935873778,0.0252590112352305,-14.998,23.6
3.27820652278546,0.841337117963607,0.583574168277656,0.125952856341639,0.748098863096485,0.0252407297805294,-15,23.6
3.27697259284086,0.839818340489631,0.581672453951366,0.125955263062584,0.746441569346692,0.0252224838369952,-15.001,23.6
3.27581761011697,0.838297325730321,0.579774382007977,0.125957975745152,0.74478416511065,0.025204274569324,-14.999,23.6
3.27461736177492,0.836774110706563,0.577880803460143,0.125959692289883,0.743126981847107,0.0251861055527466,-14.999,23.7
3.27337053114005,0.835248732721352,0.575991041592207,0.125961321203653,0.741469798583564,0.0251679742949079,-15.001,23.7
3.27222675410135,0.833721224907738,0.574104427046634,0.12596372461334,0.739812394347521,0.0251498783240937,-14.999,23.7
3.27098731531632,0.832191621662182,0.572222120913147,0.125965147673817,0.738155211083978,0.0251318224044867,-15.001,23.7
3.26985062899763,0.830659956806446,0.570342841726729,0.125967355739184,0.736497806847935,0.0251138016602732,-14.999,23.8
3.26866846169327,0.829126263635585,0.568467752520603,0.125968593427822,0.734840623584392,0.0250958208366201,-14.999,23.9
3.26748965954862,0.827590576676415,0.566596181477849,0.125969767931479,0.733183440320849,0.0250778774689147,-14.999,23.9
3.26631414957544,0.826052928119305,0.564728071796558,0.125970882475797,0.731526257057307,0.0250599714981974,-14.999,23.9
3.26506673359006,0.824513349634902,0.562863367591907,0.125971940121749,0.729869073793764,0.0250421028660616,-15.002,23.8
3.26399580812586,0.822971869699505,0.561001102277386,0.125974230253918,0.728211559071471,0.0250242679518803,-14.998,24
3.26280544189358,0.821428519921524,0.559143358200718,0.12597468816653,0.726554486294178,0.0250064750165008,-14.999,24
3.26166742662316,0.819883333153841,0.557288550160431,0.125975551528968,0.724897303030635,0.0249887180602949,-14.998,24
3.26055793299228,0.818336339060102,0.555437236705387,0.125975941989447,0.723240230253342,0.0249709993949254,-14.996,24
3.25932774164238,0.816787569498356,0.553589667066181,0.12597545486336,0.721583378448549,0.0249533201351901,-14.999,24
3.2580984586703,0.815237052230105,0.5517442650254,0.12597627908532,0.719926195185006,0.0249356743352653,-15.002,24.1
3.25701960469496,0.813684810121136,0.549900990234941,0.125978347709976,0.718268680462714,0.0249180619630803,-14.999,24.1
3.25582083403004,0.812130871034089,0.548061626206068,0.125979024249835,0.716611497199171,0.0249004900090158,-15.001,24.1
3.25467322844862,0.810575263247056,0.546224595809809,0.125980523905051,0.714954092963128,0.0248829525586846,-15.001,24.1
3.25352822722095,0.809018011922751,0.544390465537201,0.125981947001686,0.713296688727085,0.0248654519052954,-15.001,24.1
3.25243546254049,0.807459143596626,0.54255918856479,0.125983297448115,0.711639284491042,0.0248479879971868,-14.999,24.2
3.25129673279943,0.805898686164386,0.540731326561079,0.125983721299938,0.709982101227499,0.0248305631044122,-14.999,24.2
3.25016036989996,0.804336667061671,0.538906220221968,0.12598412351379,0.708324917963956,0.024813174845899,-14.999,24.2
3.24895192756831,0.802773111502166,0.537083825056343,0.125984505194309,0.706667734700414,0.0247958231720984,-15.002,24.2
3.24786780029831,0.801208041609459,0.535263185687445,0.125986153869612,0.705010219978121,0.0247785045745788,-15,24.3
3.24673763457629,0.79964148095314,0.533445787755792,0.12598686072549,0.703352926228328,0.0247612247809897,-15,24.4
3.24560962555804,0.798073455381075,0.531630974759004,0.125987531495817,0.701695632478535,0.0247439814327134,-15,24.3
3.24445898938283,0.796503988544815,0.529818704962454,0.125988168022791,0.700038338728742,0.0247267744831723,-15.001,24.3
3.24338391610309,0.794933102819706,0.528008633437348,0.125989200881186,0.698380934492699,0.0247096027430746,-14.999,24.3
3.24223799551312,0.793360822013355,0.526201634511996,0.125989323358093,0.696723751229157,0.0246924695979079,-15,24.4
3.24111804798218,0.791787169534468,0.524396750541968,0.125989868409084,0.695066457479364,0.0246753715729989,-15,24.4
3.2399999783701,0.790212166639654,0.522594249464764,0.125990385634792,0.693409163729571,0.024658309768485,-15,24.4
3.23880980892799,0.788635835131822,0.520794092807794,0.125990876455719,0.691751869979778,0.0246412841418534,-15.003,24.4
3.23771807979956,0.787058193778855,0.518995331115651,0.125992628699728,0.690094244771235,0.0246242912571664,-15.002,24.5
3.23667796548265,0.785479261954474,0.517199151986614,0.125993862663672,0.688436730048943,0.0246073356113938,-14.999,24.5
3.23549384727148,0.783899064066282,0.515406123244162,0.125993747152907,0.6867795467854,0.0245904194106706,-15.002,24.5
3.23445692655679,0.782317620540778,0.513614376167842,0.125994924018935,0.685122032063107,0.0245735358490972,-14.999,24.4
3.23334977097511,0.780734951503705,0.511825707921154,0.125994754325146,0.683464848799564,0.0245566916411737,-14.999,24.5
3.23217047730822,0.77915107940985,0.510039162542922,0.125994593294359,0.681807665536021,0.024539883369973,-15.002,24.6
3.23113792694177,0.777566020999945,0.508253794154766,0.125995726964198,0.680150150813728,0.0245231076482935,-14.999,24.6
3.2299616239686,0.775979795441975,0.506471401610216,0.125995516279421,0.678492967550185,0.0245063711504231,-15.002,24.6
3.22890727386385,0.77439242156541,0.504690119006871,0.125996602830144,0.676835452827892,0.0244896671472146,-15,24.5
3.22775760915831,0.772803917030415,0.5029114424128,0.125996776258345,0.6751781590781,0.0244730011764478,-15.002,24.6
3.2267058099121,0.771214300082164,0.501134117848839,0.125997798486151,0.673520644355807,0.0244563687618511,-15,24.7
3.22555873076874,0.769623588690614,0.499359335390298,0.125997910875169,0.671863350606014,0.0244397743072149,-15.002,24.7
3.22453370986727,0.768031800516235,0.497585842089764,0.125998875179891,0.670205835883721,0.024423213357518,-14.999,24.6
3.22343846140489,0.766438953848059,0.495815132905627,0.125998503776219,0.668548652620178,0.0244066914000699,-14.999,24.7
3.2223198642046,0.764845068444314,0.494046256634952,0.125998151332997,0.666891469356635,0.0243902050920055,-15,24.7
3.22122602722142,0.76325016018139,0.492278879816757,0.125998245708906,0.665234175606842,0.0243737533113513,-15,24.8
3.22008445137046,0.761654244684187,0.49051328032604,0.12599833526685,0.66357688185705,0.0243573371332734,-15.002,24.7
3.21906429010923,0.76005733642616,0.488748821731283,0.125999277906042,0.661919367134757,0.0243409543521035,-14.999,24.7
3.21794959397593,0.758459452339775,0.486987001384615,0.125998885942882,0.660262183871214,0.0243246104017729,-15,24.8
3.21688371698526,0.756860609954263,0.485226566570205,0.125998942816377,0.658604890121421,0.0243083008950595,-14.999,24.8
3.21579495169612,0.755260824746518,0.483468100870319,0.125998567959809,0.656947706857878,0.0242920279864378,-14.999,24.8
3.21468263509282,0.753660112828215,0.4817112704088,0.125998212239965,0.655290523594335,0.0242757905686298,-15,24.8
3.21361890822921,0.752058488267065,0.479955744916196,0.125998303506525,0.653633229844543,0.0242595875451839,-14.999,24.8
3.2124594805767,0.750455965802826,0.478202109275495,0.125997961287229,0.651976046581,0.0242434210604611,-15.002,24.9
3.2114199507143,0.748852558138925,0.476449119286295,0.125998923018375,0.650318531858707,0.0242272867955787,-15,24.9
3.21035805498797,0.747248278687382,0.474698278512773,0.125998977999137,0.648661238108914,0.024211190118282,-14.999,24.9
3.20924890905736,0.745643144196832,0.472949251954817,0.125998601346461,0.647004054845371,0.0241951299331451,-15,24.9
3.20818797140089,0.744037168467322,0.471201404369177,0.125998672748828,0.645346761095578,0.0241791040885012,-14.999,25
3.20707976196292,0.742430365085774,0.469455322673097,0.125998311679421,0.643689577832036,0.0241631147125159,-15,25
3.20599546385793,0.740822747410063,0.467710372403566,0.125998397869519,0.642032284082243,0.0241471596661016,-15,24.9
3.20493565466434,0.739214327697738,0.465966837377482,0.125998479659543,0.64037499033245,0.0241312400110604,-14.999,24.9
3.20382854102084,0.737605119792283,0.46422499861326,0.125998128447497,0.638717807068907,0.0241153568014138,-15,25
3.20274516233087,0.735995136414497,0.462484222772052,0.125998223991729,0.637060513319114,0.0240995079172044,-15,25.1
3.20166201325601,0.734384389195139,0.460744794776766,0.125998314658352,0.635403219569321,0.0240836944182405,-15,25.1
3.20060311876461,0.732772890466681,0.459006692865986,0.125998400696372,0.633745925819528,0.0240679163059714,-14.999,25
3.19952092828879,0.731160653256826,0.457270199497629,0.125998053515458,0.632088742555986,0.0240521746319934,-14.999,25.1
3.19851092416756,0.729547690378097,0.455534986617093,0.125997724058404,0.630431559292443,0.0240364683483655,-14.996,25.2
3.19735866884179,0.727934016229673,0.453801945154447,0.125996124940515,0.62877470748765,0.0240208005929411,-14.999,25.1
3.19627651194164,0.72631964228072,0.452069222195011,0.125995893938732,0.627117524224107,0.0240051651058886,-14.999,25.1
3.19514633148868,0.724704577161252,0.4503377188489,0.125995674729773,0.625460340960564,0.0239895650360601,-15.001,25.1
3.19411073417498,0.723088830241769,0.448606807689077,0.125996324364856,0.623802936724521,0.0239739983233461,-14.999,25.2
3.19302836669864,0.721472412539835,0.44687769105878,0.125996083182303,0.622145753460978,0.023958469133619,-14.999,25.2
3.19189794084691,0.719855336664452,0.445149735816435,0.125995854312311,0.620488570197435,0.023942975406237,-15.001,25.2
3.19086178297785,0.718237611453372,0.443422315475071,0.125996494779563,0.618831165961392,0.0239275151016426,-14.999,25.2
3.18980273286784,0.716619247400013,0.441696633302816,0.125996244897205,0.617173982697849,0.0239120923638426,-14.998,25.2
3.18869620304446,0.715000257492029,0.439972360936043,0.125995578944913,0.615516909920557,0.0238967061777326,-14.999,25.3
3.18761257346842,0.713380651829211,0.438248869660836,0.125995375816637,0.613859726657014,0.0238813545176685,-14.999,25.3
3.18652856029433,0.711760439463626,0.436526448950365,0.12599518305822,0.612202543393471,0.0238660384392146,-14.999,25.2
3.18546797197923,0.710139630190689,0.434805081520008,0.125995000140271,0.610545360129928,0.0238507579732986,-14.998,25.3
3.18435985953726,0.708518234542005,0.433085054232201,0.125994397733803,0.608888287352635,0.0238355141685344,-14.999,25.4
3.18325059683743,0.706896261979964,0.431365739497758,0.125994254907285,0.607231104089092,0.0238203050280996,-15,25.4
3.18218777624927,0.705273720035187,0.429647124028433,0.1259945481988,0.605573810339299,0.0238051305976957,-14.999,25.4
3.18110121015561,0.703650617905385,0.427929802486501,0.125994397690926,0.603916627075756,0.023789992941807,-14.999,25.3
3.17996645467277,0.702026965524428,0.426213451896924,0.125994254866597,0.602259443812214,0.0237748910915638,-15.001,25.4
3.17897234234578,0.700402769987628,0.42449744884738,0.125994976986815,0.600602039576171,0.0237598230871646,-14.997,25.4
3.17783754979639,0.698778041862769,0.422783607366978,0.125993946935723,0.598945077285128,0.0237447949978259,-14.999,25.5
3.17679562257107,0.69715279151798,0.421070076483886,0.125993827122803,0.597287894021585,0.0237298008564398,-14.997,25.4
3.17565925712134,0.695527027394353,0.419358063087689,0.125992855773176,0.595630931730542,0.0237148447171988,-14.999,25.4
3.17456815113107,0.693900757777339,0.417646330773779,0.125992791664965,0.593973748466999,0.0236999226495586,-14.999,25.5
3.17345246063092,0.692273989049297,0.415935479172294,0.125992730829528,0.592316565203456,0.0236850367121666,-15,25.5
3.17231153764414,0.690646728374202,0.414225190195852,0.125993101926415,0.590659271453663,0.0236701859810818,-15.002,25.5
3.17128668931307,0.689018981016526,0.412515149108859,0.125994311731763,0.589001756731371,0.0236553695453247,-14.999,25.4
3.17019181172668,0.687390755737936,0.41080686768133,0.125994173295718,0.587344573467828,0.0236405924109734,-14.999,25.5
3.16902497246894,0.68576206292312,0.409099411250526,0.125994041926942,0.585687390204285,0.0236258516864821,-15.002,25.5
3.16799681209353,0.684132907437591,0.407391854892635,0.125995203744522,0.584029875481992,0.0236111445129557,-14.999,25.6
3.1668750210724,0.682503296765837,0.405686018077436,0.125995019770522,0.582372692218449,0.0235964768545873,-15,25.6
3.16572780308991,0.68087324003115,0.4039806629219,0.125995274015165,0.580715398468656,0.0235818448782226,-15.002,25.5
3.16467236560434,0.679242741757186,0.402275475997647,0.12599637293367,0.579057883746364,0.0235672477089874,-15,25.5
3.16356981651552,0.677611809082423,0.400571666492809,0.125996558098267,0.577400589996571,0.0235526893323885,-15,25.6
3.16246592165446,0.675980450799401,0.39886860800019,0.125996733810065,0.575743296246778,0.0235381678973365,-15,25.7
3.16136063268704,0.674348673779707,0.397166288394451,0.125996900551638,0.574086002496985,0.0235236835052736,-15,25.6
3.16027741016496,0.672716484783983,0.395464695746019,0.125997058780921,0.572428708747192,0.0235092362617879,-14.999,25.6
3.15916982330489,0.671083891358056,0.393764122185917,0.12599678010585,0.570771525483649,0.023494827236133,-14.999,25.7
3.15806067151277,0.669450900921083,0.392064249176476,0.12599651565736,0.569114342220106,0.023480455578075,-14.999,25.7
3.15692644000809,0.66781751988294,0.390365065407074,0.125996264709174,0.567457158956563,0.0234661214062168,-15,25.7
3.15581337408297,0.666183753655672,0.388666255881714,0.125996455398717,0.565799865206771,0.0234518238918041,-15,25.6
3.15469861944553,0.664549607568787,0.386968116642255,0.125996636353409,0.564142571456978,0.0234375641196083,-15,25.6
3.15353527812933,0.662915087755243,0.38527063686671,0.12599680807022,0.562485277707185,0.02342334222225,-15.002,25.7
3.15248594130044,0.661280198460305,0.383573198171838,0.125997828674005,0.560827762984892,0.0234091564485953,-14.999,25.8
3.1513431033299,0.659644946553388,0.381877315666648,0.125997510695284,0.559170579721349,0.0233950116653187,-15,25.8
3.1501743362639,0.658009339663141,0.3801817541055,0.125997637776253,0.557513285971557,0.0233809042402368,-15.002,25.7
3.14909583341751,0.656373380842711,0.378486202654821,0.12599861602289,0.555855771249264,0.023366833397272,-15,25.8
3.14801662628641,0.654737075783807,0.376791873055655,0.125998686676013,0.554198477499471,0.0233528030464341,-14.998,25.8
3.14686659575765,0.653100433644236,0.37509874914848,0.125997896068987,0.552541404722178,0.0233388133360161,-14.999,25.8
3.14576042462881,0.651463460750937,0.373405903430709,0.125997574649699,0.550884221458635,0.0233248616331932,-14.998,25.8
3.14460606745022,0.649826162448877,0.371713937363022,0.125996840812494,0.549227148681342,0.0233109499734344,-14.999,25.8
3.14347210835182,0.648188543987049,0.370022230791037,0.125996573264882,0.547569965417799,0.0232970766826459,-14.999,25.8
3.14233584796565,0.64655060964504,0.368331081609263,0.125996319375787,0.545912782154257,0.0232832428768033,-14.999,25.9
3.14119723007286,0.644912364522837,0.366640480818451,0.125996078447931,0.544255598890714,0.0232694487492049,-14.999,25.9
3.14007945344445,0.643273813638092,0.364950419564648,0.125995849819631,0.542598415627171,0.0232556944994943,-14.998,25.8
3.13891335139021,0.641634962821779,0.363261193004839,0.125995204036361,0.540941342849878,0.0232419812468112,-14.999,25.9
3.13779052091063,0.639995816911552,0.361572181710474,0.125995020047462,0.539284159586335,0.0232283073752628,-14.998,25.9
3.13661930434794,0.638356380676641,0.359883988158162,0.125994416624716,0.537627086809042,0.0232146749277335,-14.999,26
3.13542158260975,0.636716658799593,0.358195993193046,0.125994272833803,0.535969903545499,0.0232010823128998,-15.001,25.9
3.13431263725601,0.635076653214019,0.356507887957045,0.12599499403678,0.534312499309456,0.0231875288705427,-14.999,26
3.13313271376439,0.633436368510167,0.3548208861348,0.125994820768525,0.532655316045914,0.02317401845576,-15,26
3.13199564287027,0.631795810079153,0.35313406187504,0.125995085172377,0.530998022296121,0.0231605486107665,-14.999,26.1
3.13083318514852,0.63015498234523,0.3514480182631,0.125994907251578,0.529340839032578,0.0231471213877943,-14.999,26
3.12962149703001,0.628513890545883,0.349762440611011,0.125994738413777,0.527683655769035,0.0231337361515721,-15.001,26
3.12852111124281,0.626872537155859,0.34807671365972,0.125995435848529,0.526026251532992,0.0231203913979064,-14.998,26
3.12728094534047,0.625230927302642,0.346392355591983,0.125994811198811,0.524369178755699,0.0231070918509317,-15.001,26.1
3.12615115095965,0.623589065112397,0.344707526450301,0.12599550491783,0.522711774519656,0.0230938324790469,-14.999,26.1
3.12490404632451,0.621946953779369,0.34302374782875,0.125995305568694,0.521054591256113,0.023080618003572,-15.002,26.1
3.12379013041848,0.620304596422033,0.341339486994067,0.125996402876367,0.519397076533821,0.0230674443302073,-14.999,26
3.12262872311066,0.61866199702705,0.339656569588163,0.12599615768574,0.517739893270278,0.0230543170432319,-14.998,26.1
3.12134930534603,0.617019163065034,0.337974371536472,0.125995496185662,0.516082820492985,0.0230412346994647,-15.002,26.1
3.12017892711106,0.615376095635293,0.336291363668674,0.125996583762188,0.514425305770692,0.0230281932851559,-15.001,26.1
3.11905170274244,0.613732795843582,0.334609071264114,0.125997186990448,0.512767901534649,0.0230151975043646,-14.998,26.1
3.11783077717371,0.612089271013976,0.332928092291217,0.125996472943554,0.511110828757356,0.0230022494258994,-14.999,26.1
3.11658245433329,0.610445526553945,0.33124719542375,0.125996224175942,0.509453645493813,0.0229893459517265,-15.001,26.2
3.11544390992524,0.608801563331319,0.329566073684269,0.125996845761364,0.507796241257771,0.022976486610041,-14.998,26.2
3.11414270499323,0.607157385782109,0.327886246475676,0.125996149134483,0.506139168480478,0.0229636760679136,-15.002,26.1
3.11299557771052,0.605512996457832,0.326205571172932,0.125997203377456,0.504481653758185,0.0229509087475589,-14.999,26.1
3.11173171297893,0.603868397902685,0.324526181409372,0.125996917320617,0.502824470494642,0.0229381910187563,-15.001,26.2
3.11055411857009,0.602223594374592,0.322846542441106,0.125997503520457,0.501167066258599,0.022925519056719,-14.999,26.2
3.10928199337397,0.600578589192585,0.32116787019591,0.125997202141081,0.499509882995056,0.0229128966715961,-15.001,26.2
3.10809586598463,0.598933385602756,0.319488937161438,0.125997773800611,0.497852478759014,0.0229003209405706,-14.999,26.2
3.10688380387528,0.597287986818143,0.317810959452501,0.12599745862322,0.496195295495471,0.0228877956726535,-14.998,26.2
3.10562216098635,0.595642398663565,0.316133621344738,0.125996730709258,0.494538222718178,0.0228753204864626,-14.999,26.3
3.10440100155809,0.593996624191625,0.314456306559436,0.125996468782504,0.492881039454635,0.0228628941997733,-14.998,26.2
3.10313013656067,0.592350666415316,0.312779620672187,0.125995791400691,0.491223966677342,0.0228505189641796,-14.999,26.2
3.10183100984414,0.590704528289309,0.311102947577084,0.12599557742638,0.489566783413799,0.0228381936377783,-15.001,26.3
3.10057138787781,0.589058210047235,0.309425981415766,0.125996232028877,0.487909379177756,0.0228259179365338,-15.001,26.3
3.09930687785355,0.587411712818128,0.30774933108819,0.1259968532134,0.486251974941713,0.0228136940442462,-15.001,26.3
3.09810578582038,0.585765039491795,0.306072991495114,0.125997442685964,0.48459457070567,0.022801522512526,-14.998,26.3
3.0968104200344,0.584118195594396,0.304397869223595,0.125996715585611,0.482937497928378,0.0227894063262637,-14.999,26.3
3.09555469427161,0.582471185654016,0.302722734499129,0.125996454430931,0.481280314664835,0.0227773428252989,-14.998,26.3
3.0942487627066,0.580824012356314,0.301048193474915,0.125995777781777,0.479623241887542,0.0227653342157482,-14.999,26.4
3.09293671130075,0.579176678333909,0.299373630613324,0.125995564502722,0.477966058623999,0.0227533795100151,-15,26.3
3.09168668221357,0.577529184397915,0.297699044483092,0.125995790938357,0.476308764874206,0.0227414793494692,-14.998,26.3
3.09034143330736,0.57588153402937,0.296025345280028,0.125995148161022,0.474651692096913,0.0227296367558998,-15,26.4
3.08903451252527,0.574233729744248,0.294351306780118,0.125995395851229,0.47299439834712,0.0227178492356389,-15,26.4
3.08772174585885,0.572585772248588,0.292677538629726,0.125995630896655,0.471337104597328,0.022706119054322,-15,26.4
3.08644840766434,0.570937664016022,0.291004036463971,0.125995853942827,0.469679810847535,0.0226944469128633,-14.998,26.4
3.08503422878411,0.569289409268925,0.289331403724419,0.125995207949065,0.468022738070242,0.0226828350753741,-15.002,26.4
3.08374716506225,0.567641008574467,0.287657806733638,0.125996310240296,0.466365223347949,0.0226712796471115,-15,26.4
3.08238719041009,0.565992462519697,0.285985077132369,0.12599649860544,0.464707929598156,0.0226597860199628,-15.001,26.4
3.08108804988125,0.564343774336166,0.284312292880028,0.125997106181019,0.463050525362113,0.0226483526677888,-14.999,26.4
3.07973843466437,0.562694947217766,0.282640364679104,0.125996825086135,0.461393342098571,0.022636982670026,-14.999,26.4
3.07840472701245,0.561045985186644,0.280968674540062,0.125996558341367,0.459736158835028,0.0226256753182499,-14.998,26.5
3.07697438826612,0.559396891315349,0.279297522487303,0.125995876387503,0.458079086057735,0.0226144322015793,-15.001,26.5
3.0756480371351,0.557747665938969,0.277625686145126,0.125996515727799,0.456421681821692,0.0226032511980595,-14.999,26.4
3.0742256024537,0.556098310300876,0.275954690550045,0.125996264776018,0.454764498558149,0.0225921369273821,-15.001,26.4
3.0728848822221,0.554448826494509,0.274283310223639,0.125996884288774,0.453107094322106,0.0225810873354636,-14.999,26.4
3.07144789166649,0.552799216598868,0.272612763281802,0.125996614521664,0.451449911058563,0.0225701063022273,-15.001,26.5
3.07004711790927,0.551149482640026,0.270941824364985,0.125997216179629,0.449792506822521,0.0225591918573215,-15.001,26.5
3.06868379958648,0.549499624842026,0.269271103970056,0.12599778712248,0.448135102586478,0.0225483464526923,-14.999,26.5
3.06726898138191,0.547849646992969,0.267601206304887,0.125997471264998,0.446477919322935,0.0225375725290647,-14.999,26.5
3.06580111771533,0.546199552810117,0.265931513917928,0.125997171532288,0.444820736059392,0.0225268696704951,-15.001,26.5
3.06441379749527,0.544549342383041,0.264261415758919,0.125997744754422,0.443163331823349,0.0225162375258135,-14.999,26.6
3.06297458131318,0.54289901759822,0.262592130283463,0.125997431059862,0.441506148559806,0.0225056800192083,-14.999,26.5
3.0614819041713,0.541248582080997,0.260923040202214,0.125997133379656,0.439848965296263,0.0224951968455339,-15.001,26.5
3.06000169161817,0.539598035830506,0.25925353462449,0.125997708549512,0.43819156106022,0.0224847877681851,-15.002,26.6
3.05860192134824,0.537947377961236,0.257583920558932,0.125998683183118,0.436534046337928,0.0224744546799526,-14.999,26.6
3.05712792898506,0.536296612068825,0.255915413445232,0.125998321581033,0.434876863074385,0.0224642015268879,-14.999,26.6
3.05559986742909,0.534645742565839,0.254247089158831,0.125997978439019,0.433219679810842,0.0224540274720138,-15.001,26.6
3.05410595436183,0.532994769336428,0.252578337011944,0.125998510467927,0.431562275574799,0.0224439324437229,-15.001,26.6
3.05264742615695,0.531343692276293,0.250909768080823,0.12599901533634,0.429904871338756,0.0224339191059625,-14.999,26.7
3.05113578080253,0.52969251485049,0.249241987143367,0.125998636777571,0.428247688075213,0.0224239901125233,-14.999,26.7
3.04961422284031,0.528041240458454,0.247574377308855,0.125998277544526,0.42659050481167,0.0224141454920266,-14.999,26.7
3.0480377462607,0.526389870665737,0.245906935814773,0.125997936650611,0.424933321548128,0.0224043866486485,-15.001,26.6
3.04653912045225,0.524738405223939,0.244239052207231,0.12599847081285,0.423275917312085,0.022394713738727,-14.999,26.7
3.04498666947594,0.523086845687023,0.242571945528579,0.125998120052435,0.421618734048542,0.0223851308185908,-14.999,26.7
3.04342348681391,0.521435195353185,0.24090499906674,0.125997787198615,0.419961550784999,0.0223756381073543,-14.999,26.7
3.04178225766191,0.51978345568837,0.23923821023496,0.125997471337246,0.418304367521456,0.02236623715824,-15.002,26.7
3.04023949495392,0.518131625451842,0.237570664884284,0.125998458080725,0.416646852799163,0.0223569277118464,-15,26.7
3.0386421419693,0.516479705226092,0.235903889217391,0.12599853679692,0.414989559049371,0.0223477145140614,-15,26.8
3.03705551794486,0.514827698243022,0.23423726663918,0.125998611494592,0.413332265299578,0.0223385979927528,-14.999,26.8
3.03536845052457,0.513175606797696,0.232571098545972,0.125998253552262,0.411675082036035,0.0223295804636018,-15.002,26.8
3.03373405616898,0.51152343046027,0.230904163911838,0.125999200363048,0.410017567313742,0.0223206613031906,-15.002,26.7
3.03215429819095,0.509871167932859,0.229237381365291,0.126000098838396,0.408360052591449,0.0223118441318555,-14.999,26.8
3.03049726310319,0.508218823290041,0.227571660054791,0.125999664965993,0.406702869327906,0.0223031325341401,-14.999,26.8
3.02878275450928,0.506566400526095,0.225906076593879,0.125999253243117,0.405045686064364,0.0222945266349906,-15.001,26.8
3.02714276869829,0.504913899113635,0.224240021020948,0.125999720192271,0.403388281828321,0.0222860272549413,-14.999,26.7
3.02542404061662,0.503261320332146,0.222574712862684,0.125999305650051,0.401731098564778,0.0222776386562342,-15,26.8
3.02373540293936,0.501608666315436,0.220909232015539,0.125999341097163,0.400073804814985,0.022269361196516,-14.999,26.8
3.02201127119804,0.499955938283042,0.219244187219772,0.125998945908047,0.398416621551442,0.022261198077338,-14.999,26.9
3.02020608803291,0.498303138319471,0.217579269351037,0.125998570893647,0.396759438287899,0.0222531508938355,-15.002,26.8
3.01851753777484,0.496650264903061,0.215913564756091,0.125999501503905,0.395101923565606,0.0222452202770098,-14.999,26.8
3.01670520920373,0.494997319234249,0.214248903993308,0.125999098125898,0.393444740302064,0.0222374116595837,-15.001,26.8
3.01492060669076,0.493344303359395,0.212583756221241,0.125999572993908,0.391787336066021,0.0222297247446495,-15.001,26.9
3.01312049209069,0.491691216633002,0.210918733471119,0.126000023619531,0.390129931829978,0.0222221629582503,-15.001,26.9
3.011282313466,0.49003806019899,0.209253833724422,0.126000451240361,0.388472527593935,0.0222147287369267,-15.002,26.9
3.00949379926805,0.488384834288473,0.207588751127229,0.126001285857436,0.386815012871642,0.0222074240959631,-15,26.8
3.00764588580394,0.486731540922352,0.205924398451853,0.1260012202134,0.385157719121849,0.0222002530434903,-15,26.9
3.00580323054341,0.485078182968715,0.20426015974516,0.126001157920543,0.383500425372057,0.0221932172213197,-14.999,27
3.00392185378204,0.483424762364688,0.202596337035078,0.126000669981161,0.381843242108514,0.0221863197748851,-14.999,26.9
3.00202276784795,0.481771281011282,0.200932621521052,0.126000206951468,0.380186058844971,0.0221795629877628,-14.999,26.9
3.00008340844348,0.480117739889314,0.199269011472366,0.125999767559807,0.378528875581428,0.0221729496862502,-15,27
2.99814693055299,0.47846413906943,0.197605201318259,0.125999779426062,0.376871581831635,0.0221664823412612,-15,27
2.99619155609901,0.476810478625974,0.195941496373651,0.125999790686536,0.375214288081842,0.0221601643688158,-15,27
2.99423901324396,0.475156759521587,0.194277894939899,0.125999801372153,0.373556994332049,0.0221539988135723,-14.999,27
2.99224535569084,0.473502983597709,0.192614699213776,0.125999382685636,0.371899811068507,0.0221479891917993,-14.999,26.9
2.99020932748181,0.471849152661207,0.190951600560845,0.125998985373395,0.370242627804964,0.022142138285627,-15,27
2.9881960816335,0.47019526670594,0.189288293545841,0.125999037170884,0.368585334055171,0.022136448999492,-14.999,27.1
2.98611823364007,0.468541326625044,0.187625387484976,0.125998657497444,0.366928150791628,0.0221309254523331,-15,27.1
2.98406217518357,0.466887333287556,0.185962269952575,0.125998726033258,0.365270857041835,0.0221255703522531,-14.999,27
2.98196267342771,0.465233287558159,0.184299550315055,0.12599836224364,0.363613673778292,0.0221203879435974,-14.999,27.1
2.97990684614688,0.463579191172238,0.182636920064121,0.125998017025768,0.361956490514749,0.0221153814819522,-14.996,27.1
2.97769761794844,0.461925047630673,0.180975289360563,0.125996402951664,0.360299638709957,0.0221105556230712,-14.999,27.1
2.97557263773485,0.46027085768029,0.179312824209936,0.125996157757193,0.358642455446414,0.0221059122364995,-14.997,27.1
2.97338080713777,0.458616621190554,0.177651052073097,0.125995067426842,0.356985493155371,0.0221014567830742,-14.997,27.1
2.97109776118247,0.456962340691857,0.175989357592806,0.125994032758716,0.355328530864328,0.0220971926226257,-15,27.1
2.96891923502421,0.455308014211722,0.174326827911307,0.12599433739109,0.353671237114535,0.0220931230518033,-14.997,27.2
2.96660671830104,0.453653642507054,0.172665294369619,0.125993339991864,0.352014274823492,0.0220892538917695,-14.999,27.1
2.96430990653322,0.451999227187837,0.171003226896305,0.125993251163907,0.350357091559949,0.0220855881309488,-14.999,27.1
2.9619636293839,0.450344767179245,0.169341238280169,0.125993166870687,0.348699908296406,0.0220821307044875,-15,27.2
2.95961051355238,0.448690262308465,0.167679023380049,0.125993515707328,0.347042614546614,0.0220788859186533,-15,27.2
2.95725073817184,0.447035712410313,0.166016887933525,0.125993846735584,0.345385320796821,0.0220758586396024,-14.999,27.2
2.95477408876201,0.445381119106108,0.164355134525782,0.12599373203796,0.343728137533278,0.022073053790597,-15.002,27.2
2.95239702127874,0.443726481303141,0.162692543300559,0.125994909675618,0.342070622810985,0.0220704755307265,-14.999,27.2
2.94992547333962,0.442071799734376,0.161030945641118,0.125994740714067,0.340413439547442,0.0220681298735751,-14.999,27.2
2.94740009693957,0.440417077774923,0.159369419253556,0.125994580378136,0.338756256283899,0.0220660213860767,-15,27.2
2.94486331522189,0.438762315182565,0.157707659119176,0.125994857054107,0.337098962534107,0.0220641551842432,-15,27.2
2.9422490104751,0.437107511723834,0.156045971096049,0.125995119605552,0.335441668784314,0.0220625367798695,-15.002,27.2
2.93975305309936,0.435452666269856,0.154383746283938,0.125996226406789,0.333784154062021,0.022061171504517,-14.997,27.3
2.93707211416444,0.433797782191351,0.152723116857727,0.125995132571822,0.332127191770978,0.0220600655507015,-14.999,27.3
2.93439731893481,0.432142862770741,0.151061938902645,0.125994952231244,0.330470008507435,0.0220592240958279,-14.999,27.2
2.93166340801474,0.430487906799641,0.149400825443177,0.125994781097195,0.328812825243892,0.0220586532195331,-15,27.3
2.92893463372514,0.428832913973831,0.147739471570031,0.1259950475263,0.327155531494099,0.022058358973051,-14.999,27.3
2.92618980695467,0.427177884893181,0.146078487116905,0.125994871527363,0.325498348230557,0.0220583476077948,-14.997,27.3
2.92329646213523,0.425522822821214,0.144418171771218,0.125993846860059,0.323841385939514,0.0220586254041161,-15,27.3
2.92044723678337,0.423867727386568,0.142756998957738,0.125994160982707,0.322184092189721,0.0220591990073178,-14.999,27.3
2.91757870122869,0.422212597353737,0.141096192641011,0.125994030242519,0.320526908926178,0.0220600750090537,-14.997,27.3
2.91460240750733,0.420557435959494,0.139436052555651,0.125993048523471,0.318869946635135,0.0220612601097249,-14.998,27.4
2.911580371795,0.41890224459484,0.13777565990884,0.125992545748579,0.317212873857842,0.0220627615346376,-14.999,27.3
2.90848927735211,0.41724702195982,0.13611501699443,0.125992497467368,0.315555690594299,0.022064586541053,-15.001,27.3
2.90545922239791,0.415591765881129,0.134453822201247,0.125993309304202,0.313898286358257,0.0220667427222601,-14.998,27.4
2.90225115280243,0.413936477802742,0.132793600211827,0.125992793216249,0.312241213580964,0.0220692368819079,-15.001,27.4
2.89912239915424,0.412281158226789,0.13113251746351,0.12599358995487,0.310583809344921,0.0220720777621831,-14.998,27.4
2.89585694246825,0.410625807676324,0.129472405709955,0.125993059539478,0.308926736567628,0.0220752721608064,-14.999,27.4
2.89251534247818,0.408970428425601,0.127812039153685,0.125992985028837,0.307269553304085,0.0220788289894613,-15.001,27.5
2.88920539392424,0.407315018259818,0.12615111625675,0.125993771975273,0.305612149068042,0.0220827569276866,-14.999,27.5
2.88575301972117,0.40565957768779,0.124490857905733,0.125993661094222,0.303954965804499,0.0220870634670875,-15.001,27.4
2.88235106013432,0.404004107190755,0.122830041467042,0.125994413526988,0.302297561568457,0.0220917585079617,-14.998,27.4
2.87876011316119,0.402348608155881,0.121170191723455,0.12599384106759,0.300640488791164,0.022096849412232,-15.001,27.5
2.875214901276,0.400693081029401,0.119509475210939,0.125994584312573,0.298983084555121,0.0221023474061555,-14.999,27.5
2.87156430050381,0.399037525385044,0.117849419912198,0.125994431961063,0.297325901291578,0.0221082601133243,-14.999,27.5
2.86787044049291,0.397381943462238,0.116189410983413,0.125994287387217,0.295668718028035,0.0221145978869743,-14.998,27.4
2.86406603362163,0.395726336579595,0.114529751543915,0.125993721367354,0.294011645250742,0.0221213701468471,-14.999,27.4
2.86027941674814,0.394070705135261,0.112869829998944,0.125993613069877,0.292354461987199,0.0221285879258483,-14.996,27.5
2.85624736523331,0.392415051319308,0.111210864268396,0.125992223821195,0.290697610182407,0.0221362595868101,-15.001,27.5
2.85229032743418,0.390759373689739,0.109550413327933,0.125993049627882,0.289040205946364,0.0221443999515904,-14.999,27.5
2.84821478927811,0.389103669972215,0.107890619313497,0.125992975623236,0.287383022682821,0.0221530162620675,-14.999,27.5
2.84406014702222,0.387447942366932,0.106230867450495,0.125992905396584,0.285725839419278,0.0221621207417021,-14.999,27.6
2.83977941112983,0.385792191259566,0.10457115705838,0.125992838755059,0.284068656155735,0.0221717248359027,-15.001,27.6
2.83552261077184,0.384136415240889,0.102910879731612,0.125993633168888,0.282411251919692,0.0221818416562493,-14.998,27.5
2.83104899087313,0.38248061561712,0.101251560395809,0.125993100547386,0.280754179142399,0.0221924797972561,-15.001,27.5
2.82661438196646,0.380824792754853,0.0995913657274675,0.12599388159651,0.279096774906357,0.0222036558322784,-14.998,27.6
2.82202338435061,0.379168947043799,0.0979321277155434,0.125993336292583,0.277439702129064,0.0222153779095543,-14.998,27.6
2.81731327674538,0.377513081521355,0.0962729246620472,0.125992818826851,0.275782629351771,0.0222276611379447,-14.999,27.6
2.81254599225678,0.375857195613045,0.0946134521345747,0.125992756604779,0.274125446088228,0.0222405196411399,-14.998,27.6
2.80767607623614,0.374201289652844,0.0929543204360128,0.125992268732567,0.272468373310935,0.0222539652792885,-14.997,27.6
2.80272202398746,0.372545365748335,0.0912955258474033,0.125991376939991,0.270811411019892,0.0222680118424212,-14.995,27.7
2.7975030136551,0.370889426867408,0.0896373685778205,0.125989673020878,0.269154669701349,0.0222826724596341,-15,27.7
2.79231719126168,0.36923347055917,0.0879777148292904,0.125990200221308,0.267497375951556,0.0222979687645352,-14.998,27.6
2.78694693749374,0.367577494446174,0.0863187069196966,0.125989842854488,0.265840303174264,0.0223139087731707,-14.999,27.7
2.78147263583587,0.365921499732832,0.0846594263854638,0.125989932558153,0.264183119910721,0.0223305109456078,-14.999,27.8
2.77584618596619,0.364265485829955,0.0830001797123586,0.125990017682374,0.262525936647178,0.0223477899558957,-15,27.8
2.77010569342757,0.362609452153026,0.081340662485693,0.125990527287563,0.260868642897385,0.0223657631286146,-15,27.7
2.76422488798724,0.360953398131804,0.0796811811577954,0.125991010877004,0.259211349147592,0.0223844458379921,-15,27.7
2.75824290106195,0.359297324094756,0.0780217351490685,0.125991469778824,0.257554055397799,0.0224038549946854,-14.998,27.8
2.75199997653181,0.357641232153719,0.0763629316252502,0.125991047600092,0.255896982620506,0.0224240051891061,-15.001,27.8
2.74568375997043,0.355985121693742,0.0747032444409394,0.125991933453794,0.254239578384463,0.022444920968701,-15,27.8
2.7391817276913,0.354328991239662,0.0730438979835707,0.12599234525734,0.252582284634671,0.0224666151019945,-15,27.8
2.7325526545576,0.352672842003789,0.0713845846678435,0.125992736037991,0.250924990884878,0.0224891075996065,-14.998,27.8
2.72567997376641,0.351016676078037,0.0697259116946526,0.12599224921573,0.249267918107585,0.022512414399859,-14.999,27.9
2.71864077019867,0.349360494616529,0.0680669606891638,0.125992216072755,0.247610734844042,0.0225365596511278,-14.999,27.8
2.71131560058362,0.347704296980597,0.0664080382244523,0.125992184621755,0.245953551580499,0.0225615618781874,-15.003,27.8
2.70393667741825,0.346048079854029,0.0647479283677624,0.125993870082856,0.244295926371956,0.0225874486473691,-15,27.9
2.69632651528605,0.344391842676527,0.0630887702305035,0.125994183019961,0.242638632622164,0.0226142290279529,-14.998,27.9
2.68840548218492,0.342735590228993,0.0614302499303734,0.125993622328129,0.240981559844871,0.0226419259278071,-15,27.9
2.68026856330665,0.341079322748288,0.0597711452649996,0.125993947913308,0.239324266095078,0.022670568838941,-15.001,27.9
2.67197433410193,0.339423037803791,0.0581117659694668,0.125994685703733,0.237666861859035,0.0227001787889416,-14.998,27.9
2.66333701028044,0.337766737470978,0.0564533301658879,0.125994099349498,0.236009789081742,0.0227307708959983,-14.999,27.9
2.65449484934848,0.336110423772455,0.0547946125008295,0.125993971755735,0.234352605818199,0.0227623768996062,-14.997,28
2.6452581062313,0.334454097823195,0.0531365273451678,0.125992993022482,0.232695643527156,0.0227950147349361,-15,27.9
2.63582939036656,0.332797758916971,0.0514775487145595,0.125993350734212,0.231038349777364,0.0228287203522984,-14.998,28
2.62604392668989,0.33114140638316,0.0498192050228857,0.125992832531224,0.229381277000071,0.0228635081999556,-14.998,28
2.61592612092893,0.329485042220779,0.0481608818505442,0.125992340782907,0.227724204222778,0.022899408906008,-14.998,28
2.60538896537812,0.327828666617577,0.0465025788662435,0.125991874138729,0.226067131445485,0.0229364493215092,-15.001,28
2.59458919889279,0.326172277075255,0.0448433841400745,0.125992717796982,0.224409727209442,0.0229746647202987,-14.999,28
2.58333397218232,0.324515872939044,0.0431848260579373,0.125992660732565,0.222752543945899,0.0230140706802798,-15,28
2.5717543342703,0.322859455329227,0.0415259863047112,0.125993035407956,0.221095250196106,0.0230547038594455,-14.997,28
2.55962860980987,0.321203026256855,0.0398680831161875,0.125992104475997,0.219438287905064,0.0230965827746641,-14.999,28
2.54707872960313,0.319546586786816,0.0382095873827865,0.125992078722099,0.217781104641521,0.0231397515924697,-14.999,28
2.53403496484203,0.317890135307985,0.0365511128396446,0.125992054282958,0.216123921377978,0.023184235891626,-14.999,28
2.52046609403141,0.316233672014248,0.034892659144638,0.125992031091455,0.214466738114435,0.0232300675172599,-14.999,28.1
2.50633817312226,0.314577197096361,0.0332342259611668,0.125992009083896,0.212809554850892,0.0232772790989997,-14.999,28.1
2.4915675778833,0.312920710741999,0.0315758129580654,0.125991988199841,0.211152371587349,0.0233259040702731,-15.001,28.1
2.47624748393218,0.311264211347133,0.0299168120735374,0.125992826035184,0.209494967351306,0.0233759834629538,-14.999,28.1
2.46022995223002,0.309607699131983,0.028258444703404,0.125992763445121,0.207837784087764,0.0234275390282158,-14.998,28.1
2.44346366161718,0.307951176976873,0.0266004003190512,0.125992275223704,0.206180711310471,0.0234806097211558,-14.998,28.2
2.4258215028106,0.306294645931787,0.0249423716216151,0.125991811926375,0.204523638533178,0.0235352357732159,-15.002,28.1
2.40751235059109,0.304638102562903,0.0232831428858698,0.125993087587244,0.202866123810885,0.0235914701454934,-14.998,28.1
2.38819545295551,0.30298154708855,0.021625157295393,0.125992582818116,0.201209051033592,0.0236493215401751,-14.999,28.2
2.36792201018189,0.301324982367832,0.0199668825745974,0.125992532644476,0.199551867770049,0.0237088483962769,-14.999,28.2
2.34661687237536,0.299668407660536,0.0183086254757395,0.12599248503224,0.197894684506507,0.0237700875295404,-14.998,28.2
2.32412520799835,0.298011824022237,0.016650689582296,0.12599201102402,0.196237611729214,0.0238330762992329,-14.999,28.2
2.3003394491399,0.296355231592289,0.0149924637561589,0.12599199004092,0.194580428465671,0.0238978657459798,-15.002,28.3
2.27533021473667,0.294698626940123,0.0133333431585724,0.1259932566089,0.192922913743378,0.0239645089362353,-14.999,28.3
2.24878850368168,0.293042010277589,0.0116751600923392,0.125993172037709,0.191265730479835,0.0240330239932787,-14.999,28.3
2.22058406077097,0.291385384467094,0.0100169931682505,0.125993091783944,0.189608547216292,0.0241034699305449,-15.001,28.3
2.19071630313165,0.28972874786766,0.00835823438970828,0.125993873280448,0.187951142980249,0.0241759035408399,-14.998,28.3
2.15877032697968,0.288072101557494,0.00670040908466838,0.125993328401063,0.186294070202957,0.0242503486419368,-15.001,28.3
2.12479550114306,0.286415445678861,0.00504168432547081,0.125994097818076,0.184636665966914,0.0243268843722785,-14.998,28.4
2.08835492905967,0.284758780400765,0.00338389249052203,0.125993541475868,0.182979593189621,0.0244055306778727,-14.999,28.3
2.04922522292481,0.283102107649122,0.0017258083970076,0.125993442361993,0.181322409926078,0.0244863599128811,-15.001,28.3
2.00720782611706,0.281445424866419,6.71311117127283e-05,0.125994205961212,0.179665005690035,0.0245694312118479,-14.999,28.3
1.96177612978097,0.27978873222429,-0.00159091788380405,0.125994072924836,0.178007822426492,0.0246547768172355,-15.001,28.4
1.91261823430949,0.278132029872241,-0.00324956063777003,0.125994804333324,0.17635041819045,0.0247424752318991,-15.001,28.4
1.85935005767752,0.276475316188042,-0.00490818339545532,0.125995498402832,0.174693013954407,0.0248325723505865,-14.995,28.4
1.80107357765149,0.274818596720685,-0.00656496327177335,0.12599358407979,0.173036272635864,0.0249250891826618,-14.998,28.4
1.73723154043776,0.273161874217519,-0.00822265412952993,0.125993053964326,0.171379199858571,0.0250201404463075,-15,28.5
1.6669721923248,0.271505144270385,-0.00988094274415111,0.125993408564926,0.169721906108778,0.0251177824810056,-15.001,28.5
1.5893356018667,0.269848404326133,-0.0115395191643401,0.125994173889511,0.168064501872735,0.0252180725004417,-14.998,28.5
1.50289925904566,0.268191656339686,-0.0131971650552625,0.125993613663796,0.166407429095442,0.0253210477163497,-14.999,28.4
1.40608115763429,0.266534902215044,-0.0148551055610651,0.125993510864671,0.164750245831899,0.0254268011194705,-15.001,28.5
1.29691732944249,0.264878139373137,-0.0165136415769191,0.125994270966773,0.163092841595857,0.0255354083023987,-15.001,28.5
1.17286698837108,0.263221366175711,-0.0181721593198145,0.125994992265064,0.161435437359814,0.0256469247395703,-14.999,28.6
1.03053728443018,0.261564584578633,-0.0198300513487965,0.125994819087257,0.159778254096271,0.0257614060617631,-14.999,28.6
0.865510465493714,0.259907796496518,-0.0214879319345265,0.125994654750313,0.158121070832728,0.0258789397603373,-14.999,28.5
0.671751400063748,0.258251002034069,-0.0231458012617596,0.1259944988029,0.156463887569185,0.0259996004467129,-15.001,28.6
0.441030234028645,0.256594199505621,-0.0248042672482457,0.125995208469977,0.154806483333142,0.026123481302244,-14.999,28.6
0.161521462746494,0.254937389051081,-0.0264621083564427,0.125995024254738,0.1531493000696,0.0262506276327707,-14.999,28.6
