4.1,1.0001,1,298.15,298.15,0,108.422047810722
3.9113,0.99971,0.99218,298.22,298.15,67.985,108.344620905167
3.9081,0.99915,0.98676,298.39,298.15,67.985,108.271157879483
3.9058,0.9986,0.98266,298.53,298.15,67.985,108.197776057628
3.9041,0.99804,0.9796,298.66,298.15,67.985,108.124454666528
3.9026,0.99749,0.97686,298.77,298.15,67.985,108.051186152339
3.9013,0.99693,0.97438,298.87,298.15,67.985,107.977966738139
3.9001,0.99638,0.9721,298.96,298.15,67.985,107.904792647006
3.8989,0.99582,0.97003,299.03,298.15,67.985,107.831661990478
3.8979,0.99527,0.96807,299.1,298.15,67.985,107.758570991633
3.8969,0.99471,0.9662,299.15,298.15,67.985,107.68551587355
3.8959,0.99416,0.96441,299.2,298.15,67.985,107.612496636228
3.8949,0.9936,0.9627,299.25,298.15,67.985,107.539509502744
3.894,0.99305,0.96107,299.28,298.15,67.985,107.4665544731
3.8932,0.99249,0.9595,299.32,298.15,67.985,107.393629658833
3.8923,0.99193,0.95796,299.34,298.15,67.985,107.320733171483
3.8915,0.99138,0.95647,299.37,298.15,67.985,107.24786501105
3.8907,0.99082,0.95501,299.39,298.15,67.985,107.175021400611
3.89,0.99027,0.95358,299.41,298.15,67.985,107.102204228628
3.8892,0.98971,0.95219,299.43,298.15,67.985,107.029411606639
3.8885,0.98916,0.95084,299.44,298.15,67.985,106.956641646183
3.8878,0.9886,0.94953,299.46,298.15,67.985,106.883894347261
3.8871,0.98805,0.94824,299.47,298.15,67.985,106.811169709872
3.8865,0.98749,0.94696,299.48,298.15,67.985,106.738465845556
3.8858,0.98694,0.94571,299.49,298.15,67.985,106.665782754311
3.8852,0.98638,0.94448,299.49,298.15,67.985,106.593120436139
3.8846,0.98582,0.94326,299.5,298.15,67.985,106.520477002578
3.884,0.98527,0.94207,299.51,298.15,67.985,106.447852453628
3.8834,0.98471,0.94089,299.51,298.15,67.985,106.375246789289
3.8829,0.98416,0.93973,299.52,298.15,67.985,106.3026581211
3.8823,0.9836,0.93859,299.52,298.15,67.985,106.230086449061
3.8818,0.98305,0.93747,299.52,298.15,67.985,106.157531773172
3.8813,0.98249,0.93635,299.53,298.15,67.985,106.084994093433
3.8807,0.98194,0.93525,299.53,298.15,67.985,106.012471521383
3.8802,0.98138,0.93416,299.53,298.15,67.985,105.939964057022
3.8797,0.98083,0.93308,299.54,298.15,67.985,105.86747170035
3.8792,0.98027,0.93201,299.54,298.15,67.985,105.794992562906
3.8788,0.97971,0.93096,299.54,298.15,67.985,105.72252853315
3.8783,0.97916,0.92991,299.54,298.15,67.985,105.650077722622
3.8778,0.9786,0.92888,299.54,298.15,67.985,105.577640131322
3.8773,0.97805,0.92786,299.54,298.15,67.985,105.50521575925
3.8768,0.97749,0.92685,299.55,298.15,67.985,105.432804606406
3.8764,0.97694,0.92584,299.55,298.15,67.985,105.360404784328
3.8759,0.97638,0.92485,299.55,298.15,67.985,105.288016293017
3.8754,0.97583,0.92386,299.55,298.15,67.985,105.215641020933
3.8748,0.97527,0.92288,299.55,298.15,67.985,105.143277079617
3.8743,0.97471,0.92191,299.55,298.15,67.985,105.070924469067
3.8737,0.97416,0.92094,299.55,298.15,67.985,104.998581300822
3.8731,0.9736,0.91999,299.55,298.15,67.985,104.926249463344
3.8725,0.97305,0.91904,299.55,298.15,67.985,104.853927068172
3.8719,0.97249,0.9181,299.55,298.15,67.985,104.781616003767
3.8712,0.97194,0.91717,299.56,298.15,67.985,104.709314381667
3.8704,0.97138,0.91624,299.56,298.15,67.985,104.637024090333
3.8696,0.97083,0.91532,299.56,298.15,67.985,104.564743241306
3.8688,0.97027,0.9144,299.56,298.15,67.985,104.492471834583
3.8679,0.96971,0.91349,299.56,298.15,67.985,104.420209870167
3.8669,0.96916,0.91259,299.56,298.15,67.985,104.347957348056
3.8658,0.9686,0.91169,299.57,298.15,67.985,104.27571426825
3.8647,0.96805,0.9108,299.57,298.15,67.985,104.20348063075
3.8635,0.96749,0.90991,299.57,298.15,67.985,104.131256435556
3.8622,0.96694,0.90903,299.58,298.15,67.985,104.059041682667
3.8608,0.96638,0.90816,299.58,298.15,67.985,103.986836372083
3.8594,0.96583,0.90729,299.58,298.15,67.985,103.914640503806
3.8579,0.96527,0.90643,299.59,298.15,67.985,103.842452189372
3.8563,0.96471,0.90558,299.59,298.15,67.985,103.770273317244
3.8547,0.96416,0.90472,299.6,298.15,67.985,103.698103887422
3.8531,0.9636,0.90388,299.61,298.15,67.985,103.625943899906
3.8514,0.96305,0.90303,299.61,298.15,67.985,103.553793354694
3.8497,0.96249,0.9022,299.62,298.15,67.985,103.481652251789
3.8481,0.96194,0.90136,299.63,298.15,67.985,103.409520591189
3.8464,0.96138,0.90054,299.63,298.15,67.985,103.337398372894
3.8448,0.96083,0.89971,299.64,298.15,67.985,103.265287485367
3.8433,0.96027,0.8989,299.65,298.15,67.985,103.193186040144
3.8418,0.95971,0.89808,299.66,298.15,67.985,103.121094037228
3.8404,0.95916,0.89727,299.67,298.15,67.985,103.049011476617
3.839,0.9586,0.89647,299.68,298.15,67.985,102.976938358311
3.8377,0.95805,0.89567,299.69,298.15,67.985,102.904876570772
3.8366,0.95749,0.89488,299.7,298.15,67.985,102.832824225539
3.8355,0.95694,0.89409,299.71,298.15,67.985,102.760781322611
3.8344,0.95638,0.8933,299.71,298.15,67.985,102.68874975045
3.8335,0.95583,0.89251,299.72,298.15,67.985,102.616727620594
3.8326,0.95527,0.89173,299.73,298.15,67.985,102.544716821506
3.8318,0.95472,0.89095,299.74,298.15,67.985,102.472715464722
3.831,0.95416,0.89017,299.74,298.15,67.985,102.400725438706
3.8304,0.9536,0.8894,299.75,298.15,67.985,102.328744854994
3.8297,0.95305,0.88862,299.75,298.15,67.985,102.25677560205
3.8292,0.95249,0.88785,299.76,298.15,67.985,102.184817679872
3.8287,0.95194,0.88709,299.76,298.15,67.985,102.1128692
3.8282,0.95138,0.88632,299.77,298.15,67.985,102.040932050894
3.8277,0.95083,0.88556,299.77,298.15,67.985,101.969006232556
3.8273,0.95027,0.8848,299.77,298.15,67.985,101.897091744983
3.827,0.94972,0.88404,299.77,298.15,67.985,101.825188588178
3.8266,0.94916,0.88328,299.78,298.15,67.985,101.753296762139
3.8263,0.9486,0.88253,299.78,298.15,67.985,101.681416266867
3.826,0.94805,0.88178,299.78,298.15,67.985,101.609547102361
3.8257,0.94749,0.88103,299.78,298.15,67.985,101.537689268622
3.8254,0.94694,0.88029,299.78,298.15,67.985,101.46584276565
3.8252,0.94638,0.87954,299.78,298.15,67.985,101.394007593444
3.8249,0.94583,0.8788,299.78,298.15,67.985,101.322185640467
3.8247,0.94527,0.87806,299.78,298.15,67.985,101.250375018256
3.8245,0.94472,0.87732,299.78,298.15,67.985,101.178575726811
3.8242,0.94416,0.87658,299.78,298.15,67.985,101.106789654594
3.824,0.9436,0.87585,299.78,298.15,67.985,101.035014913144
3.8238,0.94305,0.87511,299.78,298.15,67.985,100.963253390922
3.8236,0.94249,0.87438,299.78,298.15,67.985,100.891503199467
3.8234,0.94194,0.87365,299.78,298.15,67.985,100.819766227239
3.8232,0.94138,0.87292,299.78,298.15,67.985,100.748040585778
3.8229,0.94083,0.8722,299.78,298.15,67.985,100.676328163544
3.8227,0.94027,0.87147,299.78,298.15,67.985,100.604628960539
3.8225,0.93972,0.87075,299.78,298.15,67.985,100.5329410883
3.8223,0.93916,0.87003,299.78,298.15,67.985,100.461266435289
3.822,0.9386,0.86931,299.78,298.15,67.985,100.389605001506
3.8218,0.93805,0.86859,299.78,298.15,67.985,100.31795678695
3.8216,0.93749,0.86787,299.78,298.15,67.985,100.246321791622
3.8213,0.93694,0.86716,299.78,298.15,67.985,100.174700015522
3.8211,0.93638,0.86645,299.78,298.15,67.985,100.10309145865
3.8208,0.93583,0.86573,299.78,298.15,67.985,100.031496121006
3.8205,0.93527,0.86503,299.78,298.15,67.985,99.9599140025889
3.8202,0.93471,0.86432,299.78,298.15,67.985,99.8883451034
3.82,0.93416,0.86361,299.78,298.15,67.985,99.8167894234389
3.8197,0.9336,0.86291,299.78,298.15,67.985,99.7452488511667
3.8193,0.93305,0.86221,299.77,298.15,67.985,99.6737214981222
3.819,0.93249,0.8615,299.77,298.15,67.985,99.6022073643056
3.8187,0.93193,0.8608,299.77,298.15,67.985,99.5307064497167
3.8183,0.93138,0.86011,299.77,298.15,67.985,99.4592187543555
3.818,0.93082,0.85941,299.77,298.15,67.985,99.3877442782222
3.8176,0.93027,0.85871,299.77,298.15,67.985,99.3162849097778
3.8172,0.92971,0.85802,299.77,298.15,67.985,99.2448387605611
3.8168,0.92915,0.85733,299.78,298.15,67.985,99.1734058305722
3.8164,0.9286,0.85663,299.78,298.15,67.985,99.10198423135
3.816,0.92804,0.85594,299.78,298.15,67.985,99.0305758513556
3.8156,0.92749,0.85526,299.78,298.15,67.985,98.9591806905889
3.8151,0.92693,0.85457,299.78,298.15,67.985,98.88779874905
3.8147,0.92638,0.85388,299.78,298.15,67.985,98.8164281382778
3.8142,0.92582,0.8532,299.78,298.15,67.985,98.7450707467333
3.8137,0.92527,0.85252,299.78,298.15,67.985,98.6737246859555
3.8132,0.92471,0.85184,299.78,298.15,67.985,98.6023899559444
3.8127,0.92415,0.85116,299.78,298.15,67.985,98.5310665567
3.8121,0.9236,0.85048,299.78,298.15,67.985,98.4597544882222
3.8116,0.92304,0.8498,299.78,298.15,67.985,98.3884537505111
3.811,0.92249,0.84912,299.79,298.15,67.985,98.3171624551056
3.8104,0.92193,0.84845,299.79,298.15,67.985,98.2458824904667
3.8098,0.92138,0.84778,299.79,298.15,67.985,98.1746119681333
3.8092,0.92082,0.84711,299.79,298.15,67.985,98.1033508881056
3.8085,0.92027,0.84644,299.79,298.15,67.985,98.0321011388444
3.8079,0.91971,0.84577,299.79,298.15,67.985,97.9608608318889
3.8072,0.91916,0.8451,299.8,298.15,67.985,97.8896299672389
3.8065,0.9186,0.84444,299.8,298.15,67.985,97.8184066564333
3.8058,0.91805,0.84378,299.8,298.15,67.985,97.7471927879333
3.8051,0.91749,0.84312,299.81,298.15,67.985,97.6759883617389
3.8043,0.91694,0.84246,299.81,298.15,67.985,97.6047914893889
3.8036,0.91638,0.8418,299.81,298.15,67.985,97.5336040593444
3.8028,0.91583,0.84115,299.82,298.15,67.985,97.4624241831444
3.802,0.91527,0.84049,299.82,298.15,67.985,97.3912518607889
3.8012,0.91472,0.83983,299.82,298.15,67.985,97.3200889807389
3.8004,0.91416,0.83918,299.83,298.15,67.985,97.2489336545333
3.7996,0.9136,0.83853,299.83,298.15,67.985,97.1777858821722
3.7987,0.91305,0.83787,299.83,298.15,67.985,97.1066456636556
3.7979,0.91249,0.83722,299.83,298.15,67.985,97.0355129989833
3.797,0.91194,0.83657,299.84,298.15,67.985,96.9643878881556
3.7961,0.91138,0.83592,299.84,298.15,67.985,96.8932703311722
3.7952,0.91083,0.83527,299.84,298.15,67.985,96.8221584395722
3.7942,0.91027,0.83462,299.85,298.15,67.985,96.7510541018166
3.7933,0.90972,0.83398,299.85,298.15,67.985,96.6799573179055
3.7923,0.90916,0.83333,299.85,298.15,67.985,96.6088680878389
3.7914,0.9086,0.83268,299.85,298.15,67.985,96.5377845231555
3.7904,0.90805,0.83204,299.86,298.15,67.985,96.4667085123167
3.7894,0.90749,0.8314,299.86,298.15,67.985,96.3956400553222
3.7884,0.90694,0.83075,299.86,298.15,67.985,96.3245772637111
3.7873,0.90638,0.83011,299.86,298.15,67.985,96.2535220259444
3.7863,0.90583,0.82947,299.86,298.15,67.985,96.1824724535611
3.7853,0.90527,0.82883,299.87,298.15,67.985,96.1114304350222
3.7842,0.90472,0.82819,299.87,298.15,67.985,96.0403959703278
3.7832,0.90416,0.82755,299.87,298.15,67.985,95.9693671710167
3.7821,0.9036,0.82691,299.87,298.15,67.985,95.89834592555
3.781,0.90305,0.82627,299.87,298.15,67.985,95.8273303454667
3.78,0.90249,0.82564,299.87,298.15,67.985,95.7563223192278
3.7789,0.90194,0.825,299.88,298.15,67.985,95.6853199583722
3.7778,0.90138,0.82437,299.88,298.15,67.985,95.6143251513611
3.7767,0.90083,0.82373,299.88,298.15,67.985,95.5433378981945
3.7756,0.90027,0.8231,299.88,298.15,67.985,95.4723563104111
3.7745,0.89972,0.82247,299.88,298.15,67.985,95.4013822764722
3.7734,0.89916,0.82184,299.88,298.15,67.985,95.3304139079167
3.7723,0.8986,0.82121,299.88,298.15,67.985,95.2594530932056
3.7712,0.89805,0.82058,299.88,298.15,67.985,95.1884998323389
3.7701,0.89749,0.81995,299.89,298.15,67.985,95.1175522368556
3.769,0.89694,0.81932,299.89,298.15,67.985,95.0466121952167
3.7679,0.89638,0.81869,299.89,298.15,67.985,94.9756797074222
3.7668,0.89583,0.81807,299.89,298.15,67.985,94.9047547734722
3.7657,0.89527,0.81744,299.89,298.15,67.985,94.8338373933667
3.7646,0.89471,0.81681,299.89,298.15,67.985,94.7629275671055
3.7635,0.89416,0.81618,299.88,298.15,67.985,94.6920252946889
3.7624,0.8936,0.81555,299.88,298.15,67.985,94.6211286876556
3.7613,0.89305,0.81492,299.88,298.15,67.985,94.5502396344667
3.7602,0.89249,0.81429,299.87,298.15,67.985,94.4793600235833
3.7591,0.89193,0.81366,299.87,298.15,67.985,94.4084879665444
3.758,0.89138,0.81304,299.87,298.15,67.985,94.33762346335
3.757,0.89082,0.81241,299.86,298.15,67.985,94.266766514
3.7559,0.89026,0.81179,299.86,298.15,67.985,94.1959171184944
3.7548,0.88971,0.81116,299.86,298.15,67.985,94.1250771652944
3.7538,0.88915,0.81054,299.86,298.15,67.985,94.0542447659389
3.7528,0.8886,0.80992,299.85,298.15,67.985,93.9834199204278
3.7518,0.88804,0.80929,299.85,298.15,67.985,93.9126045172222
3.7508,0.88748,0.80867,299.85,298.15,67.985,93.8417966678611
3.7498,0.88693,0.80805,299.85,298.15,67.985,93.7709982608055
3.7488,0.88637,0.80743,299.85,298.15,67.985,93.7002092960556
3.7478,0.88582,0.80681,299.85,298.15,67.985,93.62942788515
3.7469,0.88526,0.80619,299.85,298.15,67.985,93.55865591655
3.7459,0.8847,0.80558,299.85,298.15,67.985,93.4878933902556
3.745,0.88415,0.80496,299.85,298.15,67.985,93.4171403062667
3.7441,0.88359,0.80435,299.85,298.15,67.985,93.3463966645833
3.7432,0.88304,0.80373,299.85,298.15,67.985,93.2756624652056
3.7423,0.88248,0.80312,299.85,298.15,67.985,93.2049377081333
3.7414,0.88193,0.8025,299.85,298.15,67.985,93.1342223933667
3.7406,0.88137,0.80189,299.85,298.15,67.985,93.0635184093667
3.7397,0.88081,0.80128,299.85,298.15,67.985,92.9928238676722
3.7389,0.88026,0.80067,299.85,298.15,67.985,92.9221387682833
3.7381,0.8797,0.80006,299.85,298.15,67.985,92.8514649996611
3.7373,0.87915,0.79945,299.85,298.15,67.985,92.7808006733444
3.7365,0.87859,0.79884,299.85,298.15,67.985,92.7101476777944
3.7358,0.87803,0.79823,299.86,298.15,67.985,92.6395060130111
3.735,0.87748,0.79763,299.86,298.15,67.985,92.5688737905333
3.7343,0.87692,0.79702,299.86,298.15,67.985,92.4982528988222
3.7335,0.87637,0.79642,299.86,298.15,67.985,92.4276433378778
3.7328,0.87581,0.79581,299.87,298.15,67.985,92.3570451077
3.7321,0.87526,0.79521,299.87,298.15,67.985,92.2864582082889
3.7315,0.8747,0.79461,299.87,298.15,67.985,92.2158845281056
3.7308,0.87415,0.794,299.87,298.15,67.985,92.1453221786889
3.7301,0.87359,0.7934,299.88,298.15,67.985,92.0747711600389
3.7295,0.87303,0.7928,299.88,298.15,67.985,92.0042333606167
3.7289,0.87248,0.7922,299.89,298.15,67.985,91.9337068919611
3.7283,0.87192,0.7916,299.89,298.15,67.985,91.8631936425333
3.7277,0.87137,0.79101,299.89,298.15,67.985,91.7926936123334
3.7271,0.87081,0.79041,299.9,298.15,67.985,91.7222049129
3.7265,0.87026,0.78981,299.9,298.15,67.985,91.6517294326945
3.726,0.8697,0.78922,299.91,298.15,67.985,91.5812671717167
3.7254,0.86915,0.78862,299.91,298.15,67.985,91.5108181299667
3.7249,0.86859,0.78803,299.92,298.15,67.985,91.4403823074445
3.7244,0.86803,0.78744,299.92,298.15,67.985,91.3699615926111
3.7239,0.86748,0.78684,299.93,298.15,67.985,91.2995540970056
3.7234,0.86692,0.78625,299.94,298.15,67.985,91.2291598206278
3.7229,0.86637,0.78566,299.94,298.15,67.985,91.1587806519389
3.7224,0.86581,0.78507,299.95,298.15,67.985,91.0884147024778
3.722,0.86526,0.78448,299.95,298.15,67.985,91.0180638607056
3.7215,0.8647,0.78389,299.96,298.15,67.985,90.9477281266222
3.7211,0.86415,0.78331,299.97,298.15,67.985,90.8774075002278
3.7207,0.86359,0.78272,299.97,298.15,67.985,90.8071019815222
3.7202,0.86304,0.78213,299.98,298.15,67.985,90.7368115705056
3.7198,0.86248,0.78155,299.99,298.15,67.985,90.6665362671778
3.7194,0.86193,0.78097,300,298.15,67.985,90.5962760715389
3.719,0.86137,0.78038,300,298.15,67.985,90.5260309835889
3.7187,0.86082,0.7798,300.01,298.15,67.985,90.4558010033278
3.7183,0.86026,0.77922,300.02,298.15,67.985,90.3855880192167
3.7179,0.85971,0.77864,300.03,298.15,67.985,90.3153901427944
3.7176,0.85915,0.77806,300.04,298.15,67.985,90.2452092625222
3.7172,0.8586,0.77748,300.05,298.15,67.985,90.1750434899389
3.7169,0.85804,0.7769,300.06,298.15,67.985,90.1048947135056
3.7166,0.85749,0.77632,300.07,298.15,67.985,90.0347610447611
3.7163,0.85693,0.77574,300.07,298.15,67.985,89.9646443721667
3.7159,0.85638,0.77517,300.08,298.15,67.985,89.8945446957222
3.7156,0.85582,0.77459,300.09,298.15,67.985,89.8244620154278
3.7153,0.85527,0.77402,300.1,298.15,67.985,89.7543944428222
3.715,0.85471,0.77344,300.11,298.15,67.985,89.6843438663667
3.7148,0.85416,0.77287,300.13,298.15,67.985,89.6143102860611
3.7145,0.8536,0.7723,300.14,298.15,67.985,89.5442937019056
3.7142,0.85305,0.77173,300.15,298.15,67.985,89.4742941139
3.7139,0.85249,0.77114,300.14,298.15,67.985,89.4043115220445
3.7136,0.85193,0.77056,300.14,298.15,67.985,89.3343459263389
3.7133,0.85138,0.76997,300.13,298.15,67.985,89.2643973267834
3.7129,0.85082,0.76939,300.13,298.15,67.985,89.1944657233778
3.7126,0.85026,0.7688,300.12,298.15,67.985,89.1245511161222
3.7123,0.84971,0.76822,300.12,298.15,67.985,89.0546535050167
3.7121,0.84915,0.76763,300.11,298.15,67.985,88.9847728900611
3.7118,0.84859,0.76705,300.11,298.15,67.985,88.9149092712556
3.7115,0.84804,0.76646,300.1,298.15,67.985,88.8450626486
3.7112,0.84748,0.76588,300.1,298.15,67.985,88.7752330220945
3.7109,0.84693,0.76529,300.09,298.15,67.985,88.7054203917389
3.7106,0.84637,0.76471,300.09,298.15,67.985,88.6356247575333
3.7104,0.84581,0.76412,300.08,298.15,67.985,88.5658461194778
3.7101,0.84526,0.76353,300.08,298.15,67.985,88.4960844775722
3.7098,0.8447,0.76295,300.07,298.15,67.985,88.4263398318167
3.7096,0.84415,0.76236,300.07,298.15,67.985,88.3566121822111
3.7093,0.84359,0.76178,300.06,298.15,67.985,88.2869015287556
3.709,0.84303,0.76119,300.06,298.15,67.985,88.2172059829889
3.7088,0.84248,0.76061,300.05,298.15,67.985,88.1475274333722
3.7085,0.84192,0.76002,300.05,298.15,67.985,88.0778658799056
3.7083,0.84137,0.75943,300.05,298.15,67.985,88.0082194341278
3.708,0.84081,0.75885,300.04,298.15,67.985,87.9385899845
3.7078,0.84025,0.75826,300.04,298.15,67.985,87.8689756425611
3.7075,0.8397,0.75768,300.03,298.15,67.985,87.7993782967722
3.7073,0.83914,0.75709,300.03,298.15,67.985,87.7297960586722
3.707,0.83859,0.7565,300.03,298.15,67.985,87.6602308167223
3.7068,0.83803,0.75592,300.02,298.15,67.985,87.5906806824611
3.7065,0.83748,0.75533,300.02,298.15,67.985,87.5211456558889
3.7063,0.83692,0.75475,300.01,298.15,67.985,87.4516257370056
3.7061,0.83636,0.75416,300.01,298.15,67.985,87.3821209258111
3.7058,0.83581,0.75357,300.01,298.15,67.985,87.3126312223056
3.7056,0.83525,0.75299,300,298.15,67.985,87.2431566264889
3.7053,0.8347,0.7524,300,298.15,67.985,87.1736952499
3.7051,0.83414,0.75181,300,298.15,67.985,87.104248981
3.7049,0.83359,0.75123,299.99,298.15,67.985,87.0348178197889
3.7046,0.83303,0.75064,299.99,298.15,67.985,86.9653998778056
3.7044,0.83248,0.75006,299.99,298.15,67.985,86.8959970435111
3.7042,0.83192,0.74947,299.98,298.15,67.985,86.8266074284444
3.7039,0.83137,0.74888,299.98,298.15,67.985,86.7572310326056
3.7037,0.83081,0.7483,299.98,298.15,67.985,86.6878697444556
3.7035,0.83026,0.74771,299.97,298.15,67.985,86.6185216755333
3.7032,0.8297,0.74712,299.97,298.15,67.985,86.5491868258389
3.703,0.82915,0.74654,299.97,298.15,67.985,86.4798651953722
3.7028,0.82859,0.74595,299.96,298.15,67.985,86.4105567841333
3.7025,0.82804,0.74536,299.96,298.15,67.985,86.3412597036611
3.7023,0.82748,0.74478,299.96,298.15,67.985,86.2719758424167
3.7021,0.82693,0.74419,299.96,298.15,67.985,86.2027052004
3.7018,0.82637,0.7436,299.95,298.15,67.985,86.13344588915
3.7016,0.82582,0.74302,299.95,298.15,67.985,86.0641997971278
3.7014,0.82526,0.74243,299.95,298.15,67.985,85.9949650358722
3.7011,0.82471,0.74184,299.95,298.15,67.985,85.9257416053833
3.7009,0.82415,0.74126,299.94,298.15,67.985,85.8565295056611
3.7006,0.8236,0.74067,299.94,298.15,67.985,85.7873306251666
3.7004,0.82305,0.74008,299.94,298.15,67.985,85.7181430754389
3.7002,0.82249,0.73949,299.93,298.15,67.985,85.6489668564778
3.6999,0.82194,0.73891,299.93,298.15,67.985,85.5798000798222
3.6997,0.82138,0.73832,299.93,298.15,67.985,85.5106446339333
3.6994,0.82083,0.73773,299.92,298.15,67.985,85.4415005188111
3.6992,0.82027,0.73715,299.92,298.15,67.985,85.3723677344556
3.6989,0.81972,0.73656,299.91,298.15,67.985,85.3032443924055
3.6987,0.81916,0.73597,299.91,298.15,67.985,85.2341323811222
3.6984,0.8186,0.73539,299.9,298.15,67.985,85.1650298121444
3.6982,0.81805,0.7348,299.9,298.15,67.985,85.0959385739333
3.6979,0.81749,0.73421,299.9,298.15,67.985,85.0268567780278
3.6977,0.81694,0.73363,299.89,298.15,67.985,84.9577844244278
3.6974,0.81638,0.73304,299.89,298.15,67.985,84.8887234015944
3.6972,0.81583,0.73245,299.88,298.15,67.985,84.8196718210667
3.6969,0.81527,0.73187,299.88,298.15,67.985,84.7506296828444
3.6967,0.81472,0.73128,299.87,298.15,67.985,84.6815969869278
3.6964,0.81416,0.73069,299.87,298.15,67.985,84.6125737333167
3.6962,0.81361,0.73011,299.86,298.15,67.985,84.5435599220111
3.6959,0.81305,0.72952,299.86,298.15,67.985,84.4745555530111
3.6956,0.8125,0.72893,299.85,298.15,67.985,84.4055587378556
3.6954,0.81194,0.72835,299.85,298.15,67.985,84.3365713650055
3.6951,0.81139,0.72776,299.84,298.15,67.985,84.2675934344611
3.6949,0.81083,0.72717,299.84,298.15,67.985,84.1986249462222
3.6946,0.81028,0.72659,299.83,298.15,67.985,84.1296640118278
3.6943,0.80972,0.726,299.83,298.15,67.985,84.0607125197389
3.6941,0.80916,0.72541,299.83,298.15,67.985,83.9917685814944
3.6938,0.80861,0.72483,299.82,298.15,67.985,83.9228340855556
3.6935,0.80805,0.72424,299.82,298.15,67.985,83.8539071434611
3.6933,0.8075,0.72365,299.81,298.15,67.985,83.7849896436722
3.693,0.80694,0.72307,299.81,298.15,67.985,83.7160796977278
3.6927,0.80639,0.72248,299.8,298.15,67.985,83.6471773056278
3.6924,0.80583,0.72189,299.8,298.15,67.985,83.5782843558333
3.6922,0.80527,0.72131,299.79,298.15,67.985,83.5093989598833
3.6919,0.80472,0.72072,299.79,298.15,67.985,83.4405211177778
3.6916,0.80416,0.72013,299.78,298.15,67.985,83.3716508295167
3.6913,0.80361,0.71955,299.78,298.15,67.985,83.3027880951
3.691,0.80305,0.71896,299.77,298.15,67.985,83.2339329145278
3.6908,0.8025,0.71837,299.77,298.15,67.985,83.1650852878
3.6905,0.80194,0.71779,299.76,298.15,67.985,83.0962452149166
3.6902,0.80138,0.7172,299.75,298.15,67.985,83.0274126958778
3.6899,0.80083,0.71661,299.75,298.15,67.985,82.9585877306833
3.6896,0.80027,0.71603,299.74,298.15,67.985,82.8897703193333
3.6893,0.79972,0.71544,299.74,298.15,67.985,82.8209604618278
3.6891,0.79916,0.71485,299.73,298.15,67.985,82.7521581581667
3.6888,0.7986,0.71427,299.73,298.15,67.985,82.68336340835
3.6885,0.79805,0.71368,299.72,298.15,67.985,82.6145762123778
3.6882,0.79749,0.71309,299.72,298.15,67.985,82.5457946817889
3.6879,0.79694,0.71251,299.71,298.15,67.985,82.4770207050444
3.6876,0.79638,0.71192,299.71,298.15,67.985,82.4082542821444
3.6873,0.79582,0.71133,299.7,298.15,67.985,82.3394954130889
3.687,0.79527,0.71075,299.7,298.15,67.985,82.2707422094167
3.6867,0.79471,0.71016,299.69,298.15,67.985,82.2019965595889
3.6864,0.79416,0.70957,299.68,298.15,67.985,82.1332584636055
3.6861,0.7936,0.70899,299.68,298.15,67.985,82.0645260330055
3.6858,0.79304,0.7084,299.67,298.15,67.985,81.99580115625
3.6855,0.79249,0.70782,299.67,298.15,67.985,81.9270838333389
3.6852,0.79193,0.70723,299.67,298.15,67.985,81.8583721758111
3.6849,0.79138,0.70665,299.66,298.15,67.985,81.7896680721278
3.6846,0.79082,0.70606,299.66,298.15,67.985,81.7209696338277
3.6843,0.79027,0.70548,299.66,298.15,67.985,81.6522787493722
3.684,0.78971,0.70489,299.65,298.15,67.985,81.5835935303
3.6837,0.78916,0.70431,299.65,298.15,67.985,81.5149158650722
3.6834,0.7886,0.70373,299.65,298.15,67.985,81.4462438652278
3.6832,0.78805,0.70314,299.65,298.15,67.985,81.3775794192278
3.6829,0.78749,0.70256,299.64,298.15,67.985,81.3089206386111
3.6826,0.78694,0.70198,299.64,298.15,67.985,81.2402694118389
3.6822,0.78638,0.7014,299.64,298.15,67.985,81.17162385045
3.6819,0.78583,0.70082,299.64,298.15,67.985,81.1029839544445
3.6816,0.78527,0.70024,299.63,298.15,67.985,81.0343516122833
3.6813,0.78472,0.69966,299.63,298.15,67.985,80.9657249355055
3.681,0.78416,0.69907,299.63,298.15,67.985,80.8971058125722
3.6807,0.78361,0.69849,299.63,298.15,67.985,80.8284923550222
3.6804,0.78305,0.69791,299.63,298.15,67.985,80.7598845628555
3.6801,0.7825,0.69733,299.62,298.15,67.985,80.6912843245333
3.6798,0.78194,0.69676,299.62,298.15,67.985,80.6226897515944
3.6795,0.78139,0.69618,299.62,298.15,67.985,80.5541008440389
3.6792,0.78083,0.6956,299.62,298.15,67.985,80.4855194903277
3.6789,0.78028,0.69502,299.62,298.15,67.985,80.416943802
3.6786,0.77972,0.69444,299.62,298.15,67.985,80.3483737790555
3.6783,0.77916,0.69386,299.61,298.15,67.985,80.2798113099555
3.678,0.77861,0.69329,299.61,298.15,67.985,80.2112545062389
3.6777,0.77805,0.69271,299.61,298.15,67.985,80.1427033679055
3.6774,0.7775,0.69213,299.61,298.15,67.985,80.0741597834167
3.6771,0.77694,0.69156,299.61,298.15,67.985,80.0056218643111
3.6768,0.77639,0.69098,299.61,298.15,67.985,79.9370896105889
3.6764,0.77583,0.69041,299.61,298.15,67.985,79.86856302225
3.6761,0.77528,0.68983,299.61,298.15,67.985,79.8000439877555
3.6758,0.77472,0.68926,299.61,298.15,67.985,79.7315306186444
3.6755,0.77416,0.68868,299.61,298.15,67.985,79.6630229149166
3.6752,0.77361,0.68811,299.61,298.15,67.985,79.5945208765722
3.6749,0.77305,0.68753,299.61,298.15,67.985,79.5260263920722
3.6746,0.7725,0.68696,299.61,298.15,67.985,79.4575375729555
3.6743,0.77194,0.68638,299.61,298.15,67.985,79.3890544192222
3.674,0.77139,0.68581,299.61,298.15,67.985,79.3205769308722
3.6736,0.77083,0.68524,299.61,298.15,67.985,79.2521069963666
3.6733,0.77027,0.68467,299.61,298.15,67.985,79.1836427272444
3.673,0.76972,0.68409,299.61,298.15,67.985,79.1151841235056
3.6727,0.76916,0.68352,299.61,298.15,67.985,79.04673118515
3.6724,0.76861,0.68295,299.61,298.15,67.985,78.9782839121778
3.6721,0.76805,0.68238,299.61,298.15,67.985,78.90984419305
3.6718,0.7675,0.68181,299.61,298.15,67.985,78.8414101393056
3.6715,0.76694,0.68124,299.61,298.15,67.985,78.7729817509444
3.6711,0.76638,0.68067,299.61,298.15,67.985,78.7045590279667
3.6708,0.76583,0.6801,299.61,298.15,67.985,78.6361438588333
3.6705,0.76527,0.67953,299.61,298.15,67.985,78.5677343550833
3.6702,0.76472,0.67896,299.61,298.15,67.985,78.4993305167166
3.6699,0.76416,0.67839,299.61,298.15,67.985,78.4309323437333
3.6696,0.7636,0.67782,299.61,298.15,67.985,78.3625398361333
3.6693,0.76305,0.67725,299.61,298.15,67.985,78.2941548823778
3.6689,0.76249,0.67669,299.62,298.15,67.985,78.2257755940055
3.6686,0.76194,0.67612,299.62,298.15,67.985,78.1574019710166
3.6683,0.76138,0.67555,299.62,298.15,67.985,78.0890340134111
3.668,0.76082,0.67498,299.62,298.15,67.985,78.02067360965
3.6677,0.76027,0.67442,299.62,298.15,67.985,77.9523188712722
3.6674,0.75971,0.67385,299.62,298.15,67.985,77.8839697982778
3.6671,0.75916,0.67328,299.63,298.15,67.985,77.8156263906667
3.6667,0.7586,0.67272,299.63,298.15,67.985,77.7472886484389
3.6664,0.75804,0.67215,299.63,298.15,67.985,77.6789584600556
3.6661,0.75749,0.67159,299.63,298.15,67.985,77.6106339370556
3.6658,0.75693,0.67102,299.63,298.15,67.985,77.5423150794389
3.6655,0.75637,0.67046,299.64,298.15,67.985,77.4740018872055
3.6652,0.75582,0.66989,299.64,298.15,67.985,77.4056962488167
3.6648,0.75527,0.66933,299.64,298.15,67.985,77.3373962758111
3.6645,0.75472,0.66876,299.64,298.15,67.985,77.2691019681889
3.6642,0.75417,0.6682,299.64,298.15,67.985,77.20081332595
3.6639,0.75361,0.66763,299.64,298.15,67.985,77.1325322375555
3.6635,0.75306,0.66707,299.64,298.15,67.985,77.0642568145444
3.6632,0.75251,0.6665,299.64,298.15,67.985,76.9959870569166
3.6629,0.75196,0.66594,299.64,298.15,67.985,76.9277229646722
3.6626,0.7514,0.66537,299.64,298.15,67.985,76.8594664262722
3.6622,0.75085,0.66481,299.64,298.15,67.985,76.7912155532555
3.6619,0.7503,0.66424,299.64,298.15,67.985,76.7229703456222
3.6616,0.74975,0.66368,299.64,298.15,67.985,76.6547308033722
3.6612,0.74919,0.66311,299.64,298.15,67.985,76.5864988149667
3.6609,0.74864,0.66255,299.64,298.15,67.985,76.5182724919444
3.6606,0.74809,0.66199,299.64,298.15,67.985,76.4500518343056
3.6603,0.74753,0.66142,299.64,298.15,67.985,76.3818387305111
3.6599,0.74698,0.66086,299.64,298.15,67.985,76.3136312921
3.6596,0.74643,0.66029,299.64,298.15,67.985,76.2454295190722
3.6593,0.74587,0.65973,299.64,298.15,67.985,76.1772352998889
3.6589,0.74532,0.65917,299.64,298.15,67.985,76.1090467460889
3.6586,0.74477,0.6586,299.64,298.15,67.985,76.0408638576722
3.6583,0.74421,0.65804,299.65,298.15,67.985,75.9726866346389
3.658,0.74366,0.65748,299.65,298.15,67.985,75.90451696545
3.6576,0.7431,0.65691,299.65,298.15,67.985,75.8363529616444
3.6573,0.74255,0.65635,299.65,298.15,67.985,75.7681946232222
3.657,0.74199,0.65579,299.65,298.15,67.985,75.7000438386444
3.6566,0.74144,0.65523,299.65,298.15,67.985,75.63189871945
3.6563,0.74088,0.65466,299.65,298.15,67.985,75.5637592656389
3.656,0.74033,0.6541,299.65,298.15,67.985,75.4956273656722
3.6556,0.73977,0.65354,299.65,298.15,67.985,75.4275011310889
3.6553,0.73922,0.65298,299.65,298.15,67.985,75.3593805618889
3.655,0.73866,0.65242,299.65,298.15,67.985,75.2912675465333
3.6546,0.73811,0.65185,299.65,298.15,67.985,75.2231601965611
3.6543,0.73755,0.65129,299.65,298.15,67.985,75.1550604004333
3.6539,0.737,0.65073,299.66,298.15,67.985,75.0869662696889
3.6536,0.73644,0.65017,299.66,298.15,67.985,75.0188778043278
3.6533,0.73589,0.64961,299.66,298.15,67.985,74.9507968928111
3.6529,0.73533,0.64905,299.66,298.15,67.985,74.8827216466778
3.6526,0.73477,0.64848,299.66,298.15,67.985,74.8146520659278
3.6523,0.73422,0.64792,299.66,298.15,67.985,74.7465900390222
3.6519,0.73366,0.64736,299.66,298.15,67.985,74.6785336775
3.6516,0.7331,0.6468,299.66,298.15,67.985,74.6104848698222
3.6512,0.73255,0.64624,299.66,298.15,67.985,74.5424417275278
3.6509,0.73199,0.64568,299.66,298.15,67.985,74.4744042506167
3.6506,0.73143,0.64512,299.67,298.15,67.985,74.40637432755
3.6502,0.73088,0.64456,299.67,298.15,67.985,74.3383500698666
3.6499,0.73032,0.644,299.67,298.15,67.985,74.2703333660278
3.6495,0.72976,0.64344,299.67,298.15,67.985,74.2023223275722
3.6492,0.72921,0.64288,299.67,298.15,67.985,74.1343169545
3.6489,0.72865,0.64232,299.67,298.15,67.985,74.0663191352722
3.6485,0.72809,0.64176,299.67,298.15,67.985,73.9983269814278
3.6482,0.72753,0.6412,299.67,298.15,67.985,73.9303423814278
3.6478,0.72698,0.64064,299.68,298.15,67.985,73.8623634468111
3.6475,0.72642,0.64008,299.68,298.15,67.985,73.7943920660389
3.6471,0.72586,0.63952,299.68,298.15,67.985,73.72642635065
3.6468,0.7253,0.63896,299.68,298.15,67.985,73.6584681891055
3.6464,0.72474,0.6384,299.68,298.15,67.985,73.5905156929444
3.6461,0.72418,0.63785,299.68,298.15,67.985,73.5225688621667
3.6458,0.72363,0.63729,299.68,298.15,67.985,73.4546295852333
3.6454,0.72307,0.63673,299.69,298.15,67.985,73.3866959736833
3.6451,0.72251,0.63617,299.69,298.15,67.985,73.3187699159778
3.6447,0.72195,0.63561,299.69,298.15,67.985,73.2508495236555
3.6444,0.72139,0.63505,299.69,298.15,67.985,73.1829366851778
3.644,0.72083,0.6345,299.69,298.15,67.985,73.1150295120833
3.6436,0.72027,0.63394,299.69,298.15,67.985,73.0471298928333
3.6433,0.71971,0.63338,299.7,298.15,67.985,72.9792359389667
3.6429,0.71915,0.63282,299.7,298.15,67.985,72.9113495389444
3.6426,0.7186,0.63226,299.7,298.15,67.985,72.8434688043055
3.6422,0.71804,0.6317,299.7,298.15,67.985,72.7755956235111
3.6418,0.71749,0.63114,299.7,298.15,67.985,72.7077281081
3.6415,0.71693,0.63058,299.7,298.15,67.985,72.6398681465333
3.6411,0.71638,0.63002,299.69,298.15,67.985,72.57201385035
3.6407,0.71582,0.62945,299.69,298.15,67.985,72.5041671080111
3.6404,0.71527,0.62889,299.69,298.15,67.985,72.4363260310555
3.64,0.71471,0.62833,299.69,298.15,67.985,72.3684925079444
3.6396,0.71416,0.62777,299.69,298.15,67.985,72.3006646502167
3.6393,0.7136,0.62721,299.69,298.15,67.985,72.2328443463333
3.6389,0.71305,0.62665,299.69,298.15,67.985,72.1650297078333
3.6385,0.71249,0.62609,299.69,298.15,67.985,72.0972226231778
3.6381,0.71194,0.62553,299.69,298.15,67.985,72.0294212039055
3.6377,0.71138,0.62497,299.69,298.15,67.985,71.9616273384778
3.6374,0.71082,0.62441,299.69,298.15,67.985,71.8938391384333
3.637,0.71027,0.62385,299.69,298.15,67.985,71.8260584922333
3.6366,0.70971,0.62329,299.69,298.15,67.985,71.7582835114166
3.6362,0.70916,0.62273,299.69,298.15,67.985,71.6905160844444
3.6358,0.7086,0.62217,299.69,298.15,67.985,71.6227543228555
3.6355,0.70805,0.62161,299.69,298.15,67.985,71.5550001151111
3.6351,0.70749,0.62105,299.69,298.15,67.985,71.48725157275
3.6347,0.70694,0.62049,299.69,298.15,67.985,71.4195105842333
3.6343,0.70638,0.61993,299.69,298.15,67.985,71.3517771495611
3.6339,0.70583,0.61937,299.69,298.15,67.985,71.2840493802722
3.6335,0.70527,0.61881,299.69,298.15,67.985,71.2163291648278
3.6331,0.70472,0.61825,299.69,298.15,67.985,71.1486146147667
3.6327,0.70416,0.61769,299.69,298.15,67.985,71.08090761855
3.6323,0.70361,0.61713,299.69,298.15,67.985,71.0132062877167
3.6319,0.70305,0.61657,299.69,298.15,67.985,70.9455125107278
3.6315,0.7025,0.61601,299.69,298.15,67.985,70.8778243991222
3.6311,0.70194,0.61545,299.69,298.15,67.985,70.8101438413611
3.6307,0.70139,0.6149,299.69,298.15,67.985,70.7424689489833
3.6303,0.70083,0.61434,299.69,298.15,67.985,70.67480161045
3.6299,0.70027,0.61378,299.69,298.15,67.985,70.6071418257611
3.6295,0.69972,0.61322,299.69,298.15,67.985,70.5394877064555
3.6291,0.69916,0.61266,299.69,298.15,67.985,70.4718411409944
3.6287,0.69861,0.6121,299.69,298.15,67.985,70.4042002409167
3.6283,0.69805,0.61155,299.69,298.15,67.985,70.3365668946833
3.6279,0.6975,0.61099,299.69,298.15,67.985,70.2689392138333
3.6275,0.69694,0.61043,299.69,298.15,67.985,70.2013190868278
3.6271,0.69639,0.60987,299.69,298.15,67.985,70.1337046252056
3.6267,0.69583,0.60932,299.69,298.15,67.985,70.0660977174278
3.6262,0.69528,0.60876,299.69,298.15,67.985,69.9984983634944
3.6258,0.69472,0.6082,299.69,298.15,67.985,69.9309046749444
3.6254,0.69416,0.60764,299.69,298.15,67.985,69.8633185402389
3.625,0.69361,0.60709,299.69,298.15,67.985,69.7957380709166
3.6245,0.69305,0.60653,299.69,298.15,67.985,69.7281651554389
3.6241,0.6925,0.60597,299.69,298.15,67.985,69.6605979053444
3.6237,0.69194,0.60542,299.69,298.15,67.985,69.5930382090944
3.6233,0.69139,0.60486,299.7,298.15,67.985,69.5254841782278
3.6228,0.69083,0.6043,299.7,298.15,67.985,69.4579377012055
3.6224,0.69028,0.60375,299.7,298.15,67.985,69.3903968895666
3.622,0.68972,0.60319,299.7,298.15,67.985,69.3228636317722
3.6215,0.68917,0.60264,299.7,298.15,67.985,69.2553379278222
3.6211,0.68861,0.60208,299.7,298.15,67.985,69.1878178892555
3.6207,0.68805,0.60152,299.7,298.15,67.985,69.1203054045333
3.6202,0.6875,0.60097,299.7,298.15,67.985,69.0527985851944
3.6198,0.68694,0.60041,299.7,298.15,67.985,68.9852993197
3.6193,0.68639,0.59986,299.71,298.15,67.985,68.9178057195889
3.6189,0.68583,0.5993,299.71,298.15,67.985,68.8503196733222
3.6185,0.68528,0.59875,299.71,298.15,67.985,68.7828392924389
3.618,0.68472,0.59819,299.71,298.15,67.985,68.7153664654
3.6176,0.68416,0.59763,299.71,298.15,67.985,68.6478993037444
3.6171,0.68361,0.59708,299.71,298.15,67.985,68.5804396959333
3.6167,0.68305,0.59652,299.71,298.15,67.985,68.5129857535055
3.6162,0.6825,0.59597,299.72,298.15,67.985,68.4455393649222
3.6158,0.68194,0.59541,299.72,298.15,67.985,68.3781005301833
3.6153,0.68139,0.59486,299.72,298.15,67.985,68.3106673608278
3.6148,0.68083,0.59431,299.72,298.15,67.985,68.2432417453167
3.6144,0.68027,0.59375,299.72,298.15,67.985,68.1758217951889
3.6139,0.67972,0.5932,299.72,298.15,67.985,68.1084093989056
3.6135,0.67916,0.59264,299.72,298.15,67.985,68.0410026680055
3.613,0.67861,0.59209,299.73,298.15,67.985,67.97360349095
3.6126,0.67805,0.59153,299.73,298.15,67.985,67.9062099792778
3.6121,0.6775,0.59098,299.73,298.15,67.985,67.83882402145
3.6116,0.67694,0.59043,299.73,298.15,67.985,67.7714437290055
3.6112,0.67638,0.58987,299.73,298.15,67.985,67.7040709904055
3.6107,0.67583,0.58932,299.74,298.15,67.985,67.6367039171889
3.6103,0.67527,0.58877,299.74,298.15,67.985,67.5693443978166
3.6098,0.67472,0.58821,299.74,298.15,67.985,67.5019905438278
3.6093,0.67416,0.58766,299.74,298.15,67.985,67.4346442436833
3.6089,0.6736,0.58711,299.74,298.15,67.985,67.3673036089222
3.6084,0.67305,0.58655,299.75,298.15,67.985,67.2999705280055
3.6079,0.67249,0.586,299.75,298.15,67.985,67.2326431124722
3.6075,0.67194,0.58545,299.75,298.15,67.985,67.1653232507833
3.607,0.67138,0.5849,299.75,298.15,67.985,67.0980090544778
3.6065,0.67083,0.58434,299.76,298.15,67.985,67.0307024120167
3.6061,0.67027,0.58379,299.76,298.15,67.985,66.9634014349389
3.6056,0.66971,0.58324,299.76,298.15,67.985,66.8961080117055
3.6051,0.66916,0.58269,299.76,298.15,67.985,66.8288202538555
3.6047,0.6686,0.58213,299.77,298.15,67.985,66.76154004985
3.6042,0.66805,0.58158,299.77,298.15,67.985,66.6942655112278
3.6037,0.66749,0.58103,299.77,298.15,67.985,66.6269966379889
3.6033,0.66693,0.58048,299.77,298.15,67.985,66.5597353185944
3.6028,0.66638,0.57993,299.78,298.15,67.985,66.4924796645833
3.6024,0.66582,0.57938,299.78,298.15,67.985,66.4252315644167
3.6019,0.66527,0.57882,299.78,298.15,67.985,66.3579891296333
3.6014,0.66471,0.57827,299.78,298.15,67.985,66.2907542486944
3.601,0.66415,0.57772,299.79,298.15,67.985,66.2235250331389
3.6005,0.6636,0.57717,299.79,298.15,67.985,66.1563033714278
3.6001,0.66304,0.57662,299.79,298.15,67.985,66.0890873751
3.5996,0.66249,0.57607,299.8,298.15,67.985,66.0218770441555
3.5992,0.66193,0.57552,299.8,298.15,67.985,65.9546742670555
3.5987,0.66137,0.57497,299.8,298.15,67.985,65.8874771553389
3.5982,0.66082,0.57442,299.8,298.15,67.985,65.8202875974666
3.5978,0.66026,0.57387,299.81,298.15,67.985,65.7531037049778
3.5973,0.65971,0.57332,299.81,298.15,67.985,65.6859273663333
3.5969,0.65915,0.57276,299.81,298.15,67.985,65.6187566930722
3.5964,0.6586,0.57221,299.81,298.15,67.985,65.5515916851944
3.596,0.65804,0.57166,299.81,298.15,67.985,65.4844342311611
3.5955,0.65749,0.57111,299.81,298.15,67.985,65.4172824425111
3.5951,0.65693,0.57056,299.81,298.15,67.985,65.3501382077055
3.5946,0.65637,0.57,299.81,298.15,67.985,65.2829996382833
3.5942,0.65582,0.56945,299.82,298.15,67.985,65.2158667342444
3.5937,0.65526,0.5689,299.82,298.15,67.985,65.14874138405
3.5933,0.65471,0.56835,299.82,298.15,67.985,65.0816216992389
3.5929,0.65415,0.56779,299.82,298.15,67.985,65.0145095682722
3.5924,0.6536,0.56724,299.82,298.15,67.985,64.9474031026889
3.592,0.65304,0.56669,299.82,298.15,67.985,64.8803023024889
3.5915,0.65249,0.56614,299.82,298.15,67.985,64.8132090561333
3.5911,0.65193,0.56558,299.82,298.15,67.985,64.7461214751611
3.5907,0.65138,0.56503,299.82,298.15,67.985,64.6790395595722
3.5903,0.65082,0.56448,299.82,298.15,67.985,64.6119651978278
3.5898,0.65027,0.56393,299.82,298.15,67.985,64.5448965014667
3.5894,0.64971,0.56337,299.82,298.15,67.985,64.47783535895
3.589,0.64916,0.56282,299.82,298.15,67.985,64.4107798818167
3.5886,0.6486,0.56227,299.82,298.15,67.985,64.3437300700667
3.5881,0.64805,0.56171,299.82,298.15,67.985,64.2766878121611
3.5877,0.64749,0.56116,299.82,298.15,67.985,64.2096512196389
3.5873,0.64694,0.56061,299.82,298.15,67.985,64.1426202925
3.5869,0.64638,0.56006,299.82,298.15,67.985,64.0755969192056
3.5865,0.64583,0.5595,299.83,298.15,67.985,64.0085792112944
3.5861,0.64527,0.55895,299.83,298.15,67.985,63.9415671687667
3.5857,0.64472,0.5584,299.83,298.15,67.985,63.8745626800833
3.5853,0.64416,0.55784,299.83,298.15,67.985,63.8075638567833
3.5849,0.6436,0.55729,299.83,298.15,67.985,63.7405706988667
3.5845,0.64305,0.55674,299.83,298.15,67.985,63.6735850947944
3.5841,0.64249,0.55618,299.83,298.15,67.985,63.6066051561056
3.5837,0.64194,0.55563,299.83,298.15,67.985,63.5396308828
3.5833,0.64138,0.55508,299.83,298.15,67.985,63.4726641633389
3.5829,0.64083,0.55452,299.83,298.15,67.985,63.4057031092611
3.5825,0.64027,0.55397,299.83,298.15,67.985,63.3387477205667
3.5822,0.63972,0.55341,299.83,298.15,67.985,63.2717979972556
3.5818,0.63916,0.55286,299.83,298.15,67.985,63.2048558277889
3.5814,0.63861,0.55231,299.83,298.15,67.985,63.1379193237056
3.581,0.63805,0.55175,299.83,298.15,67.985,63.0709884850056
3.5807,0.6375,0.5512,299.83,298.15,67.985,63.00406520015
3.5803,0.63694,0.55065,299.83,298.15,67.985,62.9371475806778
3.5799,0.63638,0.55009,299.83,298.15,67.985,62.8702356265889
3.5796,0.63583,0.54954,299.83,298.15,67.985,62.8033293378833
3.5792,0.63527,0.54898,299.83,298.15,67.985,62.7364306030222
3.5789,0.63472,0.54843,299.83,298.15,67.985,62.6695375335444
3.5785,0.63416,0.54787,299.83,298.15,67.985,62.60265012945
3.5781,0.63361,0.54732,299.83,298.15,67.985,62.5357702792
3.5778,0.63305,0.54677,299.83,298.15,67.985,62.4688960943333
3.5774,0.63249,0.54621,299.83,298.15,67.985,62.40202757485
3.5771,0.63194,0.54566,299.83,298.15,67.985,62.33516472075
3.5768,0.63138,0.5451,299.83,298.15,67.985,62.2683094204944
3.5764,0.63083,0.54455,299.83,298.15,67.985,62.2014597856222
3.5761,0.63027,0.54399,299.83,298.15,67.985,62.1346158161333
3.5757,0.62972,0.54344,299.83,298.15,67.985,62.0677775120278
3.5754,0.62916,0.54289,299.83,298.15,67.985,62.0009467617667
3.5751,0.62861,0.54233,299.83,298.15,67.985,61.9341216768889
3.5748,0.62805,0.54178,299.83,298.15,67.985,61.8673022573944
3.5744,0.62749,0.54122,299.83,298.15,67.985,61.8004885032833
3.5741,0.62694,0.54067,299.83,298.15,67.985,61.7336823030167
3.5738,0.62638,0.54011,299.83,298.15,67.985,61.6668817681333
3.5735,0.62583,0.53956,299.83,298.15,67.985,61.6000868986334
3.5731,0.62527,0.539,299.83,298.15,67.985,61.5332976945167
3.5728,0.62471,0.53845,299.83,298.15,67.985,61.4665160442444
3.5725,0.62416,0.53789,299.83,298.15,67.985,61.3997400593556
3.5722,0.6236,0.53734,299.83,298.15,67.985,61.33296973985
3.5719,0.62305,0.53678,299.83,298.15,67.985,61.2662050857278
3.5716,0.62249,0.53623,299.83,298.15,67.985,61.19944798545
3.5713,0.62194,0.53567,299.83,298.15,67.985,61.1326965505556
3.571,0.62138,0.53512,299.83,298.15,67.985,61.0659507810444
3.5707,0.62082,0.53456,299.83,298.15,67.985,60.9992106769167
3.5704,0.62027,0.534,299.83,298.15,67.985,60.9324762381722
3.5701,0.61971,0.53345,299.83,298.15,67.985,60.8657493532722
3.5698,0.61916,0.53289,299.83,298.15,67.985,60.7990281337555
3.5695,0.6186,0.53234,299.83,298.15,67.985,60.7323125796222
3.5692,0.61804,0.53178,299.83,298.15,67.985,60.6656026908722
3.5689,0.61749,0.53123,299.83,298.15,67.985,60.5989003559667
3.5686,0.61693,0.53067,299.83,298.15,67.985,60.5322036864444
3.5684,0.61638,0.53012,299.83,298.15,67.985,60.4655126823056
3.5681,0.61582,0.52956,299.83,298.15,67.985,60.39882734355
3.5678,0.61526,0.529,299.83,298.15,67.985,60.3321476701778
3.5675,0.61471,0.52845,299.83,298.15,67.985,60.26547555065
3.5672,0.61415,0.52789,299.83,298.15,67.985,60.1988090965055
3.567,0.6136,0.52734,299.83,298.15,67.985,60.1321483077444
3.5667,0.61304,0.52678,299.83,298.15,67.985,60.0654931843667
3.5664,0.61248,0.52622,299.83,298.15,67.985,59.9988437263722
3.5661,0.61193,0.52567,299.83,298.15,67.985,59.9322018222222
3.5659,0.61137,0.52511,299.83,298.15,67.985,59.8655655834556
3.5656,0.61082,0.52456,299.83,298.15,67.985,59.7989350100722
3.5653,0.61026,0.524,299.82,298.15,67.985,59.7323101020722
3.5651,0.6097,0.52344,299.82,298.15,67.985,59.6656908594556
3.5648,0.60915,0.52289,299.82,298.15,67.985,59.5990791706833
3.5645,0.60859,0.52233,299.82,298.15,67.985,59.5324731472944
3.5643,0.60803,0.52177,299.82,298.15,67.985,59.4658727892889
3.564,0.60747,0.52122,299.82,298.15,67.985,59.3992780966667
3.5637,0.60692,0.52066,299.82,298.15,67.985,59.3326890694278
3.5635,0.60636,0.5201,299.82,298.15,67.985,59.2661075960333
3.5632,0.6058,0.51954,299.82,298.15,67.985,59.1995317880222
3.563,0.60524,0.51899,299.82,298.15,67.985,59.1329616453944
3.5627,0.60469,0.51843,299.82,298.15,67.985,59.06639716815
3.5625,0.60413,0.51787,299.81,298.15,67.985,58.9998383562889
3.5622,0.60357,0.51731,299.81,298.15,67.985,58.9332852098111
3.562,0.60301,0.51676,299.81,298.15,67.985,58.8667396171778
3.5617,0.60246,0.5162,299.81,298.15,67.985,58.8001996899278
3.5615,0.6019,0.51564,299.81,298.15,67.985,58.7336654280611
3.5612,0.60134,0.51508,299.81,298.15,67.985,58.6671368315778
3.561,0.60079,0.51453,299.81,298.15,67.985,58.6006139004778
3.5607,0.60023,0.51397,299.81,298.15,67.985,58.5340985232222
3.5605,0.59967,0.51341,299.81,298.15,67.985,58.46758881135
3.5602,0.59912,0.51285,299.8,298.15,67.985,58.4010847648611
3.56,0.59856,0.51229,299.8,298.15,67.985,58.3345863837555
3.5598,0.598,0.51174,299.8,298.15,67.985,58.2680936680333
3.5595,0.59744,0.51118,299.8,298.15,67.985,58.2016066176944
3.5593,0.59689,0.51062,299.8,298.15,67.985,58.1351271212
3.559,0.59633,0.51006,299.8,298.15,67.985,58.0686532900889
3.5588,0.59577,0.5095,299.8,298.15,67.985,58.0021851243611
3.5586,0.59522,0.50894,299.79,298.15,67.985,57.9357226240167
3.5583,0.59466,0.50838,299.79,298.15,67.985,57.8692657890555
3.5581,0.5941,0.50783,299.79,298.15,67.985,57.8028146194778
3.5579,0.59355,0.50727,299.79,298.15,67.985,57.7363710037444
3.5576,0.59299,0.50671,299.79,298.15,67.985,57.6699330533944
3.5574,0.59244,0.50615,299.79,298.15,67.985,57.6035007684278
3.5572,0.59188,0.50559,299.79,298.15,67.985,57.5370741488444
3.5569,0.59132,0.50503,299.78,298.15,67.985,57.4706531946444
3.5567,0.59077,0.50447,299.78,298.15,67.985,57.4042379058278
3.5565,0.59021,0.50391,299.78,298.15,67.985,57.3378282823944
3.5563,0.58965,0.50335,299.78,298.15,67.985,57.2714262128056
3.556,0.5891,0.50279,299.78,298.15,67.985,57.2050298086
3.5558,0.58854,0.50223,299.78,298.15,67.985,57.1386390697778
3.5556,0.58799,0.50167,299.77,298.15,67.985,57.0722539963389
3.5554,0.58743,0.50111,299.77,298.15,67.985,57.0058745882833
3.5551,0.58687,0.50055,299.77,298.15,67.985,56.9395008456111
3.5549,0.58632,0.49999,299.77,298.15,67.985,56.8731327683222
3.5547,0.58576,0.49943,299.77,298.15,67.985,56.8067722448778
3.5545,0.58521,0.49887,299.77,298.15,67.985,56.7404173868167
3.5543,0.58465,0.49831,299.76,298.15,67.985,56.6740681941389
3.554,0.5841,0.49775,299.76,298.15,67.985,56.6077246668444
3.5538,0.58354,0.49719,299.76,298.15,67.985,56.5413868049333
3.5536,0.58298,0.49663,299.76,298.15,67.985,56.4750546084056
3.5534,0.58243,0.49607,299.76,298.15,67.985,56.4087280772611
3.5532,0.58187,0.49551,299.76,298.15,67.985,56.3424072115
3.553,0.58132,0.49495,299.75,298.15,67.985,56.2760920111222
3.5527,0.58076,0.49439,299.75,298.15,67.985,56.2097824761278
3.5525,0.58021,0.49383,299.75,298.15,67.985,56.1434804949778
3.5523,0.57965,0.49327,299.75,298.15,67.985,56.0771841792111
3.5521,0.5791,0.49271,299.75,298.15,67.985,56.0108935288278
3.5519,0.57854,0.49215,299.74,298.15,67.985,55.9446085438278
3.5517,0.57799,0.49159,299.74,298.15,67.985,55.8783292242111
3.5515,0.57743,0.49102,299.74,298.15,67.985,55.8120555699778
3.5513,0.57688,0.49046,299.74,298.15,67.985,55.7457875811278
3.5511,0.57632,0.4899,299.74,298.15,67.985,55.6795252576611
3.5508,0.57577,0.48934,299.73,298.15,67.985,55.6132685995778
3.5506,0.57521,0.48878,299.73,298.15,67.985,55.5470176068778
3.5504,0.57466,0.48822,299.73,298.15,67.985,55.4807722795611
3.5502,0.5741,0.48766,299.73,298.15,67.985,55.4145326176278
3.55,0.57355,0.48709,299.73,298.15,67.985,55.3482986210778
3.5498,0.57299,0.48653,299.72,298.15,67.985,55.2820702899111
3.5496,0.57244,0.48597,299.72,298.15,67.985,55.2158476241278
3.5494,0.57188,0.48541,299.72,298.15,67.985,55.1496306237278
3.5492,0.57133,0.48485,299.72,298.15,67.985,55.0834192887111
3.549,0.57078,0.48428,299.71,298.15,67.985,55.0172136190778
3.5488,0.57022,0.48372,299.71,298.15,67.985,54.9510136148278
3.5486,0.56967,0.48316,299.71,298.15,67.985,54.8848192759611
3.5484,0.56911,0.4826,299.71,298.15,67.985,54.8186306024778
3.5482,0.56856,0.48203,299.71,298.15,67.985,54.7524475943778
3.548,0.568,0.48147,299.7,298.15,67.985,54.6862702516611
3.5478,0.56745,0.48091,299.7,298.15,67.985,54.6200985743278
3.5476,0.5669,0.48035,299.7,298.15,67.985,54.5539325623778
3.5474,0.56634,0.47978,299.7,298.15,67.985,54.4877722158111
3.5472,0.56579,0.47922,299.69,298.15,67.985,54.4216175346278
3.547,0.56523,0.47866,299.69,298.15,67.985,54.3554685188278
3.5468,0.56468,0.4781,299.69,298.15,67.985,54.2893251684111
3.5466,0.56413,0.47753,299.69,298.15,67.985,54.2231874833778
3.5464,0.56357,0.47697,299.68,298.15,67.985,54.1570554637278
3.5462,0.56302,0.47641,299.68,298.15,67.985,54.0909291094611
3.546,0.56246,0.47584,299.68,298.15,67.985,54.0248084205778
3.5458,0.56191,0.47528,299.68,298.15,67.985,53.9586933970778
3.5456,0.56136,0.47472,299.67,298.15,67.985,53.8925840389611
3.5454,0.5608,0.47415,299.67,298.15,67.985,53.8264803462278
3.5452,0.56025,0.47359,299.67,298.15,67.985,53.7603804304167
3.545,0.5597,0.47303,299.67,298.15,67.985,53.6942861799889
3.5448,0.55914,0.47246,299.66,298.15,67.985,53.6281975949444
3.5447,0.55859,0.4719,299.66,298.15,67.985,53.5621146752833
3.5445,0.55803,0.47134,299.66,298.15,67.985,53.4960374210055
3.5443,0.55748,0.47077,299.66,298.15,67.985,53.4299658321111
3.5441,0.55692,0.47021,299.66,298.15,67.985,53.3638999086
3.5439,0.55636,0.46965,299.66,298.15,67.985,53.2978396504722
3.5437,0.55581,0.46908,299.65,298.15,67.985,53.2317831692667
3.5435,0.55525,0.46852,299.65,298.15,67.985,53.1657323534444
3.5434,0.5547,0.46796,299.65,298.15,67.985,53.0996872030056
3.5432,0.55414,0.4674,299.65,298.15,67.985,53.03364771795
3.543,0.55358,0.46684,299.65,298.15,67.985,52.9676138982778
3.5428,0.55303,0.46627,299.65,298.15,67.985,52.9015857439889
3.5426,0.55247,0.46571,299.65,298.15,67.985,52.8355613666222
3.5424,0.55192,0.46515,299.65,298.15,67.985,52.7695426546389
3.5423,0.55136,0.46459,299.65,298.15,67.985,52.7035296080389
3.5421,0.5508,0.46402,299.64,298.15,67.985,52.6375222268222
3.5419,0.55025,0.46346,299.64,298.15,67.985,52.5715205109889
3.5417,0.54969,0.4629,299.64,298.15,67.985,52.5055225720778
3.5415,0.54913,0.46234,299.64,298.15,67.985,52.43953029855
3.5414,0.54858,0.46178,299.64,298.15,67.985,52.3735436904055
3.5412,0.54802,0.46121,299.64,298.15,67.985,52.3075627476444
3.541,0.54747,0.46065,299.64,298.15,67.985,52.2415874702667
3.5408,0.54691,0.46009,299.64,298.15,67.985,52.1756159698111
3.5407,0.54635,0.45953,299.64,298.15,67.985,52.1096501347389
3.5405,0.5458,0.45897,299.63,298.15,67.985,52.04368996505
3.5403,0.54524,0.4584,299.63,298.15,67.985,51.9777354607444
3.5401,0.54469,0.45784,299.63,298.15,67.985,51.9117847333611
3.54,0.54413,0.45728,299.63,298.15,67.985,51.8458396713611
3.5398,0.54358,0.45672,299.63,298.15,67.985,51.7799002747444
3.5396,0.54302,0.45616,299.63,298.15,67.985,51.71396465505
3.5395,0.54246,0.4556,299.63,298.15,67.985,51.6480347007389
3.5393,0.54191,0.45503,299.63,298.15,67.985,51.5821104118111
3.5391,0.54135,0.45447,299.63,298.15,67.985,51.5161917882667
3.5389,0.5408,0.45391,299.63,298.15,67.985,51.4502769416444
3.5388,0.54024,0.45335,299.62,298.15,67.985,51.3843677604055
3.5386,0.53968,0.45279,299.62,298.15,67.985,51.31846424455
3.5384,0.53913,0.45223,299.62,298.15,67.985,51.2525645056167
3.5383,0.53857,0.45167,299.62,298.15,67.985,51.1866704320667
3.5381,0.53802,0.45111,299.62,298.15,67.985,51.1207820239
3.5379,0.53746,0.45054,299.62,298.15,67.985,51.0548973926555
3.5378,0.53691,0.44998,299.62,298.15,67.985,50.9890184267944
3.5376,0.53635,0.44942,299.62,298.15,67.985,50.9231451263166
3.5374,0.53579,0.44886,299.62,298.15,67.985,50.8572756027611
3.5373,0.53524,0.4483,299.62,298.15,67.985,50.7914117445889
3.5371,0.53468,0.44774,299.62,298.15,67.985,50.7255535518
3.5369,0.53413,0.44718,299.61,298.15,67.985,50.6596991359333
3.5368,0.53357,0.44662,299.61,298.15,67.985,50.59385038545
3.5366,0.53302,0.44605,299.61,298.15,67.985,50.5280054118889
3.5365,0.53246,0.44549,299.61,298.15,67.985,50.4621661037111
3.5363,0.5319,0.44493,299.61,298.15,67.985,50.3963324609167
3.5361,0.53135,0.44437,299.61,298.15,67.985,50.3305025950444
3.536,0.53079,0.44381,299.61,298.15,67.985,50.2646783945556
3.5358,0.53024,0.44325,299.61,298.15,67.985,50.1988579709889
3.5357,0.52968,0.44269,299.61,298.15,67.985,50.1330432128055
3.5355,0.52913,0.44213,299.61,298.15,67.985,50.0672341200055
3.5353,0.52857,0.44157,299.61,298.15,67.985,50.0014288041278
3.5352,0.52802,0.44101,299.61,298.15,67.985,49.9356291536333
3.535,0.52746,0.44045,299.6,298.15,67.985,49.8698332800611
3.5349,0.5269,0.43989,299.6,298.15,67.985,49.8040430718722
3.5347,0.52635,0.43933,299.6,298.15,67.985,49.7382585290667
3.5346,0.52579,0.43877,299.6,298.15,67.985,49.6724777631833
3.5344,0.52524,0.43821,299.6,298.15,67.985,49.6067026626833
3.5343,0.52468,0.43764,299.6,298.15,67.985,49.5409313391055
3.5341,0.52413,0.43708,299.6,298.15,67.985,49.4751656809111
3.5339,0.52357,0.43652,299.6,298.15,67.985,49.4094037996389
3.5338,0.52302,0.43596,299.6,298.15,67.985,49.34364758375
3.5336,0.52246,0.4354,299.6,298.15,67.985,49.2778951447833
3.5335,0.52191,0.43484,299.6,298.15,67.985,49.2121483712
3.5333,0.52135,0.43428,299.6,298.15,67.985,49.1464053745389
3.5332,0.52079,0.43372,299.6,298.15,67.985,49.0806680432611
3.533,0.52024,0.43316,299.59,298.15,67.985,49.0149344889055
3.5329,0.51968,0.4326,299.59,298.15,67.985,48.9492065999333
3.5327,0.51913,0.43204,299.59,298.15,67.985,48.8834824878833
3.5326,0.51857,0.43148,299.59,298.15,67.985,48.8177640412167
3.5324,0.51802,0.43092,299.59,298.15,67.985,48.7520493714722
3.5323,0.51746,0.43036,299.59,298.15,67.985,48.6863403671111
3.5321,0.51691,0.4298,299.59,298.15,67.985,48.6206351396722
3.532,0.51635,0.42924,299.59,298.15,67.985,48.5549355776167
3.5319,0.5158,0.42868,299.59,298.15,67.985,48.4892397924833
3.5317,0.51524,0.42812,299.59,298.15,67.985,48.4235496727333
3.5316,0.51469,0.42756,299.59,298.15,67.985,48.3578633299055
3.5314,0.51413,0.427,299.59,298.15,67.985,48.2921826524611
3.5313,0.51358,0.42644,299.59,298.15,67.985,48.2265057519389
3.5311,0.51302,0.42588,299.59,298.15,67.985,48.1608326283389
3.531,0.51247,0.42532,299.58,298.15,67.985,48.0951651701222
3.5308,0.51191,0.42476,299.58,298.15,67.985,48.0295014888278
3.5307,0.51136,0.42421,299.58,298.15,67.985,47.9638434729167
3.5306,0.5108,0.42365,299.58,298.15,67.985,47.8981892339278
3.5304,0.51025,0.42309,299.58,298.15,67.985,47.8325406603222
3.5303,0.50969,0.42253,299.58,298.15,67.985,47.7668958636389
3.5301,0.50914,0.42197,299.58,298.15,67.985,47.7012548438778
3.53,0.50858,0.42141,299.58,298.15,67.985,47.6356194895
3.5299,0.50803,0.42085,299.58,298.15,67.985,47.5699879120444
3.5297,0.50747,0.42029,299.58,298.15,67.985,47.5043619999722
3.5296,0.50692,0.41973,299.58,298.15,67.985,47.4387398648222
3.5295,0.50636,0.41917,299.58,298.15,67.985,47.3731215065945
3.5293,0.50581,0.41861,299.58,298.15,67.985,47.30750881375
3.5292,0.50525,0.41805,299.58,298.15,67.985,47.2418998978278
3.529,0.5047,0.41749,299.58,298.15,67.985,47.1762966472889
3.5289,0.50414,0.41693,299.58,298.15,67.985,47.1106971736722
3.5288,0.50359,0.41638,299.58,298.15,67.985,47.0451014769778
3.5286,0.50303,0.41582,299.58,298.15,67.985,46.9795114456667
3.5285,0.50247,0.41526,299.58,298.15,67.985,46.9139251912778
3.5284,0.50192,0.4147,299.58,298.15,67.985,46.8483427138111
3.5282,0.50136,0.41414,299.58,298.15,67.985,46.7827659017278
3.5281,0.50081,0.41358,299.58,298.15,67.985,46.7171928665667
3.528,0.50025,0.41303,299.58,298.15,67.985,46.6516254967889
3.5279,0.49969,0.41247,299.58,298.15,67.985,46.5860619039333
3.5277,0.49914,0.41191,299.58,298.15,67.985,46.520502088
3.5276,0.49858,0.41135,299.58,298.15,67.985,46.45494793745
3.5275,0.49803,0.41079,299.58,298.15,67.985,46.3893975638222
3.5273,0.49747,0.41024,299.58,298.15,67.985,46.3238509671167
3.5272,0.49691,0.40968,299.58,298.15,67.985,46.2583100357944
3.5271,0.49636,0.40912,299.57,298.15,67.985,46.1927728813945
3.527,0.4958,0.40856,299.57,298.15,67.985,46.1272395039167
3.5268,0.49524,0.408,299.57,298.15,67.985,46.0617117918222
3.5267,0.49469,0.40745,299.57,298.15,67.985,45.99618785665
3.5266,0.49413,0.40689,299.57,298.15,67.985,45.9306676984
3.5265,0.49358,0.40633,299.57,298.15,67.985,45.8651513170722
3.5263,0.49302,0.40577,299.57,298.15,67.985,45.7996406011278
3.5262,0.49246,0.40521,299.57,298.15,67.985,45.7341336621056
3.5261,0.49191,0.40466,299.57,298.15,67.985,45.6686305000056
3.526,0.49135,0.4041,299.57,298.15,67.985,45.6031330032889
3.5258,0.4908,0.40354,299.57,298.15,67.985,45.5376392834944
3.5257,0.49024,0.40298,299.57,298.15,67.985,45.4721493406222
3.5256,0.48968,0.40242,299.57,298.15,67.985,45.4066631746722
3.5255,0.48913,0.40186,299.57,298.15,67.985,45.3411826741056
3.5254,0.48857,0.40131,299.57,298.15,67.985,45.2757059504611
3.5252,0.48802,0.40075,299.57,298.15,67.985,45.2102330037389
3.5251,0.48746,0.40019,299.57,298.15,67.985,45.1447657224
3.525,0.4869,0.39963,299.57,298.15,67.985,45.0793022179833
3.5249,0.48635,0.39907,299.57,298.15,67.985,45.0138424904889
3.5248,0.48579,0.39852,299.57,298.15,67.985,44.9483865399167
3.5247,0.48524,0.39796,299.57,298.15,67.985,44.8829362547278
3.5245,0.48468,0.3974,299.57,298.15,67.985,44.8174897464611
3.5244,0.48413,0.39684,299.57,298.15,67.985,44.7520470151167
3.5243,0.48357,0.39628,299.57,298.15,67.985,44.6866080606944
3.5242,0.48301,0.39573,299.57,298.15,67.985,44.6211747716556
3.5241,0.48246,0.39517,299.57,298.15,67.985,44.5557452595389
3.524,0.4819,0.39461,299.57,298.15,67.985,44.4903195243445
3.5238,0.48135,0.39405,299.57,298.15,67.985,44.4248975660722
3.5237,0.48079,0.39349,299.57,298.15,67.985,44.3594812731833
3.5236,0.48024,0.39293,299.57,298.15,67.985,44.2940687572167
3.5235,0.47968,0.39238,299.57,298.15,67.985,44.2286600181722
3.5234,0.47912,0.39182,299.57,298.15,67.985,44.16325505605
3.5233,0.47857,0.39126,299.57,298.15,67.985,44.09785387085
3.5232,0.47801,0.3907,299.57,298.15,67.985,44.0324583510333
3.523,0.47746,0.39014,299.57,298.15,67.985,43.9670666081389
3.5229,0.4769,0.38958,299.57,298.15,67.985,43.9016786421667
3.5228,0.47635,0.38903,299.57,298.15,67.985,43.8362944531167
3.5227,0.47579,0.38847,299.57,298.15,67.985,43.77091592945
3.5226,0.47523,0.38791,299.57,298.15,67.985,43.7055411827056
3.5225,0.47468,0.38735,299.57,298.15,67.985,43.6401702128833
3.5224,0.47412,0.38679,299.57,298.15,67.985,43.5748030199833
3.5223,0.47357,0.38624,299.57,298.15,67.985,43.5094396040056
3.5222,0.47301,0.38568,299.57,298.15,67.985,43.4440818534111
3.5221,0.47246,0.38512,299.56,298.15,67.985,43.3787278797389
3.5219,0.4719,0.38456,299.56,298.15,67.985,43.3133776829889
3.5218,0.47134,0.384,299.56,298.15,67.985,43.2480312631611
3.5217,0.47079,0.38344,299.56,298.15,67.985,43.1826886202556
3.5216,0.47023,0.38289,299.56,298.15,67.985,43.1173497542722
3.5215,0.46968,0.38233,299.56,298.15,67.985,43.0520165536722
3.5214,0.46912,0.38177,299.56,298.15,67.985,42.9866871299945
3.5213,0.46857,0.38121,299.56,298.15,67.985,42.9213614832389
3.5212,0.46801,0.38065,299.56,298.15,67.985,42.8560396134056
3.5211,0.46746,0.38009,299.56,298.15,67.985,42.7907215204945
3.521,0.4669,0.37954,299.56,298.15,67.985,42.7254090929667
3.5209,0.46635,0.37898,299.56,298.15,67.985,42.6601004423611
3.5208,0.46579,0.37842,299.56,298.15,67.985,42.5947955686778
3.5207,0.46523,0.37786,299.56,298.15,67.985,42.5294944719167
3.5206,0.46468,0.3773,299.56,298.15,67.985,42.4641971520778
3.5205,0.46412,0.37674,299.56,298.15,67.985,42.3989036091611
3.5204,0.46357,0.37619,299.56,298.15,67.985,42.3336138431667
3.5203,0.46301,0.37563,299.56,298.15,67.985,42.2683297425556
3.5202,0.46246,0.37507,299.56,298.15,67.985,42.2030494188667
3.5201,0.4619,0.37451,299.56,298.15,67.985,42.1377728721
3.5199,0.46135,0.37395,299.56,298.15,67.985,42.0725001022556
3.5198,0.46079,0.37339,299.55,298.15,67.985,42.0072311093333
3.5197,0.46024,0.37284,299.55,298.15,67.985,41.9419658933333
3.5196,0.45968,0.37228,299.55,298.15,67.985,41.8767044542556
3.5195,0.45913,0.37172,299.55,298.15,67.985,41.8114486805611
3.5194,0.45857,0.37116,299.55,298.15,67.985,41.7461966837889
3.5193,0.45801,0.3706,299.55,298.15,67.985,41.6809484639389
3.5192,0.45746,0.37004,299.55,298.15,67.985,41.6157040210111
3.5191,0.4569,0.36949,299.55,298.15,67.985,41.5504633550056
3.519,0.45635,0.36893,299.55,298.15,67.985,41.4852264659222
3.5189,0.45579,0.36837,299.55,298.15,67.985,41.4199933537611
3.5188,0.45524,0.36781,299.55,298.15,67.985,41.3547659069833
3.5187,0.45468,0.36725,299.55,298.15,67.985,41.2895422371278
3.5186,0.45413,0.36669,299.55,298.15,67.985,41.2243223441944
3.5185,0.45357,0.36613,299.55,298.15,67.985,41.1591062281833
3.5184,0.45302,0.36558,299.55,298.15,67.985,41.0938938890945
3.5183,0.45246,0.36502,299.55,298.15,67.985,41.0286853269278
3.5182,0.45191,0.36446,299.55,298.15,67.985,40.9634805416833
3.5181,0.45135,0.3639,299.54,298.15,67.985,40.8982795333611
3.518,0.4508,0.36334,299.54,298.15,67.985,40.8330823019611
3.5179,0.45024,0.36278,299.54,298.15,67.985,40.7678907359444
3.5178,0.44969,0.36223,299.54,298.15,67.985,40.70270294685
3.5177,0.44913,0.36167,299.54,298.15,67.985,40.6375189346778
3.5176,0.44858,0.36111,299.54,298.15,67.985,40.5723386994278
3.5175,0.44802,0.36055,299.54,298.15,67.985,40.5071622411
3.5174,0.44747,0.35999,299.54,298.15,67.985,40.4419895596944
3.5173,0.44691,0.35943,299.54,298.15,67.985,40.3768206552111
3.5172,0.44636,0.35887,299.54,298.15,67.985,40.31165552765
3.5171,0.4458,0.35832,299.54,298.15,67.985,40.2464941770111
3.517,0.44525,0.35776,299.54,298.15,67.985,40.1813366032944
3.5169,0.44469,0.3572,299.54,298.15,67.985,40.1161828065
3.5168,0.44414,0.35664,299.54,298.15,67.985,40.0510346750889
3.5167,0.44358,0.35608,299.53,298.15,67.985,39.9858903206
3.5166,0.44303,0.35552,299.53,298.15,67.985,39.9207497430333
3.5165,0.44247,0.35496,299.53,298.15,67.985,39.8556129423889
3.5164,0.44192,0.35441,299.53,298.15,67.985,39.7904799186667
3.5163,0.44136,0.35385,299.53,298.15,67.985,39.7253506718667
3.5162,0.4408,0.35329,299.53,298.15,67.985,39.6602252019889
3.5161,0.44024,0.35273,299.53,298.15,67.985,39.5951035090333
3.516,0.43969,0.35217,299.53,298.15,67.985,39.529985593
3.5159,0.43913,0.35161,299.53,298.15,67.985,39.4648714538889
3.5158,0.43857,0.35106,299.53,298.15,67.985,39.3997610917
3.5157,0.43801,0.3505,299.53,298.15,67.985,39.3346545064333
3.5156,0.43746,0.34994,299.53,298.15,67.985,39.2695516980889
3.5155,0.4369,0.34938,299.53,298.15,67.985,39.2044545551278
3.5154,0.43634,0.34882,299.53,298.15,67.985,39.1393611890889
3.5153,0.43579,0.34826,299.53,298.15,67.985,39.0742715999722
3.5152,0.43523,0.34771,299.53,298.15,67.985,39.0091857877778
3.5151,0.43467,0.34715,299.53,298.15,67.985,38.9441037525056
3.515,0.43411,0.34659,299.53,298.15,67.985,38.8790254941555
3.5149,0.43356,0.34603,299.53,298.15,67.985,38.8139510127278
3.5148,0.433,0.34547,299.53,298.15,67.985,38.7488803082222
3.5147,0.43244,0.34491,299.53,298.15,67.985,38.6838133806389
3.5146,0.43189,0.34436,299.53,298.15,67.985,38.6187502299778
3.5145,0.43133,0.3438,299.53,298.15,67.985,38.5536908562389
3.5144,0.43077,0.34324,299.53,298.15,67.985,38.4886352594222
3.5143,0.43022,0.34268,299.53,298.15,67.985,38.4235834395278
3.5142,0.42966,0.34212,299.53,298.15,67.985,38.3585353965556
3.5141,0.4291,0.34157,299.53,298.15,67.985,38.2934911305056
3.514,0.42854,0.34101,299.53,298.15,67.985,38.2284506413778
3.5139,0.42799,0.34045,299.53,298.15,67.985,38.1634139291722
3.5138,0.42743,0.33989,299.53,298.15,67.985,38.09838288235
3.5137,0.42687,0.33933,299.53,298.15,67.985,38.03335561245
3.5136,0.42632,0.33878,299.53,298.15,67.985,37.9683321194722
3.5135,0.42576,0.33822,299.53,298.15,67.985,37.9033124034167
3.5134,0.4252,0.33766,299.53,298.15,67.985,37.8382964642833
3.5133,0.42465,0.3371,299.53,298.15,67.985,37.7732843020722
3.5131,0.42409,0.33655,299.53,298.15,67.985,37.7082759167833
3.513,0.42353,0.33599,299.53,298.15,67.985,37.6432713084167
3.5129,0.42298,0.33543,299.53,298.15,67.985,37.5782704769722
3.5128,0.42242,0.33487,299.53,298.15,67.985,37.51327342245
3.5127,0.42187,0.33432,299.53,298.15,67.985,37.44828014485
3.5126,0.42131,0.33376,299.53,298.15,67.985,37.3832906441722
3.5125,0.42075,0.3332,299.53,298.15,67.985,37.3183049204167
3.5124,0.4202,0.33264,299.53,298.15,67.985,37.2533229735833
3.5123,0.41964,0.33209,299.53,298.15,67.985,37.1883448036722
3.5122,0.41908,0.33153,299.53,298.15,67.985,37.1233704106833
3.512,0.41853,0.33097,299.53,298.15,67.985,37.0583997946167
3.5119,0.41797,0.33041,299.53,298.15,67.985,36.9934329554722
3.5118,0.41742,0.32986,299.53,298.15,67.985,36.92846989325
3.5117,0.41686,0.3293,299.53,298.15,67.985,36.86351060795
3.5116,0.4163,0.32874,299.53,298.15,67.985,36.7985550995722
3.5115,0.41575,0.32819,299.53,298.15,67.985,36.7336033681167
3.5113,0.41519,0.32763,299.53,298.15,67.985,36.6686554135833
3.5112,0.41464,0.32707,299.53,298.15,67.985,36.6037112359722
3.5111,0.41408,0.32651,299.53,298.15,67.985,36.5387708352833
3.511,0.41352,0.32596,299.53,298.15,67.985,36.4738342115167
3.5109,0.41297,0.3254,299.53,298.15,67.985,36.4089013646722
3.5108,0.41241,0.32484,299.53,298.15,67.985,36.34397229475
3.5106,0.41186,0.32429,299.53,298.15,67.985,36.2790488902111
3.5105,0.4113,0.32373,299.53,298.15,67.985,36.2141292625944
3.5104,0.41074,0.32317,299.53,298.15,67.985,36.1492134119
3.5103,0.41019,0.32262,299.53,298.15,67.985,36.0843013381278
3.5101,0.40963,0.32206,299.53,298.15,67.985,36.0193930412778
3.51,0.40908,0.3215,299.53,298.15,67.985,35.95448852135
3.5099,0.40852,0.32095,299.53,298.15,67.985,35.8895877783444
3.5098,0.40797,0.32039,299.53,298.15,67.985,35.8246908122611
3.5096,0.40741,0.31983,299.53,298.15,67.985,35.7597976231
3.5095,0.40685,0.31927,299.53,298.15,67.985,35.6949082108611
3.5094,0.4063,0.31872,299.53,298.15,67.985,35.6300225755444
3.5092,0.40574,0.31816,299.53,298.15,67.985,35.56514071715
3.5091,0.40519,0.31761,299.53,298.15,67.985,35.5002626356778
3.509,0.40463,0.31705,299.53,298.15,67.985,35.4353883311278
3.5088,0.40408,0.31649,299.53,298.15,67.985,35.3705178035
3.5087,0.40352,0.31594,299.53,298.15,67.985,35.3056510527944
3.5086,0.40297,0.31538,299.53,298.15,67.985,35.2407880790111
3.5084,0.40241,0.31482,299.53,298.15,67.985,35.17592888215
3.5083,0.40186,0.31427,299.53,298.15,67.985,35.1110734622111
3.5081,0.4013,0.31371,299.53,298.15,67.985,35.0462218191944
3.508,0.40075,0.31315,299.53,298.15,67.985,34.9813739531
3.5079,0.40019,0.3126,299.53,298.15,67.985,34.9165298639278
3.5077,0.39964,0.31204,299.53,298.15,67.985,34.8516895516778
3.5076,0.39908,0.31148,299.53,298.15,67.985,34.78685301635
3.5074,0.39853,0.31093,299.53,298.15,67.985,34.7220202579444
3.5073,0.39797,0.31037,299.53,298.15,67.985,34.6571912764611
3.5071,0.39742,0.30982,299.53,298.15,67.985,34.5923660719
3.507,0.39686,0.30926,299.53,298.15,67.985,34.5275446442611
3.5068,0.39631,0.3087,299.53,298.15,67.985,34.4627269935444
3.5067,0.39575,0.30815,299.53,298.15,67.985,34.39791311975
3.5065,0.3952,0.30759,299.53,298.15,67.985,34.3331030228778
3.5064,0.39464,0.30704,299.53,298.15,67.985,34.2682967029278
3.5062,0.39409,0.30648,299.53,298.15,67.985,34.2034941599
3.5061,0.39353,0.30592,299.53,298.15,67.985,34.1386953937944
3.5059,0.39298,0.30537,299.53,298.15,67.985,34.0739004046111
3.5058,0.39242,0.30481,299.53,298.15,67.985,34.00910919235
3.5056,0.39187,0.30426,299.53,298.15,67.985,33.9443217570111
3.5055,0.39131,0.3037,299.53,298.15,67.985,33.8795380985944
3.5053,0.39076,0.30314,299.53,298.15,67.985,33.8147582171
3.5051,0.3902,0.30259,299.53,298.15,67.985,33.7499821125278
3.505,0.38965,0.30203,299.53,298.15,67.985,33.6852097848778
3.5048,0.3891,0.30148,299.53,298.15,67.985,33.62044123415
3.5046,0.38854,0.30092,299.53,298.15,67.985,33.5556764603444
3.5045,0.38799,0.30037,299.53,298.15,67.985,33.4909154634611
3.5043,0.38743,0.29981,299.53,298.15,67.985,33.4261582435
3.5041,0.38688,0.29926,299.53,298.15,67.985,33.3614048004611
3.504,0.38632,0.2987,299.53,298.15,67.985,33.2966551343444
3.5038,0.38577,0.29814,299.53,298.15,67.985,33.23190924515
3.5036,0.38521,0.29759,299.53,298.15,67.985,33.1671671328778
3.5034,0.38466,0.29703,299.53,298.15,67.985,33.1024306859889
3.5033,0.38411,0.29648,299.53,298.15,67.985,33.0376980160222
3.5031,0.38355,0.29592,299.54,298.15,67.985,32.9729691229778
3.5029,0.383,0.29537,299.54,298.15,67.985,32.9082440068556
3.5027,0.38244,0.29481,299.54,298.15,67.985,32.8435226676556
3.5025,0.38189,0.29426,299.54,298.15,67.985,32.7788051053778
3.5024,0.38134,0.2937,299.54,298.15,67.985,32.7140913200222
3.5022,0.38078,0.29315,299.54,298.15,67.985,32.6493813115889
3.502,0.38023,0.29259,299.54,298.15,67.985,32.5846750800778
3.5018,0.37967,0.29204,299.54,298.15,67.985,32.5199726254889
3.5016,0.37912,0.29148,299.54,298.15,67.985,32.4552739478222
3.5014,0.37857,0.29093,299.54,298.15,67.985,32.3905790470778
3.5012,0.37801,0.29037,299.54,298.15,67.985,32.3258879232556
3.501,0.37746,0.28982,299.54,298.15,67.985,32.2612005763556
3.5009,0.3769,0.28926,299.54,298.15,67.985,32.1965170063778
3.5007,0.37635,0.28871,299.54,298.15,67.985,32.1318372133222
3.5005,0.3758,0.28815,299.54,298.15,67.985,32.0671611971889
3.5003,0.37524,0.2876,299.54,298.15,67.985,32.0024889579778
3.5001,0.37469,0.28704,299.54,298.15,67.985,31.9378204956889
3.4999,0.37414,0.28649,299.54,298.15,67.985,31.8731558103222
3.4997,0.37358,0.28593,299.54,298.15,67.985,31.8084949018778
3.4995,0.37302,0.28538,299.54,298.15,67.985,31.7438377703556
3.4993,0.37246,0.28482,299.54,298.15,67.985,31.6791844157556
3.4991,0.37191,0.28427,299.55,298.15,67.985,31.6145348380778
3.4989,0.37135,0.28372,299.55,298.15,67.985,31.5498890373222
3.4986,0.37079,0.28316,299.55,298.15,67.985,31.4852470134889
3.4984,0.37023,0.28261,299.55,298.15,67.985,31.4206087665778
3.4982,0.36968,0.28205,299.55,298.15,67.985,31.3559742965889
3.498,0.36912,0.2815,299.55,298.15,67.985,31.2913436035222
3.4978,0.36856,0.28095,299.55,298.15,67.985,31.2267185758389
3.4976,0.368,0.28039,299.55,298.15,67.985,31.1620973250778
3.4974,0.36745,0.27984,299.56,298.15,67.985,31.0974798512389
3.4972,0.36689,0.27929,299.56,298.15,67.985,31.0328661543222
3.4969,0.36633,0.27873,299.56,298.15,67.985,30.9682562343278
3.4967,0.36578,0.27818,299.56,298.15,67.985,30.9036500912556
3.4965,0.36522,0.27763,299.56,298.15,67.985,30.8390477251056
3.4963,0.36466,0.27707,299.56,298.15,67.985,30.7744491358778
3.4961,0.3641,0.27652,299.56,298.15,67.985,30.7098543235722
3.4958,0.36355,0.27597,299.56,298.15,67.985,30.6452632881889
3.4956,0.36299,0.27541,299.57,298.15,67.985,30.5806760297278
3.4954,0.36243,0.27486,299.57,298.15,67.985,30.5160925481889
3.4952,0.36188,0.27431,299.57,298.15,67.985,30.4515128435722
3.4949,0.36132,0.27375,299.57,298.15,67.985,30.3869369158778
3.4947,0.36076,0.2732,299.57,298.15,67.985,30.3223647651056
3.4945,0.36021,0.27265,299.57,298.15,67.985,30.2577963912555
3.4942,0.35965,0.27209,299.57,298.15,67.985,30.1932317943278
3.494,0.35909,0.27154,299.57,298.15,67.985,30.1286728627833
3.4937,0.35854,0.27099,299.58,298.15,67.985,30.0641177081611
3.4935,0.35798,0.27044,299.58,298.15,67.985,29.9995663304611
3.4933,0.35742,0.26988,299.58,298.15,67.985,29.9350187296833
3.493,0.35687,0.26933,299.58,298.15,67.985,29.8704749058278
3.4928,0.35631,0.26878,299.58,298.15,67.985,29.8059348588944
3.4925,0.35575,0.26822,299.58,298.15,67.985,29.7413985888833
3.4923,0.3552,0.26767,299.58,298.15,67.985,29.6768660957944
3.492,0.35464,0.26712,299.59,298.15,67.985,29.6123373796278
3.4918,0.35408,0.26657,299.59,298.15,67.985,29.5478124403833
3.4915,0.35353,0.26601,299.59,298.15,67.985,29.4832912780611
3.4913,0.35297,0.26546,299.59,298.15,67.985,29.4187757811222
3.491,0.35241,0.26491,299.59,298.15,67.985,29.3542640611056
3.4908,0.35186,0.26436,299.59,298.15,67.985,29.2897561180111
3.4905,0.3513,0.2638,299.59,298.15,67.985,29.2252519518389
3.4903,0.35074,0.26325,299.6,298.15,67.985,29.1607515625889
3.49,0.35019,0.2627,299.6,298.15,67.985,29.0962549502611
3.4898,0.34963,0.26215,299.6,298.15,67.985,29.0317621148556
3.4895,0.34908,0.2616,299.6,298.15,67.985,28.9672730563722
3.4892,0.34852,0.26104,299.6,298.15,67.985,28.9027896632722
3.489,0.34796,0.26049,299.6,298.15,67.985,28.8383100470944
3.4887,0.34741,0.25994,299.6,298.15,67.985,28.7738342078389
3.4884,0.34685,0.25939,299.61,298.15,67.985,28.7093621455056
3.4882,0.3463,0.25884,299.61,298.15,67.985,28.6448938600944
3.4879,0.34574,0.25828,299.61,298.15,67.985,28.5804293516055
3.4876,0.34518,0.25773,299.61,298.15,67.985,28.5159686200389
3.4874,0.34463,0.25718,299.61,298.15,67.985,28.4515135538556
3.4871,0.34407,0.25663,299.61,298.15,67.985,28.3870622645944
3.4868,0.34352,0.25608,299.61,298.15,67.985,28.3226147522555
3.4865,0.34296,0.25553,299.62,298.15,67.985,28.2581710168389
3.4863,0.3424,0.25497,299.62,298.15,67.985,28.1937310583444
3.486,0.34185,0.25442,299.62,298.15,67.985,28.1292948767722
3.4857,0.34129,0.25387,299.62,298.15,67.985,28.0648643605833
3.4854,0.34074,0.25332,299.62,298.15,67.985,28.0004376213167
3.4851,0.34018,0.25277,299.62,298.15,67.985,27.9360146589722
3.4849,0.33963,0.25222,299.62,298.15,67.985,27.87159547355
3.4846,0.33907,0.25167,299.63,298.15,67.985,27.80718006505
3.4843,0.33852,0.25112,299.63,298.15,67.985,27.7427684334722
3.484,0.33796,0.25056,299.63,298.15,67.985,27.6783624672778
3.4837,0.3374,0.25001,299.63,298.15,67.985,27.6139602780055
3.4834,0.33685,0.24946,299.63,298.15,67.985,27.5495618656555
3.4831,0.33629,0.24891,299.63,298.15,67.985,27.4851672302278
3.4828,0.33574,0.24836,299.63,298.15,67.985,27.4207782601833
3.4825,0.33518,0.24781,299.64,298.15,67.985,27.3563930670611
3.4822,0.33463,0.24726,299.64,298.15,67.985,27.2920116508611
3.482,0.33407,0.24671,299.64,298.15,67.985,27.2276340115833
3.4817,0.33352,0.24616,299.64,298.15,67.985,27.1632620376889
3.4814,0.33296,0.24561,299.64,298.15,67.985,27.0988938407167
3.4811,0.33241,0.24506,299.64,298.15,67.985,27.0345294206667
3.4808,0.33185,0.2445,299.65,298.15,67.985,26.9701687775389
3.4805,0.3313,0.24395,299.65,298.15,67.985,26.9058137997944
3.4802,0.33074,0.2434,299.65,298.15,67.985,26.8414625989722
3.4799,0.33019,0.24285,299.65,298.15,67.985,26.7771151750722
3.4795,0.32963,0.2423,299.65,298.15,67.985,26.7127734165555
3.4792,0.32908,0.24175,299.65,298.15,67.985,26.6484354349611
3.4789,0.32852,0.2412,299.65,298.15,67.985,26.5841012302889
3.4786,0.32797,0.24065,299.66,298.15,67.985,26.5197708025389
3.4783,0.32741,0.2401,299.66,298.15,67.985,26.4554460401722
3.478,0.32686,0.23955,299.66,298.15,67.985,26.3911250547278
3.4777,0.3263,0.239,299.66,298.15,67.985,26.3268097346667
3.4774,0.32575,0.23845,299.66,298.15,67.985,26.2624981915278
3.4771,0.32519,0.2379,299.66,298.15,67.985,26.1981904253111
3.4768,0.32464,0.23735,299.67,298.15,67.985,26.1338883244778
3.4764,0.32408,0.2368,299.67,298.15,67.985,26.0695900005667
3.4761,0.32353,0.23625,299.67,298.15,67.985,26.0052954535778
3.4758,0.32298,0.2357,299.67,298.15,67.985,25.9410065719722
3.4755,0.32242,0.23515,299.67,298.15,67.985,25.8767214672889
3.4752,0.32187,0.2346,299.67,298.15,67.985,25.8124420279889
3.4749,0.32131,0.23405,299.68,298.15,67.985,25.7481663656111
3.4745,0.32076,0.2335,299.68,298.15,67.985,25.6838963686167
3.4742,0.3202,0.23295,299.68,298.15,67.985,25.6196301485444
3.4739,0.31965,0.2324,299.68,298.15,67.985,25.5553677053944
3.4736,0.31909,0.23185,299.68,298.15,67.985,25.4911109276278
3.4732,0.31854,0.2313,299.68,298.15,67.985,25.4268579267833
3.4729,0.31799,0.23075,299.69,298.15,67.985,25.3626105913222
3.4726,0.31743,0.2302,299.69,298.15,67.985,25.2983670327833
3.4723,0.31688,0.22965,299.69,298.15,67.985,25.2341291396278
3.4719,0.31632,0.22911,299.69,298.15,67.985,25.1698969118555
3.4716,0.31577,0.22856,299.69,298.15,67.985,25.1056684610056
3.4713,0.31522,0.22801,299.69,298.15,67.985,25.0414456755389
3.4709,0.31466,0.22746,299.7,298.15,67.985,24.9772266669944
3.4706,0.31411,0.22691,299.7,298.15,67.985,24.9130133238333
3.4703,0.31355,0.22636,299.7,298.15,67.985,24.8488037575944
3.4699,0.313,0.22581,299.7,298.15,67.985,24.7845998567389
3.4696,0.31245,0.22526,299.7,298.15,67.985,24.7204016212667
3.4693,0.31189,0.22471,299.7,298.15,67.985,24.6562071627167
3.4689,0.31134,0.22416,299.71,298.15,67.985,24.59201836955
3.4686,0.31078,0.22361,299.71,298.15,67.985,24.5278352417667
3.4683,0.31023,0.22307,299.71,298.15,67.985,24.4636558909056
3.4679,0.30968,0.22252,299.71,298.15,67.985,24.3994822054278
3.4676,0.30912,0.22197,299.71,298.15,67.985,24.3353141853333
3.4672,0.30857,0.22142,299.71,298.15,67.985,24.2711499421611
3.4669,0.30802,0.22087,299.72,298.15,67.985,24.2069913643722
3.4666,0.30746,0.22032,299.72,298.15,67.985,24.1428384519667
3.4662,0.30691,0.21977,299.72,298.15,67.985,24.0786912049444
3.4659,0.30636,0.21922,299.72,298.15,67.985,24.0145477348444
3.4655,0.3058,0.21868,299.72,298.15,67.985,23.9504099301278
3.4652,0.30524,0.21813,299.73,298.15,67.985,23.8862777907944
3.4648,0.30469,0.21758,299.73,298.15,67.985,23.8221513168444
3.4645,0.30413,0.21703,299.73,298.15,67.985,23.7580286198167
3.4642,0.30357,0.21648,299.73,298.15,67.985,23.6939115881722
3.4638,0.30302,0.21594,299.73,298.15,67.985,23.6298002219111
3.4635,0.30246,0.21539,299.73,298.15,67.985,23.5656945210333
3.4631,0.3019,0.21484,299.74,298.15,67.985,23.5015944855389
3.4628,0.30134,0.21429,299.74,298.15,67.985,23.4375001154278
3.4624,0.30079,0.21374,299.74,298.15,67.985,23.3734114107
3.4621,0.30023,0.2132,299.74,298.15,67.985,23.3093283713556
3.4617,0.29967,0.21265,299.74,298.15,67.985,23.2452491089333
3.4614,0.29912,0.2121,299.75,298.15,67.985,23.1811755118944
3.461,0.29856,0.21155,299.75,298.15,67.985,23.1171075802389
3.4607,0.298,0.211,299.75,298.15,67.985,23.0530453139667
3.4603,0.29745,0.21046,299.75,298.15,67.985,22.9889887130778
3.46,0.29689,0.20991,299.75,298.15,67.985,22.9249377775722
3.4596,0.29633,0.20936,299.75,298.15,67.985,22.86089250745
3.4592,0.29578,0.20881,299.76,298.15,67.985,22.7968529027111
3.4589,0.29522,0.20826,299.76,298.15,67.985,22.7328189633556
3.4585,0.29466,0.20772,299.76,298.15,67.985,22.6687906893833
3.4582,0.29411,0.20717,299.76,298.15,67.985,22.6047680807944
3.4578,0.29355,0.20662,299.76,298.15,67.985,22.5407511375889
3.4575,0.29299,0.20607,299.76,298.15,67.985,22.4767398597667
3.4571,0.29244,0.20552,299.77,298.15,67.985,22.4127361357889
3.4567,0.29188,0.20497,299.77,298.15,67.985,22.3487380771944
3.4564,0.29132,0.20443,299.77,298.15,67.985,22.2847456839833
3.456,0.29077,0.20388,299.77,298.15,67.985,22.2207589561556
3.4557,0.29021,0.20333,299.77,298.15,67.985,22.1567778937111
3.4553,0.28966,0.20278,299.77,298.15,67.985,22.09280249665
3.4549,0.2891,0.20223,299.78,298.15,67.985,22.0288327649722
3.4546,0.28854,0.20168,299.78,298.15,67.985,21.9648686986778
3.4542,0.28799,0.20114,299.78,298.15,67.985,21.9009102977667
3.4538,0.28743,0.20059,299.78,298.15,67.985,21.8369594507
3.4535,0.28687,0.20004,299.78,298.15,67.985,21.7730142690167
3.4531,0.28632,0.19949,299.78,298.15,67.985,21.7090747527167
3.4528,0.28576,0.19894,299.79,298.15,67.985,21.6451409018
3.4524,0.28521,0.19839,299.79,298.15,67.985,21.5812127162667
3.452,0.28465,0.19784,299.79,298.15,67.985,21.5172901961167
3.4517,0.28409,0.1973,299.79,298.15,67.985,21.4533752298111
3.4513,0.28354,0.19675,299.79,298.15,67.985,21.3894659288889
3.4509,0.28298,0.1962,299.79,298.15,67.985,21.32556229335
3.4506,0.28243,0.19565,299.8,298.15,67.985,21.2616643231944
3.4502,0.28187,0.1951,299.8,298.15,67.985,21.1977720184222
3.4498,0.28131,0.19455,299.8,298.15,67.985,21.1338872674944
3.4494,0.28076,0.194,299.8,298.15,67.985,21.07000818195
3.4491,0.2802,0.19345,299.8,298.15,67.985,21.0061347617889
3.4487,0.27965,0.19291,299.8,298.15,67.985,20.9422670070111
3.4483,0.27909,0.19236,299.8,298.15,67.985,20.8784068060778
3.448,0.27853,0.19181,299.81,298.15,67.985,20.8145522705278
3.4476,0.27798,0.19126,299.81,298.15,67.985,20.7507034003611
3.4472,0.27742,0.19071,299.81,298.15,67.985,20.6868601955778
3.4468,0.27687,0.19016,299.81,298.15,67.985,20.6230245446389
3.4465,0.27631,0.18961,299.81,298.15,67.985,20.5591945590833
3.4461,0.27575,0.18906,299.81,298.15,67.985,20.4953702389111
3.4457,0.2752,0.18852,299.81,298.15,67.985,20.4315515841222
3.4453,0.27464,0.18797,299.82,298.15,67.985,20.3677404831778
3.445,0.27409,0.18742,299.82,298.15,67.985,20.3039350476167
3.4446,0.27353,0.18687,299.82,298.15,67.985,20.2401352774389
3.4442,0.27298,0.18632,299.82,298.15,67.985,20.1763411726444
3.4438,0.27242,0.18577,299.82,298.15,67.985,20.1125546216944
3.4435,0.27187,0.18522,299.82,298.15,67.985,20.0487737361278
3.4431,0.27131,0.18467,299.82,298.15,67.985,19.9849985159444
3.4427,0.27075,0.18412,299.83,298.15,67.985,19.9212289611444
3.4423,0.2702,0.18357,299.83,298.15,67.985,19.8574669601889
3.4419,0.26964,0.18303,299.83,298.15,67.985,19.7937106246167
3.4415,0.26909,0.18248,299.83,298.15,67.985,19.7299599544278
3.4412,0.26853,0.18193,299.83,298.15,67.985,19.6662168380833
3.4408,0.26798,0.18138,299.83,298.15,67.985,19.6024793871222
3.4404,0.26742,0.18083,299.83,298.15,67.985,19.5387476015444
3.44,0.26687,0.18028,299.83,298.15,67.985,19.47502148135
3.4396,0.26631,0.17973,299.84,298.15,67.985,19.411302915
3.4392,0.26576,0.17918,299.84,298.15,67.985,19.3475900140333
3.4389,0.2652,0.17863,299.84,298.15,67.985,19.28388277845
3.4385,0.26465,0.17808,299.84,298.15,67.985,19.2201830967111
3.4381,0.26409,0.17753,299.84,298.15,67.985,19.1564890803556
3.4377,0.26354,0.17698,299.84,298.15,67.985,19.0928007293833
3.4373,0.26298,0.17643,299.84,298.15,67.985,19.0291180437944
3.4369,0.26243,0.17589,299.84,298.15,67.985,18.96544291205
3.4365,0.26187,0.17534,299.85,298.15,67.985,18.9017734456889
3.4361,0.26131,0.17479,299.85,298.15,67.985,18.8381096447111
3.4357,0.26076,0.17424,299.85,298.15,67.985,18.7744533975778
3.4353,0.2602,0.17369,299.85,298.15,67.985,18.7108028158278
3.435,0.25965,0.17314,299.85,298.15,67.985,18.6471578994611
3.4346,0.25909,0.17259,299.85,298.15,67.985,18.5835186484778
3.4342,0.25854,0.17204,299.85,298.15,67.985,18.5198869513389
3.4338,0.25799,0.17149,299.85,298.15,67.985,18.4562609195833
3.4334,0.25743,0.17094,299.86,298.15,67.985,18.3926405532111
3.433,0.25688,0.17039,299.86,298.15,67.985,18.3290277406833
3.4326,0.25632,0.16984,299.86,298.15,67.985,18.2654205935389
3.4322,0.25577,0.16929,299.86,298.15,67.985,18.2018191117778
3.4318,0.25521,0.16874,299.86,298.15,67.985,18.1382232954
3.4314,0.25466,0.16819,299.86,298.15,67.985,18.0746350328667
3.4309,0.2541,0.16764,299.86,298.15,67.985,18.0110524357167
3.4305,0.25355,0.16709,299.86,298.15,67.985,17.94747550395
3.4301,0.25299,0.16654,299.86,298.15,67.985,17.8839061260278
3.4297,0.25244,0.16599,299.86,298.15,67.985,17.8203424134889
3.4293,0.25188,0.16544,299.87,298.15,67.985,17.7567843663333
3.4289,0.25133,0.16489,299.87,298.15,67.985,17.6932338730222
3.4285,0.25077,0.16434,299.87,298.15,67.985,17.6296890450944
3.4281,0.25022,0.16379,299.87,298.15,67.985,17.56614988255
3.4277,0.24966,0.16325,299.87,298.15,67.985,17.5026163853889
3.4272,0.24911,0.1627,299.87,298.15,67.985,17.4390904420722
3.4268,0.24856,0.16215,299.87,298.15,67.985,17.3755701641389
3.4264,0.248,0.1616,299.87,298.15,67.985,17.3120555515889
3.426,0.24745,0.16105,299.87,298.15,67.985,17.2485484928833
3.4256,0.24689,0.1605,299.87,298.15,67.985,17.1850470995611
3.4251,0.24634,0.15995,299.88,298.15,67.985,17.1215513716222
3.4247,0.24578,0.1594,299.88,298.15,67.985,17.0580631975278
3.4243,0.24523,0.15885,299.88,298.15,67.985,16.9945806888167
3.4238,0.24468,0.1583,299.88,298.15,67.985,16.9311038454889
3.4234,0.24412,0.15775,299.88,298.15,67.985,16.8676345560056
3.423,0.24357,0.1572,299.88,298.15,67.985,16.8041709319056
3.4225,0.24301,0.15665,299.88,298.15,67.985,16.7407129731889
3.4221,0.24246,0.1561,299.88,298.15,67.985,16.6772625683167
3.4217,0.2419,0.15555,299.88,298.15,67.985,16.6138178288278
3.4212,0.24135,0.155,299.88,298.15,67.985,16.5503787547222
3.4208,0.2408,0.15445,299.88,298.15,67.985,16.4869472344611
3.4204,0.24024,0.1539,299.89,298.15,67.985,16.4235213795833
3.4199,0.23969,0.15335,299.89,298.15,67.985,16.3601011900889
3.4195,0.23913,0.1528,299.89,298.15,67.985,16.2966885544389
3.419,0.23858,0.15225,299.89,298.15,67.985,16.2332815841722
3.4186,0.23802,0.1517,299.89,298.15,67.985,16.1698802792889
3.4181,0.23747,0.15115,299.89,298.15,67.985,16.10648652825
3.4177,0.23691,0.1506,299.89,298.15,67.985,16.0430984425944
3.4172,0.23635,0.15005,299.89,298.15,67.985,15.9797160223222
3.4168,0.2358,0.1495,299.9,298.15,67.985,15.9163411558944
3.4163,0.23524,0.14895,299.9,298.15,67.985,15.85297195485
3.4159,0.23469,0.1484,299.9,298.15,67.985,15.78961030765
3.4154,0.23413,0.14785,299.9,298.15,67.985,15.7262543258333
3.415,0.23358,0.1473,299.9,298.15,67.985,15.6629040094
3.4145,0.23302,0.14675,299.9,298.15,67.985,15.5995612468111
3.4141,0.23246,0.1462,299.9,298.15,67.985,15.5362241496056
3.4136,0.23191,0.14565,299.91,298.15,67.985,15.4728946062444
3.4132,0.23135,0.1451,299.91,298.15,67.985,15.4095707282667
3.4127,0.2308,0.14455,299.91,298.15,67.985,15.3462525156722
3.4123,0.23024,0.14401,299.91,298.15,67.985,15.2829418569222
3.4118,0.22969,0.14346,299.91,298.15,67.985,15.2196368635556
3.4114,0.22913,0.14291,299.91,298.15,67.985,15.1563394240333
3.4109,0.22857,0.14236,299.91,298.15,67.985,15.0930476498944
3.4105,0.22802,0.14181,299.91,298.15,67.985,15.0297634296
3.41,0.22746,0.14126,299.92,298.15,67.985,14.9664848746889
3.4096,0.22691,0.14071,299.92,298.15,67.985,14.9032119851611
3.4091,0.22635,0.14016,299.92,298.15,67.985,14.8399466494778
3.4087,0.2258,0.13961,299.92,298.15,67.985,14.7766869791778
3.4082,0.22524,0.13906,299.92,298.15,67.985,14.7134348627222
3.4078,0.22468,0.13851,299.92,298.15,67.985,14.65018841165
3.4073,0.22413,0.13796,299.92,298.15,67.985,14.5869495144222
3.4069,0.22357,0.13741,299.92,298.15,67.985,14.5237162825778
3.4065,0.22302,0.13686,299.93,298.15,67.985,14.4604906045778
3.406,0.22246,0.13631,299.93,298.15,67.985,14.3972705919611
3.4056,0.22191,0.13576,299.93,298.15,67.985,14.3340581331889
3.4052,0.22135,0.13521,299.93,298.15,67.985,14.2708513398
3.4048,0.22079,0.13466,299.93,298.15,67.985,14.2076521002556
3.4043,0.22024,0.13411,299.93,298.15,67.985,14.1444585260944
3.4039,0.21968,0.13356,299.93,298.15,67.985,14.0812725057778
3.4035,0.21913,0.13301,299.93,298.15,67.985,14.0180940393056
3.4031,0.21857,0.13246,299.93,298.15,67.985,13.9549212382167
3.4027,0.21802,0.13191,299.93,298.15,67.985,13.8917559909722
3.4023,0.21746,0.13136,299.94,298.15,67.985,13.8285964091111
3.4019,0.21691,0.13081,299.94,298.15,67.985,13.7654443810944
3.4015,0.21635,0.13026,299.94,298.15,67.985,13.7022999069222
3.4011,0.21579,0.12971,299.94,298.15,67.985,13.6391610981333
3.4008,0.21524,0.12916,299.94,298.15,67.985,13.5760298431889
3.4004,0.21468,0.12861,299.94,298.15,67.985,13.5129042536278
3.4,0.21413,0.12806,299.94,298.15,67.985,13.4497862179111
3.3996,0.21357,0.12751,299.94,298.15,67.985,13.3866757360389
3.3993,0.21302,0.12696,299.94,298.15,67.985,13.32357091955
3.3989,0.21246,0.12641,299.94,298.15,67.985,13.2604736569056
3.3986,0.2119,0.12586,299.95,298.15,67.985,13.1973839481056
3.3982,0.21135,0.1253,299.95,298.15,67.985,13.1342999046889
3.3979,0.21079,0.12475,299.95,298.15,67.985,13.0712234151167
3.3976,0.21024,0.1242,299.95,298.15,67.985,13.0081544793889
3.3972,0.20968,0.12365,299.95,298.15,67.985,12.9450930975056
3.3969,0.20913,0.1231,299.95,298.15,67.985,12.8820373810056
3.3966,0.20857,0.12255,299.95,298.15,67.985,12.81898921835
3.3963,0.20802,0.122,299.95,298.15,67.985,12.7559486095389
3.396,0.20746,0.12145,299.95,298.15,67.985,12.6929155545722
3.3957,0.2069,0.1209,299.95,298.15,67.985,12.6298881649889
3.3954,0.20635,0.12035,299.95,298.15,67.985,12.56686832925
3.3951,0.20579,0.1198,299.95,298.15,67.985,12.5038560473556
3.3948,0.20524,0.11925,299.95,298.15,67.985,12.4408513193056
3.3945,0.20468,0.1187,299.96,298.15,67.985,12.3778541451
3.3943,0.20413,0.11815,299.96,298.15,67.985,12.3148645247389
3.394,0.20357,0.1176,299.96,298.15,67.985,12.2518824582222
3.3937,0.20302,0.11705,299.96,298.15,67.985,12.1889060570889
3.3935,0.20246,0.1165,299.96,298.15,67.985,12.1259372098
3.3932,0.20191,0.11594,299.96,298.15,67.985,12.0629759163556
3.393,0.20135,0.11539,299.96,298.15,67.985,12.0000221767556
3.3927,0.20079,0.11484,299.96,298.15,67.985,11.937075991
3.3925,0.20024,0.11429,299.96,298.15,67.985,11.8741373590889
3.3922,0.19968,0.11374,299.96,298.15,67.985,11.8112062810222
3.392,0.19913,0.11319,299.96,298.15,67.985,11.7482827568
3.3918,0.19857,0.11264,299.96,298.15,67.985,11.6853667864222
3.3916,0.19802,0.11209,299.96,298.15,67.985,11.6224583698889
3.3913,0.19746,0.11154,299.96,298.15,67.985,11.5595575072
3.3911,0.19691,0.11099,299.96,298.15,67.985,11.4966641983556
3.3909,0.19635,0.11044,299.96,298.15,67.985,11.4337784433556
3.3907,0.1958,0.10988,299.96,298.15,67.985,11.3709002422
3.3905,0.19524,0.10933,299.96,298.15,67.985,11.3080295948889
3.3902,0.19468,0.10878,299.97,298.15,67.985,11.2451665014222
3.39,0.19413,0.10823,299.97,298.15,67.985,11.1823128502611
3.3898,0.19357,0.10768,299.97,298.15,67.985,11.1194667529444
3.3896,0.19302,0.10713,299.97,298.15,67.985,11.0566282094722
3.3894,0.19246,0.10658,299.97,298.15,67.985,10.9937972198444
3.3892,0.19191,0.10603,299.97,298.15,67.985,10.9309737840611
3.389,0.19135,0.10548,299.97,298.15,67.985,10.8681579021222
3.3888,0.1908,0.10492,299.97,298.15,67.985,10.8053514624889
3.3886,0.19024,0.10437,299.97,298.15,67.985,10.7425525767
3.3884,0.18969,0.10382,299.97,298.15,67.985,10.6797612447556
3.3882,0.18913,0.10327,299.97,298.15,67.985,10.6169774666556
3.388,0.18857,0.10272,299.97,298.15,67.985,10.5542012424
3.3878,0.18802,0.10217,299.97,298.15,67.985,10.49143446045
3.3876,0.18746,0.10162,299.97,298.15,67.985,10.4286752323444
3.3874,0.18691,0.10106,299.97,298.15,67.985,10.3659235580833
3.3872,0.18635,0.1005,299.96,298.15,67.985,10.3031813261278
3.387,0.18579,0.099947,299.96,298.15,67.985,10.2404466480167
3.3868,0.18524,0.09939,299.96,298.15,67.985,10.17771952375
3.3866,0.18468,0.098833,299.96,298.15,67.985,10.1150018417889
3.3864,0.18412,0.098277,299.95,298.15,67.985,10.0522917136722
3.3861,0.18357,0.09772,299.95,298.15,67.985,9.9895891394
3.3859,0.18301,0.097163,299.95,298.15,67.985,9.92689600743333
3.3857,0.18245,0.096607,299.95,298.15,67.985,9.86421042931111
3.3855,0.1819,0.09605,299.94,298.15,67.985,9.80153429349445
3.3853,0.18134,0.095493,299.94,298.15,67.985,9.73886571152222
3.3851,0.18078,0.094937,299.94,298.15,67.985,9.67620468339445
3.3848,0.18023,0.09438,299.94,298.15,67.985,9.61355309757222
3.3846,0.17967,0.093823,299.93,298.15,67.985,9.55090906559444
3.3844,0.17912,0.093267,299.93,298.15,67.985,9.48827447592222
3.3842,0.17856,0.09271,299.93,298.15,67.985,9.42564744009445
3.3839,0.178,0.092153,299.93,298.15,67.985,9.36302984657222
3.3837,0.17745,0.091597,299.93,298.15,67.985,9.30041980689444
3.3835,0.17689,0.09104,299.92,298.15,67.985,9.23781920952222
3.3832,0.17633,0.090483,299.92,298.15,67.985,9.17522616599445
3.383,0.17578,0.089927,299.92,298.15,67.985,9.11264256477222
3.3828,0.17522,0.08937,299.92,298.15,67.985,9.05006651739444
3.3825,0.17467,0.088813,299.92,298.15,67.985,8.98749991232222
3.3823,0.17411,0.088257,299.91,298.15,67.985,8.92494086109444
3.382,0.17355,0.0877,299.91,298.15,67.985,8.86239125217222
3.3818,0.173,0.087143,299.91,298.15,67.985,8.79985108555556
3.3815,0.17244,0.086587,299.91,298.15,67.985,8.73731847278333
3.3813,0.17189,0.08603,299.91,298.15,67.985,8.67479530231667
3.381,0.17133,0.085473,299.9,298.15,67.985,8.61227968569444
3.3808,0.17077,0.084917,299.9,298.15,67.985,8.54977351137778
3.3805,0.17022,0.08436,299.9,298.15,67.985,8.48727677936667
3.3802,0.16966,0.083804,299.9,298.15,67.985,8.4247876012
3.38,0.16911,0.083247,299.9,298.15,67.985,8.36230786533889
3.3797,0.16855,0.08269,299.9,298.15,67.985,8.29983757178333
3.3794,0.16799,0.082134,299.89,298.15,67.985,8.23737483207222
3.3791,0.16744,0.081577,299.89,298.15,67.985,8.17492153466667
3.3789,0.16688,0.08102,299.89,298.15,67.985,8.11247767956667
3.3786,0.16633,0.080464,299.89,298.15,67.985,8.05004137831111
3.3783,0.16577,0.079907,299.89,298.15,67.985,7.98761451936111
3.378,0.16521,0.07935,299.89,298.15,67.985,7.92519710271667
3.3777,0.16466,0.078794,299.89,298.15,67.985,7.86278912837778
3.3774,0.1641,0.078237,299.89,298.15,67.985,7.80038870788333
3.3771,0.16355,0.07768,299.88,298.15,67.985,7.73799772969444
3.3768,0.16299,0.077124,299.88,298.15,67.985,7.67561619381111
3.3765,0.16244,0.076567,299.88,298.15,67.985,7.61324410023333
3.3762,0.16188,0.07601,299.88,298.15,67.985,7.5508795605
3.3759,0.16132,0.075454,299.88,298.15,67.985,7.48852446307222
3.3756,0.16077,0.074897,299.88,298.15,67.985,7.42617880795
3.3753,0.16021,0.074341,299.88,298.15,67.985,7.36384259513333
3.375,0.15966,0.073784,299.88,298.15,67.985,7.30151582462222
3.3746,0.1591,0.073227,299.88,298.15,67.985,7.23919849641667
3.3743,0.15855,0.072671,299.87,298.15,67.985,7.17688872205555
3.374,0.15799,0.072114,299.87,298.15,67.985,7.11458839
3.3737,0.15744,0.071557,299.87,298.15,67.985,7.05229750025
3.3733,0.15688,0.071001,299.87,298.15,67.985,6.99001605280556
3.373,0.15633,0.070444,299.87,298.15,67.985,6.92774404766667
3.3727,0.15577,0.069887,299.87,298.15,67.985,6.86548148483333
3.3723,0.15521,0.069331,299.87,298.15,67.985,6.80322836430556
3.372,0.15466,0.068774,299.87,298.15,67.985,6.74098468608333
3.3716,0.1541,0.068217,299.87,298.15,67.985,6.67875045016667
3.3712,0.15355,0.067661,299.87,298.15,67.985,6.61652565655556
3.3709,0.15299,0.067104,299.87,298.15,67.985,6.55431030525
3.3705,0.15244,0.066547,299.87,298.15,67.985,6.49210439625
3.3702,0.15188,0.065991,299.87,298.15,67.985,6.42990792955556
3.3698,0.15133,0.065434,299.87,298.15,67.985,6.36772090516667
3.3694,0.15077,0.064878,299.87,298.15,67.985,6.30554332308333
3.369,0.15022,0.064321,299.87,298.15,67.985,6.24337518330556
3.3686,0.14966,0.063764,299.87,298.15,67.985,6.18121648583333
3.3683,0.14911,0.063208,299.87,298.15,67.985,6.11906723066667
3.3679,0.14855,0.062651,299.87,298.15,67.985,6.05692741780555
3.3675,0.148,0.062094,299.87,298.15,67.985,5.99479893571111
3.3671,0.14744,0.061538,299.87,298.15,67.985,5.93267989592222
3.3666,0.14689,0.060981,299.87,298.15,67.985,5.87057029843889
3.3662,0.14633,0.060424,299.87,298.15,67.985,5.80847014326111
3.3658,0.14578,0.059868,299.87,298.15,67.985,5.74638131885
3.3654,0.14522,0.059311,299.87,298.15,67.985,5.68430193674444
3.3649,0.14467,0.058755,299.87,298.15,67.985,5.62223388540555
3.3645,0.14411,0.058198,299.87,298.15,67.985,5.56017527637222
3.3641,0.14356,0.057641,299.87,298.15,67.985,5.49812799810555
3.3636,0.143,0.057085,299.87,298.15,67.985,5.43609016214444
3.3631,0.14245,0.056528,299.87,298.15,67.985,5.37406365695
3.3627,0.14189,0.055971,299.87,298.15,67.985,5.31204659406111
3.3622,0.14134,0.055415,299.87,298.15,67.985,5.25004086193889
3.3617,0.14078,0.054858,299.87,298.15,67.985,5.18804646058333
3.3612,0.14023,0.054301,299.87,298.15,67.985,5.12606338999444
3.3607,0.13968,0.053745,299.87,298.15,67.985,5.06408976171111
3.3602,0.13912,0.053188,299.87,298.15,67.985,5.00212746419444
3.3597,0.13857,0.052632,299.87,298.15,67.985,4.94017649744444
3.3592,0.13801,0.052075,299.87,298.15,67.985,4.87823686146111
3.3586,0.13746,0.051518,299.87,298.15,67.985,4.81631044470555
3.3581,0.1369,0.050962,299.87,298.15,67.985,4.75439535871667
3.3575,0.13635,0.050405,299.87,298.15,67.985,4.69249160349444
3.357,0.13579,0.049848,299.87,298.15,67.985,4.63059917903889
3.3564,0.13524,0.049292,299.87,298.15,67.985,4.56871997381111
3.3558,0.13468,0.048739,299.88,298.15,67.985,4.50685209935
3.3552,0.13413,0.048187,299.88,298.15,67.985,4.44499744411667
3.3546,0.13357,0.047635,299.89,298.15,67.985,4.38315600811111
3.354,0.13302,0.047082,299.89,298.15,67.985,4.32132590287222
3.3533,0.13246,0.046531,299.9,298.15,67.985,4.25950901686111
3.3527,0.13191,0.045979,299.9,298.15,67.985,4.19770535007778
3.352,0.13135,0.045428,299.91,298.15,67.985,4.13591490252222
3.3513,0.13079,0.044877,299.91,298.15,67.985,4.07413956265556
3.3506,0.13024,0.044326,299.92,298.15,67.985,4.01237744201667
3.3499,0.12968,0.043776,299.92,298.15,67.985,3.95062854060556
3.3491,0.12913,0.043225,299.92,298.15,67.985,3.88889474688333
3.3484,0.12857,0.042675,299.93,298.15,67.985,3.82717606085
3.3476,0.12802,0.042126,299.93,298.15,67.985,3.76547059404444
3.3468,0.12746,0.041576,299.94,298.15,67.985,3.70378023492778
3.3459,0.12691,0.041027,299.94,298.15,67.985,3.6421049835
3.345,0.12635,0.040478,299.94,298.15,67.985,3.58044672822222
3.3441,0.12579,0.039929,299.95,298.15,67.985,3.51880358063333
3.3432,0.12524,0.03938,299.95,298.15,67.985,3.45717554073333
3.3422,0.12468,0.038832,299.95,298.15,67.985,3.39556449698333
3.3413,0.12413,0.038284,299.96,298.15,67.985,3.33397044938333
3.3402,0.12357,0.037736,299.96,298.15,67.985,3.27239339793333
3.3392,0.12302,0.037189,299.96,298.15,67.985,3.21083334263333
3.3381,0.12246,0.036641,299.97,298.15,67.985,3.14929028348333
3.3369,0.12191,0.036094,299.97,298.15,67.985,3.08776610894444
3.3357,0.12135,0.035547,299.97,298.15,67.985,3.02626081901667
3.3345,0.12079,0.034999,299.98,298.15,67.985,2.9647744137
3.3332,0.12024,0.034451,299.98,298.15,67.985,2.90330689299444
3.3319,0.11968,0.033905,299.99,298.15,67.985,2.8418582569
3.3305,0.11913,0.03336,299.99,298.15,67.985,2.78043039387778
3.3291,0.11857,0.032815,300,298.15,67.985,2.71902330392778
3.3277,0.11802,0.032271,300,298.15,67.985,2.65763698705
3.3261,0.11746,0.031729,300.01,298.15,67.985,2.59627333170556
3.3245,0.1169,0.031187,300.01,298.15,67.985,2.53493233789444
3.3229,0.11635,0.030645,300.02,298.15,67.985,2.47361400561667
3.3212,0.11579,0.030105,300.03,298.15,67.985,2.41231833487222
3.3194,0.11524,0.029566,300.04,298.15,67.985,2.35104721412222
3.3175,0.11468,0.029027,300.05,298.15,67.985,2.28980253182778
3.3156,0.11413,0.028489,300.05,298.15,67.985,2.22858428798889
3.3136,0.11357,0.027952,300.06,298.15,67.985,2.16739248260556
3.3115,0.11302,0.027416,300.07,298.15,67.985,2.10622900413889
3.3093,0.11246,0.026881,300.08,298.15,67.985,2.04509385258889
3.307,0.1119,0.026347,300.1,298.15,67.985,1.98399080487778
3.3046,0.11135,0.025813,300.11,298.15,67.985,1.92291797254444
3.3021,0.11079,0.02528,300.12,298.15,67.985,1.86187913251111
3.2995,0.11024,0.024749,300.13,298.15,67.985,1.80087428477778
3.2968,0.10968,0.024218,300.14,298.15,67.985,1.73990531780556
3.2939,0.10913,0.023688,300.16,298.15,67.985,1.67897600851667
3.291,0.10857,0.023158,300.17,298.15,67.985,1.61808635691111
3.2879,0.10802,0.02263,300.18,298.15,67.985,1.55723825145
3.2847,0.10746,0.022103,300.2,298.15,67.985,1.49643358059444
3.2813,0.10691,0.021579,300.22,298.15,67.985,1.43567612126667
3.2778,0.10635,0.021057,300.24,298.15,67.985,1.37496587346667
3.2742,0.10579,0.020537,300.26,298.15,67.985,1.31430850257778
3.2703,0.10524,0.020019,300.28,298.15,67.985,1.2537040086
3.2664,0.10468,0.019503,300.3,298.15,67.985,1.19315616845556
3.2622,0.10413,0.018989,300.32,298.15,67.985,1.13266875906667
3.2579,0.10357,0.018477,300.35,298.15,67.985,1.07224555735556
3.2534,0.10302,0.017967,300.37,298.15,67.985,1.01188845178333
3.2487,0.10246,0.01746,300.4,298.15,67.985,0.951601219272222
3.2438,0.10191,0.016954,300.42,298.15,67.985,0.891387636744445
3.2386,0.10135,0.016451,300.45,298.15,67.985,0.831251481122222
3.2333,0.10079,0.015949,300.48,298.15,67.985,0.771196529327778
3.2277,0.10024,0.01545,300.5,298.15,67.985,0.711228446744445
3.2219,0.099684,0.014952,300.53,298.15,67.985,0.651349121833333
3.2158,0.099129,0.014458,300.57,298.15,67.985,0.591564219977778
3.2095,0.098573,0.013966,300.6,298.15,67.985,0.531879406561111
3.2029,0.098018,0.013478,300.63,298.15,67.985,0.472296570044444
3.1961,0.097462,0.012993,300.67,298.15,67.985,0.412823264272222
3.189,0.096907,0.012512,300.71,298.15,67.985,0.353463266166667
3.1816,0.096351,0.012033,300.75,298.15,67.985,0.294222241111111
3.174,0.095796,0.011558,300.79,298.15,67.985,0.235105854488889
3.166,0.09524,0.011086,300.83,298.15,67.985,0.176119771683333
3.1577,0.094685,0.010617,300.88,298.15,67.985,0.117269658077778
3.1491,0.094129,0.010152,300.92,298.15,67.985,0.0585611790555556
