4.1,1.0001,1,298.15,298.15,0,91.63057786
4.0903,1,0.99985,298.15,298.15,1.3257,91.43745966
4.0902,1,0.99974,298.15,298.15,1.3257,91.43790412
4.0901,1,0.99965,298.15,298.15,1.3257,91.43764899
4.0901,1,0.99958,298.15,298.15,1.3257,91.43739654
4.09,1,0.99952,298.15,298.15,1.3257,91.43714653
4.09,0.99999,0.99948,298.15,298.15,1.3257,91.43689873
4.0899,0.99998,0.99944,298.15,298.15,1.3257,91.43665296
4.0899,0.99997,0.9994,298.15,298.15,1.3257,91.43640905
4.0899,0.99996,0.99936,298.15,298.15,1.3257,91.43616687
4.0898,0.99995,0.99932,298.15,298.15,1.3257,91.43592629
4.0898,0.99994,0.99929,298.15,298.15,1.3257,91.43568721
4.076,0.99992,0.99916,298.15,298.15,3.2973,91.43544952
4.0027,0.99984,0.99731,298.15,298.15,19.138,91.43483113
3.9397,0.99955,0.99282,298.21,298.15,47.521,91.43118962
3.9301,0.99914,0.98875,298.31,298.15,52.144,91.42223886
3.8931,0.9986,0.98314,298.44,298.15,79.202,91.41249983
3.8464,0.99775,0.97356,298.72,298.15,125.38,91.25146756
3.8319,0.9966,0.96409,299.14,298.15,139.88,91.08206915
3.9021,0.99581,0.96572,299.34,298.15,64.024,91.05658864
3.9464,0.99543,0.96955,299.29,298.15,35.641,90.8987658
3.9774,0.99526,0.97303,299.17,298.15,22.435,90.89256982
3.9531,0.99502,0.97316,299.08,298.15,33.007,90.88885338
3.9674,0.99477,0.97353,299.01,298.15,26.395,90.88315876
3.885,0.9943,0.96797,299.02,298.15,79.185,90.87872617
3.906,0.99375,0.96584,299.09,298.15,60.064,90.71818004
3.8531,0.99301,0.95859,299.22,298.15,108.21,90.70759984
3.8337,0.99202,0.95136,299.49,298.15,129.36,90.5418918
3.825,0.99092,0.94478,299.79,298.15,138.57,90.37247357
3.8286,0.98983,0.94046,300.06,298.15,131.98,90.34788471
3.8673,0.98897,0.94151,300.17,298.15,85.797,90.1782606
3.8882,0.98837,0.94358,300.11,298.15,66.659,90.01708067
3.8998,0.98789,0.94521,300,298.15,57.413,90.00577697
3.9069,0.98744,0.94616,299.89,298.15,52.144,89.99618281
3.9429,0.98712,0.9487,299.74,298.15,31.018,89.84124021
4.0135,0.98698,0.95277,299.55,298.15,8.5831,89.83657259
3.9291,0.98677,0.95218,299.4,298.15,38.938,89.83609158
3.8696,0.98623,0.9466,299.39,298.15,83.162,89.82990378
3.8708,0.98556,0.94295,299.47,298.15,80.511,89.66926876
3.8937,0.985,0.94275,299.49,298.15,60.064,89.65556354
3.9026,0.9846,0.94378,299.43,298.15,53.453,89.49928317
3.8751,0.98405,0.94088,299.43,298.15,75.225,89.49060893
3.8684,0.9834,0.93778,299.49,298.15,80.511,89.47795847
3.9059,0.98288,0.9389,299.49,298.15,49.493,89.31804994
3.9782,0.98264,0.94321,299.37,298.15,15.84,89.31022094
4.0607,0.98264,0.94823,299.2,298.15,0.66285,89.30861975
4.0144,0.9826,0.94998,299.06,298.15,7.9202,89.30984541
4.0021,0.98252,0.95098,298.94,298.15,10.555,89.30963202
4.0535,0.98248,0.953,298.84,298.15,1.9716,89.30888689
4.0064,0.98243,0.95381,298.75,298.15,9.9088,89.30974421
4.0644,0.98239,0.95518,298.67,298.15,0.66285,89.30905183
3.9768,0.98232,0.95467,298.6,298.15,17.812,89.31009606
3.9527,0.98209,0.9528,298.59,298.15,26.395,89.30785436
4.0316,0.98198,0.95435,298.55,298.15,5.2858,89.15765405
4.0325,0.98194,0.95596,298.5,298.15,5.2858,89.15777783
4.025,0.98188,0.95661,298.46,298.15,6.5945,89.15786636
4.0254,0.98183,0.95717,298.42,298.15,6.5945,89.15767817
4.0026,0.98178,0.95754,298.39,298.15,11.217,89.15746526
3.9996,0.98168,0.9573,298.37,298.15,11.88,89.15635633
3.9208,0.98146,0.95466,298.38,298.15,43.561,89.15510838
3.9711,0.98127,0.95513,298.39,298.15,19.801,89.14795521
3.9695,0.98112,0.95548,298.38,298.15,20.463,89.14524656
3.9885,0.98096,0.95548,298.38,298.15,14.515,89.14240061
3.9508,0.98077,0.95455,298.38,298.15,27.721,89.14066317
3.958,0.98053,0.95338,298.41,298.15,24.423,88.99009377
3.9809,0.98037,0.95391,298.4,298.15,16.503,88.98650942
3.9811,0.98024,0.95432,298.39,298.15,16.503,88.98439968
3.9005,0.97993,0.95017,298.43,298.15,56.087,88.98227572
3.8599,0.97929,0.94292,298.6,298.15,89.757,88.97282001
3.8351,0.97843,0.93518,298.88,298.15,115.47,88.81093444
3.8217,0.97741,0.92793,299.21,298.15,130.7,88.79085344
3.8242,0.97632,0.92238,299.56,298.15,125.38,88.62180727
3.8508,0.97545,0.92205,299.73,298.15,93.054,88.45382161
3.8786,0.97483,0.92396,299.75,298.15,66.659,88.43808321
3.8867,0.97432,0.92501,299.7,298.15,60.064,88.28082961
3.8793,0.97383,0.92494,299.65,298.15,65.996,88.27113557
3.871,0.97326,0.92313,299.64,298.15,72.608,88.11402061
3.8853,0.97271,0.92301,299.62,298.15,60.064,88.10210393
3.93,0.97233,0.92537,299.54,298.15,31.681,88.0924969
4.0477,0.97222,0.93072,299.37,298.15,1.3257,87.94175396
4.0493,0.97223,0.93429,299.2,298.15,1.3257,87.94300025
3.9492,0.97213,0.93411,299.07,298.15,24.406,87.94416983
4.015,0.97203,0.93604,298.96,298.15,6.5945,87.94096686
4.0156,0.97197,0.93765,298.86,298.15,6.5945,87.94107424
3.9959,0.9719,0.93838,298.77,298.15,10.555,87.94113704
4.0286,0.97186,0.93991,298.69,298.15,4.623,87.94042038
4.0132,0.97181,0.94079,298.62,298.15,7.2574,87.94079251
4.048,0.97178,0.94216,298.55,298.15,1.9716,87.94063139
3.8988,0.97149,0.93699,298.55,298.15,52.79,87.94144074
3.8394,0.97078,0.92731,298.75,298.15,105.58,87.9328063
3.8399,0.96994,0.92178,299,298.15,102.93,87.76832738
3.8652,0.96923,0.92059,299.16,298.15,75.905,87.75079422
3.9303,0.96882,0.92391,299.16,298.15,31.018,87.59187814
3.9606,0.96865,0.92742,299.06,298.15,19.138,87.5875256
3.9538,0.9685,0.92916,298.96,298.15,21.772,87.58533381
3.9656,0.96834,0.93029,298.88,298.15,17.829,87.58262149
4.0173,0.96826,0.93263,298.79,298.15,5.9317,87.58062041
4.0497,0.96825,0.93507,298.7,298.15,1.3257,87.58081671
4.0553,0.96825,0.93654,298.63,298.15,0.66285,87.58183925
4.0509,0.96825,0.93781,298.56,298.15,1.3257,87.58293887
4.0513,0.96824,0.93879,298.5,298.15,1.3257,87.58386633
4.0518,0.96822,0.93967,298.45,298.15,1.3257,87.58475319
4.0521,0.96821,0.94048,298.41,298.15,1.3257,87.58560242
4.0525,0.9682,0.9412,298.38,298.15,1.3257,87.44006075
4.0528,0.96819,0.94187,298.35,298.15,1.3257,87.44084215
4.0531,0.96818,0.9425,298.32,298.15,1.3257,87.44159216
4.0534,0.96817,0.94309,298.29,298.15,1.3257,87.44231231
4.0537,0.96816,0.94364,298.27,298.15,1.3257,87.44300396
4.054,0.96815,0.94414,298.26,298.15,1.3257,87.44366836
4.0542,0.96814,0.94461,298.24,298.15,1.3257,87.44430661
4.0544,0.96813,0.94505,298.23,298.15,1.3257,87.44491973
4.0547,0.96812,0.94547,298.22,298.15,1.3257,87.44550867
4.0549,0.9681,0.94588,298.21,298.15,1.3257,87.44607432
4.0551,0.96809,0.94627,298.2,298.15,1.3257,87.44661749
4.0553,0.96808,0.94665,298.19,298.15,1.3257,87.44713898
4.0555,0.96807,0.94701,298.19,298.15,1.3257,87.44763951
4.0557,0.96806,0.94736,298.18,298.15,1.3257,87.4481198
4.0558,0.96805,0.94769,298.18,298.15,1.3257,87.4485805
4.056,0.96804,0.948,298.17,298.15,1.3257,87.44902227
4.0562,0.96803,0.9483,298.17,298.15,1.3257,87.44944572
4.0563,0.96802,0.94859,298.17,298.15,1.3257,87.44985143
4.0565,0.96801,0.94886,298.17,298.15,1.3257,87.45023998
4.0566,0.968,0.94913,298.16,298.15,1.3257,87.45061192
4.0568,0.96799,0.9494,298.16,298.15,1.3257,87.45096776
4.0569,0.96797,0.94965,298.16,298.15,1.3257,87.45130803
4.0571,0.96796,0.9499,298.16,298.15,1.3257,87.45163321
4.0572,0.96795,0.95014,298.16,298.15,1.3257,87.45194378
4.0573,0.96794,0.95038,298.16,298.15,1.3257,87.4522402
4.0575,0.96793,0.9506,298.16,298.15,1.3257,87.45252291
4.0576,0.96792,0.95082,298.16,298.15,1.3257,87.45279234
4.0577,0.96791,0.95104,298.15,298.15,1.3257,87.45304891
4.0578,0.9679,0.95125,298.15,298.15,1.3257,87.45329301
4.058,0.96789,0.95144,298.15,298.15,1.3257,87.45352504
4.0581,0.96788,0.95164,298.15,298.15,1.3257,87.45374538
4.0582,0.96787,0.95183,298.15,298.15,1.3257,87.45395438
4.0583,0.96786,0.95201,298.15,298.15,1.3257,87.4541524
4.0584,0.96784,0.95219,298.15,298.15,1.3257,87.45433978
4.0585,0.96784,0.95241,298.15,298.15,1.3257,87.45451685
4.0401,0.96781,0.95227,298.15,298.15,3.9601,87.45468393
3.9592,0.96768,0.94993,298.17,298.15,23.761,87.45434404
3.884,0.96729,0.94339,298.26,298.15,67.322,87.45032369
3.8574,0.96657,0.93521,298.5,298.15,89.757,87.43839284
3.8839,0.96597,0.93335,298.67,298.15,64.687,87.276172
3.93,0.96561,0.93511,298.7,298.15,34.315,87.2649324
3.9315,0.96534,0.93577,298.69,298.15,33.652,87.25926118
3.882,0.96496,0.93243,298.72,298.15,65.996,87.10737241
3.8534,0.96427,0.92604,298.88,298.15,91.065,87.09599221
3.8526,0.96354,0.92209,299.05,298.15,90.403,86.93380283
3.8749,0.96291,0.92118,299.16,298.15,68.647,86.91820848
3.9193,0.9625,0.92353,299.15,298.15,37.612,86.90659218
4.0472,0.96236,0.92848,299.04,298.15,1.3257,86.75430749
3.9115,0.96215,0.92738,298.92,298.15,42.881,86.7550758
3.853,0.96159,0.92126,299,298.15,89.111,86.74811846
3.8564,0.96089,0.91676,299.14,298.15,83.162,86.73283511
3.902,0.96038,0.91813,299.18,298.15,46.196,86.5723884
3.9997,0.96019,0.92285,299.09,298.15,8.5831,86.56503547
3.971,0.96011,0.92511,298.97,298.15,15.84,86.56458848
3.9285,0.9599,0.92436,298.9,298.15,32.344,86.5627343
3.873,0.95948,0.91992,298.91,298.15,68.647,86.41146825
3.8611,0.95889,0.91572,299.01,298.15,77.231,86.39999933
3.8337,0.95816,0.91043,299.16,298.15,100.97,86.38704488
3.8537,0.95742,0.90839,299.31,298.15,77.231,86.22356459
3.844,0.95678,0.90642,299.39,298.15,83.825,86.21078785
3.8415,0.95609,0.90424,299.48,298.15,82.499,86.05053404
3.8453,0.95545,0.90309,299.55,298.15,76.551,86.03692882
3.8707,0.95492,0.90403,299.55,298.15,56.104,85.87811194
3.8625,0.95445,0.90375,299.52,298.15,62.036,85.86937263
3.811,0.95375,0.89855,299.59,298.15,103.59,85.71320399
3.7986,0.95286,0.89378,299.79,298.15,109.54,85.69599376
3.8524,0.95219,0.89573,299.86,298.15,58.076,85.53149394
3.9993,0.952,0.90317,299.69,298.15,4.623,85.52264691
3.8629,0.95169,0.9013,299.56,298.15,57.413,85.5235303
3.8041,0.95099,0.89466,299.63,298.15,103.59,85.36828471
3.8156,0.9502,0.89164,299.78,298.15,86.459,85.3512043
3.894,0.9497,0.89477,299.77,298.15,30.355,85.19093602
3.9805,0.94968,0.90174,299.51,298.15,7.2574,85.18716764
3.89,0.9495,0.90163,299.37,298.15,38.938,85.1875643
3.8305,0.94899,0.89678,299.37,298.15,77.876,85.18206914
3.8419,0.94841,0.89489,299.43,298.15,64.687,85.02321276
3.8978,0.94805,0.89743,299.38,298.15,30.355,85.01317875
3.9554,0.94794,0.90159,299.23,298.15,12.543,85.00935469
4.0014,0.94787,0.9045,299.1,298.15,4.623,85.00874119
3.969,0.9478,0.90588,298.98,298.15,11.217,85.0095272
3.8901,0.94757,0.90364,298.91,298.15,40.927,85.00901479
3.8817,0.94719,0.90146,298.93,298.15,43.561,85.00303052
3.8842,0.94683,0.90055,298.93,298.15,40.927,84.85025678
3.9094,0.94656,0.90139,298.9,298.15,28.384,84.84433061
3.932,0.94637,0.90303,298.84,298.15,20.463,84.84068421
3.959,0.94624,0.90474,298.78,298.15,13.189,84.8384613
3.9788,0.94615,0.9063,298.7,298.15,9.2459,84.83754019
4.012,0.9461,0.90802,298.63,298.15,3.9601,84.83730265
4.0191,0.94609,0.90981,298.57,298.15,3.2973,84.83799969
4.0408,0.94612,0.91165,298.5,298.15,0.66285,84.83876537
4.0271,0.94612,0.91257,298.45,298.15,2.6344,84.83997422
4.0183,0.94608,0.91294,298.41,298.15,3.9601,84.84075955
4.002,0.946,0.91295,298.38,298.15,6.5945,84.84125365
4.0024,0.94594,0.91332,298.36,298.15,6.5945,84.69486572
4.0029,0.94589,0.91387,298.33,298.15,6.5945,84.6948078
3.9666,0.9458,0.9134,298.32,298.15,14.515,84.6947225
3.9632,0.94564,0.91231,298.33,298.15,15.178,84.69315451
3.9355,0.94549,0.91152,298.33,298.15,24.423,84.6914579
3.9312,0.94536,0.91178,298.33,298.15,26.395,84.68806734
3.906,0.94517,0.91053,298.34,298.15,38.275,84.68432858
3.8615,0.94471,0.90562,298.44,298.15,64.687,84.67844716
3.8529,0.94416,0.90169,298.59,298.15,65.996,84.52150309
3.8253,0.94355,0.8974,298.75,298.15,84.471,84.5107711
3.792,0.94274,0.89064,299.01,298.15,111.53,84.35045319
3.7897,0.94181,0.88562,299.32,298.15,110.2,84.33185138
3.7901,0.94092,0.88209,299.57,298.15,108.21,84.16729435
3.7574,0.93986,0.87461,299.87,298.15,151.78,84.1495737
3.7762,0.93874,0.87133,300.21,298.15,124.04,83.97811559
3.7933,0.93785,0.87104,300.35,298.15,102.3,83.81167697
3.8073,0.93708,0.87145,300.39,298.15,86.459,83.64908756
3.8143,0.93645,0.87243,300.34,298.15,79.202,83.63566465
3.7919,0.93568,0.86924,300.37,298.15,102.96,83.47717548
3.7706,0.93471,0.86383,300.51,298.15,128.69,83.46097481
3.7564,0.93357,0.85789,300.75,298.15,146.49,83.29413014
3.7575,0.93236,0.85351,301.02,298.15,141.22,83.12443448
3.7652,0.93126,0.85171,301.18,298.15,128.03,82.95579446
3.7813,0.9303,0.85157,301.24,298.15,106.21,82.93584088
3.7967,0.92954,0.85315,301.16,298.15,89.094,82.77329349
3.8317,0.92897,0.8566,300.99,298.15,57.43,82.6136546
3.8321,0.92856,0.85958,300.74,298.15,58.076,82.60579358
3.8395,0.92804,0.85994,300.59,298.15,52.144,82.59777988
3.8301,0.92761,0.86036,300.41,298.15,59.402,82.44442297
3.8134,0.92705,0.85855,300.32,298.15,73.253,82.43616684
3.8186,0.9264,0.85676,300.29,298.15,67.322,82.42552975
3.8182,0.92593,0.85783,300.17,298.15,67.985,82.26959198
3.8245,0.9254,0.85727,300.11,298.15,62.036,82.25990523
3.8328,0.92491,0.85785,300.02,298.15,55.441,82.10488559
3.8659,0.92456,0.86019,299.9,298.15,34.332,82.09737202
3.922,0.9244,0.8645,299.7,298.15,13.206,82.09348554
3.8604,0.9242,0.86463,299.54,298.15,38.275,82.09325619
3.8165,0.92373,0.86097,299.51,298.15,69.956,82.08856239
3.8231,0.92318,0.85918,299.54,298.15,63.362,81.93205854
3.8725,0.92282,0.86162,299.49,298.15,31.018,81.92309184
3.9613,0.92271,0.86635,299.33,298.15,5.2858,81.91970936
3.9208,0.92266,0.86877,299.18,298.15,13.852,81.92081309
3.8543,0.92241,0.86679,299.1,298.15,42.235,81.92031156
3.8026,0.92187,0.86109,299.16,298.15,83.162,81.76844458
3.7982,0.92116,0.85669,299.33,298.15,85.797,81.75593513
3.8345,0.92061,0.85738,299.4,298.15,53.453,81.59672008
3.8171,0.92011,0.85626,299.41,298.15,67.305,81.58943491
3.8252,0.91959,0.85566,299.44,298.15,60.064,81.57976784
3.8339,0.91916,0.8562,299.43,298.15,53.453,81.42501727
3.8071,0.91861,0.8537,299.46,298.15,75.242,81.41775762
3.7999,0.91797,0.85087,299.54,298.15,80.511,81.40679106
3.8369,0.91746,0.85228,299.56,298.15,49.493,81.24864951
3.909,0.91722,0.85683,299.45,298.15,15.84,81.24213216
3.9924,0.9172,0.86179,299.27,298.15,0.66285,81.24136908
3.9455,0.91717,0.86404,299.12,298.15,7.9202,81.24322147
3.9331,0.91709,0.86524,299,298.15,10.555,81.24370506
3.9847,0.91705,0.86737,298.89,298.15,1.9716,81.24366855
3.9372,0.91701,0.86833,298.8,298.15,9.8918,81.24511267
3.9955,0.91697,0.86986,298.71,298.15,0.66285,81.24508104
3.9077,0.91688,0.86948,298.65,298.15,17.812,81.24665888
3.9409,0.91677,0.87004,298.61,298.15,9.2459,81.09877977
3.8882,0.91663,0.86967,298.57,298.15,25.069,81.09874485
3.8283,0.91626,0.86548,298.62,298.15,60.71,81.09589403
3.8102,0.9157,0.8603,298.77,298.15,75.225,81.08690381
3.8011,0.91503,0.85606,298.96,298.15,82.499,80.92917242
3.793,0.91432,0.85239,299.15,298.15,89.094,80.91667904
3.7664,0.9135,0.84678,299.37,298.15,116.15,80.75679976
3.7267,0.91234,0.83748,299.77,298.15,161.04,80.73887794
3.7091,0.91097,0.8292,300.31,298.15,172.24,80.56736489
3.7124,0.90963,0.82497,300.77,298.15,155.75,80.39423427
3.744,0.90856,0.82572,301.01,298.15,111.53,80.22395684
3.7234,0.90751,0.82269,301.16,298.15,132.62,80.06098998
3.7416,0.90652,0.82213,301.28,298.15,106.26,79.89460065
3.7393,0.90572,0.82249,301.23,298.15,109.56,79.8789843
3.8403,0.90523,0.8297,301.04,298.15,31.681,79.7164987
3.951,0.90511,0.83705,300.69,298.15,3.2973,79.71332775
3.9217,0.90506,0.84094,300.34,298.15,9.2459,79.71489426
3.8336,0.90481,0.83975,300.1,298.15,43.561,79.71531486
3.7747,0.90424,0.83458,300.04,298.15,88.448,79.7098364
3.7793,0.90355,0.83179,300.09,298.15,79.202,79.5505618
3.7569,0.90282,0.82833,300.14,298.15,97.66,79.53925184
3.7645,0.90205,0.8265,300.23,298.15,85.814,79.37860178
3.7281,0.9012,0.8217,300.34,298.15,120.11,79.3663248
3.77,0.90044,0.82252,300.41,298.15,73.253,79.20214018
3.8879,0.90011,0.82945,300.24,298.15,13.189,79.04573725
3.7656,0.89967,0.82634,300.1,298.15,83.825,79.04573097
3.7174,0.89875,0.81873,300.26,298.15,127.37,79.03381358
3.6963,0.89763,0.81216,300.57,298.15,142.53,78.86851789
3.6664,0.89632,0.80437,300.98,298.15,172.94,78.70093567
3.664,0.89492,0.79927,301.43,298.15,166.31,78.5286671
3.65,0.8935,0.79387,301.85,298.15,181.47,78.35769892
3.6368,0.89194,0.78778,302.31,298.15,197.31,78.18453015
3.6253,0.89026,0.78139,302.82,298.15,213.18,78.00913831
3.6655,0.88885,0.78311,303.07,298.15,141.9,77.8315992
3.732,0.88806,0.791,302.84,298.15,65.996,77.66543622
3.8777,0.88783,0.80186,302.3,298.15,5.2858,77.65767552
3.8093,0.88767,0.80607,301.77,298.15,25.749,77.65978054
3.8515,0.88751,0.81012,301.32,298.15,13.206,77.51185669
3.9247,0.88746,0.81467,300.9,298.15,1.3257,77.51227269
3.8364,0.88736,0.81612,300.54,298.15,21.126,77.514586
3.811,0.88713,0.81606,300.28,298.15,32.344,77.51340841
3.7892,0.8868,0.815,300.1,298.15,44.224,77.51030524
3.7964,0.88642,0.81436,299.97,298.15,38.938,77.50521035
3.8234,0.8862,0.81686,299.79,298.15,27.058,77.35463428
3.8601,0.88604,0.81924,299.61,298.15,15.178,77.35238423
3.9404,0.88598,0.82265,299.42,298.15,1.3257,77.35207713
3.876,0.88594,0.82406,299.25,298.15,13.206,77.35406278
3.8532,0.88581,0.82436,299.13,298.15,20.463,77.35393137
3.8119,0.88557,0.82295,299.06,298.15,38.938,77.3525327
3.8108,0.88518,0.82093,299.07,298.15,37.612,77.34803051
3.8547,0.88496,0.82278,299.01,298.15,19.138,77.34375843
3.9477,0.8849,0.8262,298.9,298.15,1.3257,77.19620793
3.8853,0.88485,0.8274,298.8,298.15,12.543,77.1979929
3.943,0.88478,0.82916,298.73,298.15,2.6344,77.19778436
3.9562,0.88478,0.83113,298.65,298.15,1.3257,77.19921714
3.9141,0.88474,0.83178,298.58,298.15,7.9202,77.20080783
3.8637,0.88461,0.83093,298.54,298.15,21.126,77.20120604
3.8412,0.88438,0.82932,298.55,298.15,29.692,77.19934049
3.829,0.8841,0.82799,298.57,298.15,34.978,77.19603718
3.8437,0.88385,0.82802,298.59,298.15,27.721,77.1918599
3.8539,0.88364,0.82853,298.59,298.15,23.761,77.18889688
3.8328,0.8834,0.82774,298.59,298.15,32.99,77.18658247
3.8202,0.8831,0.82645,298.62,298.15,38.938,77.03636942
3.8286,0.88277,0.82575,298.66,298.15,33.652,77.03153461
3.9537,0.88264,0.82882,298.63,298.15,1.3257,77.02758398
3.93,0.88262,0.83134,298.55,298.15,5.2858,77.02906085
3.8922,0.88254,0.83199,298.51,298.15,13.206,77.02977496
3.9466,0.88248,0.83347,298.47,298.15,3.2973,77.02909156
3.9638,0.88248,0.83529,298.42,298.15,1.3257,77.03005806
3.9003,0.88244,0.8355,298.39,298.15,12.543,77.03130769
3.9459,0.88234,0.83601,298.37,298.15,3.9601,77.03059338
3.9486,0.88237,0.83798,298.33,298.15,3.9601,77.03131249
3.8251,0.88216,0.83448,298.35,298.15,44.224,77.03198694
3.824,0.88172,0.83078,298.44,298.15,41.573,76.87954735
3.9571,0.88156,0.83374,298.45,298.15,1.9885,76.87396364
3.9374,0.88154,0.83574,298.41,298.15,5.2858,76.87502218
3.9432,0.8815,0.83686,298.38,298.15,4.623,76.87545065
3.9584,0.88147,0.83801,298.35,298.15,2.6344,76.87595046
3.9645,0.88145,0.83899,298.32,298.15,1.9716,76.87675022
3.9807,0.88144,0.84007,298.3,298.15,0,76.87762159
3.9484,0.88144,0.84081,298.28,298.15,4.623,76.87879209
3.9103,0.88137,0.84034,298.27,298.15,11.88,76.87912632
3.8683,0.88125,0.8392,298.27,298.15,25.086,76.87820548
3.8061,0.88089,0.83454,298.34,298.15,58.739,76.87506884
3.7609,0.8802,0.82662,298.56,298.15,90.42,76.72004894
3.7456,0.87938,0.82034,298.85,298.15,96.351,76.70634585
3.8147,0.8789,0.82322,298.96,298.15,40.927,76.54545228
3.8553,0.87865,0.82629,298.92,298.15,23.098,76.5400637
3.8676,0.87849,0.82846,298.85,298.15,19.801,76.53760113
3.8182,0.87824,0.82731,298.82,298.15,42.898,76.5356542
3.8628,0.87794,0.82779,298.82,298.15,21.126,76.52985616
3.8399,0.87773,0.82778,298.78,298.15,31.018,76.52768725
3.8309,0.87745,0.82693,298.77,298.15,34.978,76.37750228
3.8428,0.87719,0.82705,298.76,298.15,29.029,76.37302354
3.8714,0.877,0.82846,298.72,298.15,18.475,76.36953419
3.8972,0.87689,0.83023,298.67,298.15,11.88,76.36778848
3.8987,0.87679,0.83124,298.61,298.15,11.88,76.3671151
3.9028,0.8767,0.83211,298.57,298.15,11.217,76.36640093
3.8881,0.87659,0.83243,298.53,298.15,15.178,76.36576352
3.8675,0.87644,0.83196,298.51,298.15,21.772,76.36442975
3.8766,0.87626,0.83183,298.5,298.15,18.475,76.21562738
3.92,0.87616,0.83314,298.47,298.15,7.9202,76.2137303
3.8899,0.87608,0.83361,298.44,298.15,15.178,76.21358481
3.8438,0.87588,0.83195,298.44,298.15,32.327,76.21218598
3.852,0.87563,0.83105,298.46,298.15,27.721,76.20793309
3.8828,0.87545,0.83169,298.47,298.15,16.503,76.20446438
3.9281,0.87536,0.83363,298.44,298.15,6.5945,76.20286321
3.9713,0.87539,0.83608,298.39,298.15,0.66285,76.20290381
3.91,0.87539,0.83706,298.36,298.15,11.217,76.20391396
3.8971,0.87518,0.83514,298.36,298.15,13.852,76.20308511
3.8712,0.875,0.83422,298.36,298.15,21.772,76.20179782
3.8387,0.87475,0.8325,298.39,298.15,35.641,76.05283161
3.8072,0.87437,0.82867,298.47,298.15,52.144,76.04794887
3.8306,0.874,0.82782,298.54,298.15,36.304,76.04040217
3.872,0.87379,0.82963,298.55,298.15,19.138,76.03550671
3.9339,0.8737,0.83209,298.51,298.15,5.2858,76.03346063
3.8282,0.87352,0.82996,298.5,298.15,39.601,76.03371348
3.8032,0.87312,0.82656,298.57,298.15,52.807,75.88188046
3.8225,0.87271,0.82552,298.65,298.15,38.938,75.87429484
3.8593,0.87248,0.82717,298.65,298.15,22.435,75.86902873
3.8994,0.87236,0.82928,298.61,298.15,11.217,75.86649412
3.9247,0.87229,0.83103,298.56,298.15,6.5945,75.86580555
3.9525,0.87226,0.8327,298.5,298.15,2.6344,75.86585243
3.9641,0.87226,0.83425,298.45,298.15,1.3257,75.86652453
3.9562,0.87225,0.83535,298.41,298.15,2.6344,75.86736911
3.9571,0.87222,0.83599,298.38,298.15,2.6344,75.8679417
3.9624,0.87218,0.83643,298.35,298.15,1.9716,75.72211908
3.9683,0.87216,0.83729,298.32,298.15,1.3257,75.72273044
3.9793,0.87216,0.83819,298.3,298.15,0,75.72341739
3.9704,0.87216,0.83897,298.28,298.15,1.3257,75.72429741
3.9714,0.87218,0.8398,298.26,298.15,1.3257,75.72491668
3.9719,0.87217,0.84019,298.24,298.15,1.3257,75.72550812
3.9723,0.87216,0.84054,298.23,298.15,1.3257,75.72607371
3.9728,0.87215,0.84093,298.22,298.15,1.3257,75.7266151
3.9733,0.87214,0.84139,298.21,298.15,1.3257,75.72713375
3.9739,0.87214,0.84197,298.2,298.15,1.3257,75.72763095
3.9514,0.87211,0.84208,298.2,298.15,4.623,75.72810783
3.9032,0.87205,0.8413,298.19,298.15,14.515,75.72800715
3.8526,0.87185,0.83865,298.22,298.15,33.007,75.72624501
3.8085,0.87145,0.83374,298.32,298.15,57.43,75.72145156
3.7687,0.87084,0.8273,298.5,298.15,85.151,75.71273026
3.7341,0.87,0.81938,298.8,298.15,110.2,75.55328505
3.7305,0.86909,0.81412,299.13,298.15,104.31,75.53634551
3.7816,0.86847,0.8158,299.27,298.15,56.767,75.37418915
3.8771,0.86825,0.82134,299.19,298.15,13.852,75.36614202
3.9243,0.86819,0.82542,299.05,298.15,5.2858,75.36512314
3.8549,0.86808,0.82586,298.95,298.15,23.761,75.36546259
3.8543,0.86786,0.8256,298.89,298.15,23.761,75.21630897
3.8744,0.86771,0.82669,298.83,298.15,17.166,75.21350931
3.876,0.86759,0.82775,298.76,298.15,17.166,75.2117854
3.8694,0.86741,0.82741,298.71,298.15,19.138,75.21003646
3.8757,0.86725,0.82762,298.67,298.15,17.149,75.20794266
3.9148,0.86714,0.82888,298.62,298.15,7.9202,75.20616517
3.95,0.86711,0.83077,298.56,298.15,2.6344,75.20590406
3.9125,0.86708,0.83173,298.51,298.15,9.2459,75.20649341
3.9034,0.867,0.83157,298.47,298.15,11.217,75.20592572
3.8954,0.8669,0.83155,298.44,298.15,13.189,75.20500736
3.8881,0.86679,0.83147,298.42,298.15,15.178,75.20374582
3.8524,0.86663,0.83049,298.41,298.15,27.721,75.20214503
3.8246,0.86636,0.82785,298.45,298.15,40.264,75.05212969
3.8231,0.86599,0.82551,298.52,298.15,38.938,75.04645766
3.8662,0.86575,0.8266,298.54,298.15,19.801,75.04104889
3.944,0.86571,0.82972,298.49,298.15,3.2973,75.03880272
3.8997,0.86567,0.83084,298.44,298.15,11.88,75.03928456
3.9184,0.8656,0.83118,298.42,298.15,7.9202,75.03828045
3.9679,0.8656,0.83312,298.38,298.15,0.66285,75.03791597
3.8975,0.86553,0.83293,298.35,298.15,13.206,75.0387445
3.858,0.86537,0.83116,298.35,298.15,25.732,75.03742726
3.8046,0.86503,0.827,298.41,298.15,52.807,74.88769238
3.7392,0.86436,0.81843,298.61,298.15,101.64,74.8799566
3.6758,0.86324,0.80572,299.08,298.15,162.36,74.86450376
3.6593,0.86186,0.79596,299.73,298.15,169.64,74.69342798
3.7181,0.86082,0.79718,300.1,298.15,90.42,74.52164249
3.8232,0.86042,0.80474,300.02,298.15,22.435,74.36245695
3.8877,0.86032,0.81071,299.78,298.15,7.2574,74.36044072
3.8683,0.86025,0.81356,299.57,298.15,12.543,74.36079976
3.9164,0.86018,0.81618,299.39,298.15,3.9601,74.36018818
3.8894,0.86011,0.81767,299.23,298.15,9.2459,74.36093002
3.9397,0.86004,0.81903,299.09,298.15,1.3257,74.36071531
3.8412,0.85999,0.81908,298.97,298.15,24.423,74.36176837
3.7896,0.85966,0.81544,298.95,298.15,49.493,74.35895204
3.7573,0.85915,0.81089,299.03,298.15,69.293,74.20576464
3.7421,0.85852,0.80659,299.17,298.15,77.214,74.19585957
3.7534,0.85795,0.80504,299.28,298.15,64.67,74.03845538
3.7867,0.85754,0.80653,299.29,298.15,41.573,74.0295151
3.8476,0.85734,0.81012,299.19,298.15,16.503,74.02428868
3.9168,0.85729,0.81397,299.05,298.15,3.2973,74.02308691
3.9397,0.85727,0.81624,298.94,298.15,0.66285,74.02399223
3.9378,0.85726,0.81792,298.83,298.15,1.3257,74.02525693
3.94,0.85725,0.81915,298.74,298.15,1.3257,74.02633364
3.9421,0.85724,0.82034,298.66,298.15,1.3257,74.02734542
3.9439,0.85723,0.82136,298.59,298.15,1.3257,74.02829987
3.9454,0.85721,0.82222,298.53,298.15,1.3257,74.02920316
3.9468,0.8572,0.82303,298.48,298.15,1.3257,74.03006038
3.9481,0.85719,0.82378,298.43,298.15,1.3257,74.03087579
3.9494,0.85718,0.82448,298.39,298.15,1.3257,74.03165295
3.9505,0.85717,0.82513,298.36,298.15,1.3257,74.03239488
3.9515,0.85716,0.82573,298.33,298.15,1.3257,74.03310417
3.9524,0.85715,0.82627,298.31,298.15,1.3257,74.03378304
3.9533,0.85714,0.82679,298.28,298.15,1.3257,74.03443342
3.9541,0.85713,0.82729,298.27,298.15,1.3257,74.035057
3.9549,0.85712,0.82778,298.25,298.15,1.3257,74.03565528
3.9557,0.85711,0.82824,298.23,298.15,1.3257,74.03622959
3.9564,0.85709,0.82868,298.22,298.15,1.3257,74.03678111
3.9571,0.85708,0.8291,298.21,298.15,1.3257,74.03731093
3.9578,0.85707,0.8295,298.2,298.15,1.3257,74.03782003
3.9584,0.85706,0.82988,298.2,298.15,1.3257,74.03830929
3.959,0.85705,0.83024,298.19,298.15,1.3257,74.03877956
3.9595,0.85704,0.83059,298.19,298.15,1.3257,74.03923158
3.96,0.85703,0.83094,298.18,298.15,1.3257,74.03966608
3.9606,0.85702,0.83127,298.18,298.15,1.3257,74.04008371
3.9611,0.85701,0.8316,298.17,298.15,1.3257,74.04048511
3.9616,0.857,0.83191,298.17,298.15,1.3257,74.04087086
3.962,0.85699,0.83222,298.17,298.15,1.3257,74.04124151
3.9625,0.85698,0.83252,298.16,298.15,1.3257,74.04159761
3.9629,0.85696,0.83281,298.16,298.15,1.3257,73.89558421
3.9633,0.85695,0.8331,298.16,298.15,1.3257,73.8959133
3.9638,0.85694,0.83337,298.16,298.15,1.3257,73.89622926
3.9641,0.85693,0.83364,298.16,298.15,1.3257,73.89653254
3.9645,0.85692,0.83389,298.16,298.15,1.3257,73.89682355
3.9649,0.85691,0.83414,298.16,298.15,1.3257,73.89710269
3.9652,0.8569,0.83438,298.16,298.15,1.3257,73.89737034
3.9656,0.85689,0.83462,298.16,298.15,1.3257,73.89762688
3.9659,0.85688,0.83485,298.16,298.15,1.3257,73.89787267
3.9662,0.85687,0.83508,298.16,298.15,1.3257,73.89810804
3.9665,0.85686,0.8353,298.16,298.15,1.3257,73.89833333
3.9668,0.85684,0.83552,298.16,298.15,1.3257,73.89854885
3.9671,0.85683,0.83573,298.15,298.15,1.3257,73.89875492
3.9674,0.85682,0.83595,298.15,298.15,1.3257,73.89895182
3.9677,0.85681,0.83615,298.15,298.15,1.3257,73.89913985
3.968,0.8568,0.83636,298.15,298.15,1.3257,73.89931928
3.9682,0.85679,0.83656,298.15,298.15,1.3257,73.89949038
3.9685,0.85678,0.83675,298.15,298.15,1.3257,73.89965341
3.9688,0.85677,0.83694,298.15,298.15,1.3257,73.8998086
3.969,0.85676,0.83713,298.15,298.15,1.3257,73.89995621
3.9692,0.85675,0.83731,298.15,298.15,1.3257,73.90009647
3.9695,0.85674,0.83749,298.15,298.15,1.3257,73.9002296
3.9697,0.85673,0.83766,298.15,298.15,1.3257,73.90035581
3.9699,0.85671,0.83783,298.15,298.15,1.3257,73.90047533
3.9701,0.8567,0.838,298.15,298.15,1.3257,73.90058834
3.9703,0.85669,0.83816,298.15,298.15,1.3257,73.90069505
3.9706,0.85668,0.83833,298.15,298.15,1.3257,73.90079564
3.9708,0.85667,0.83849,298.15,298.15,1.3257,73.90089031
3.971,0.85666,0.83865,298.15,298.15,1.3257,73.90097922
3.9711,0.85665,0.8388,298.15,298.15,1.3257,73.90106255
3.9713,0.85664,0.83896,298.15,298.15,1.3257,73.90114046
3.9715,0.85663,0.83911,298.15,298.15,1.3257,73.90121312
3.9717,0.85662,0.83926,298.15,298.15,1.3257,73.90128067
3.9719,0.85661,0.83941,298.15,298.15,1.3257,73.90134328
3.9721,0.85659,0.83955,298.15,298.15,1.3257,73.90140108
3.9722,0.85658,0.83969,298.15,298.15,1.3257,73.90145422
3.9724,0.85657,0.83983,298.15,298.15,1.3257,73.90150283
3.9726,0.85656,0.83997,298.15,298.15,1.3257,73.90154705
3.9727,0.85655,0.8401,298.15,298.15,1.3257,73.901587
3.9729,0.85654,0.84024,298.15,298.15,1.3257,73.9016228
3.973,0.85653,0.84037,298.15,298.15,1.3257,73.90165457
3.9427,0.85651,0.84026,298.15,298.15,5.9317,73.90168244
3.8668,0.85637,0.83751,298.17,298.15,26.395,73.90094018
3.7979,0.85599,0.83147,298.27,298.15,64.67,73.89686836
3.7525,0.8553,0.82318,298.5,298.15,97.031,73.88672441
3.7448,0.8545,0.8176,298.78,298.15,95.688,73.72528628
3.7994,0.85394,0.81856,298.92,298.15,48.167,73.56426344
3.8891,0.85373,0.82286,298.88,298.15,11.88,73.55728638
3.945,0.85373,0.82673,298.77,298.15,2.6344,73.5561666
3.9053,0.85367,0.82766,298.69,298.15,9.8918,73.55651842
3.8999,0.85358,0.82797,298.63,298.15,11.217,73.55561603
3.8852,0.8535,0.82831,298.58,298.15,15.178,73.55447134
3.852,0.85332,0.8271,298.55,298.15,26.395,73.55266352
3.8267,0.85303,0.82456,298.57,298.15,36.967,73.54903764
3.8341,0.85272,0.82309,298.6,298.15,31.664,73.54374171
3.8796,0.85258,0.82497,298.57,298.15,15.178,73.39300215
3.9407,0.85251,0.82697,298.52,298.15,3.2973,73.3913031
3.9619,0.85251,0.82859,298.47,298.15,0.66285,73.39152993
3.9637,0.8525,0.82974,298.43,298.15,0.66285,73.39215034
3.9598,0.85249,0.83039,298.39,298.15,1.3257,73.39272563
3.9607,0.85248,0.83094,298.36,298.15,1.3257,73.39315123
3.9615,0.85247,0.83151,298.33,298.15,1.3257,73.39354475
3.9528,0.85246,0.83189,298.3,298.15,2.6344,73.39390998
3.9205,0.85242,0.83169,298.29,298.15,7.9202,73.3940324
3.8934,0.85233,0.83089,298.28,298.15,13.852,73.39326534
3.8485,0.85215,0.82885,298.29,298.15,29.029,73.39152975
3.7784,0.85173,0.82258,298.39,298.15,69.293,73.38736006
3.7126,0.85091,0.81222,298.68,298.15,123.39,73.37684864
3.7009,0.84989,0.80448,299.1,298.15,123.41,73.21176477
3.7716,0.84924,0.807,299.28,298.15,54.116,73.0470011
3.8656,0.84901,0.81249,299.2,298.15,13.206,73.03952429
3.8989,0.84897,0.81637,299.06,298.15,7.2574,73.03852103
3.914,0.84893,0.81868,298.94,298.15,5.2858,73.03841129
3.865,0.84884,0.81906,298.84,298.15,16.503,73.0385622
3.824,0.84863,0.81732,298.8,298.15,31.681,72.89048602
3.8542,0.84842,0.81762,298.76,298.15,19.138,72.88634103
3.8784,0.84831,0.81881,298.7,298.15,12.543,72.88421605
3.9124,0.84824,0.82019,298.64,298.15,5.9487,72.88313482
3.9141,0.84818,0.82112,298.58,298.15,5.9317,72.88309489
3.937,0.84815,0.82212,298.52,298.15,2.6344,72.8830177
3.9535,0.84815,0.82347,298.47,298.15,0.66285,72.88344647
3.9497,0.84814,0.82411,298.43,298.15,1.3257,72.88416112
3.9557,0.84813,0.82477,298.39,298.15,0.66285,72.88472488
3.9333,0.84812,0.82528,298.35,298.15,3.9601,72.88536385
3.9145,0.84812,0.82582,298.33,298.15,7.2574,72.88542594
3.8974,0.84805,0.82517,298.31,298.15,10.555,72.88492945
3.8756,0.84794,0.82427,298.31,298.15,15.84,72.88388901
3.8601,0.8478,0.82342,298.31,298.15,20.463,72.88199651
3.8008,0.84747,0.81908,298.38,298.15,46.858,72.87937595
3.8558,0.84723,0.81974,298.42,298.15,19.801,72.72624236
3.8972,0.84714,0.82144,298.4,298.15,9.2459,72.72384758
3.8987,0.84707,0.82229,298.37,298.15,9.2459,72.72314563
3.8724,0.84698,0.82229,298.36,298.15,15.84,72.72242127
3.7899,0.84667,0.81764,298.41,298.15,52.807,72.720618
3.8256,0.84634,0.81688,298.48,298.15,30.355,72.7129724
3.8998,0.84621,0.81911,298.46,298.15,7.9202,72.70895771
3.9457,0.84622,0.82166,298.42,298.15,1.3257,72.70854528
3.9475,0.8462,0.82269,298.38,298.15,1.3257,72.70917225
3.9489,0.84619,0.82349,298.35,298.15,1.3257,72.70975185
3.95,0.84618,0.82419,298.32,298.15,1.3257,72.7102904
3.9509,0.84617,0.82472,298.3,298.15,1.3257,72.71079265
3.9518,0.84616,0.82521,298.28,298.15,1.3257,72.71126254
3.9525,0.84615,0.82567,298.26,298.15,1.3257,72.71170337
3.9532,0.84614,0.82608,298.25,298.15,1.3257,72.71211793
3.9538,0.84613,0.82646,298.23,298.15,1.3257,72.7125086
3.9544,0.84611,0.8268,298.22,298.15,1.3257,72.7128774
3.9549,0.8461,0.82711,298.21,298.15,1.3257,72.71322609
3.9554,0.84609,0.82741,298.2,298.15,1.3257,72.567201
3.9558,0.84608,0.8277,298.2,298.15,1.3257,72.56751441
3.9563,0.84607,0.82797,298.19,298.15,1.3257,72.5678117
3.9567,0.84606,0.82824,298.18,298.15,1.3257,72.56809387
3.9571,0.84605,0.82848,298.18,298.15,1.3257,72.56836184
3.9575,0.84604,0.82872,298.18,298.15,1.3257,72.5686164
3.9578,0.84603,0.82895,298.17,298.15,1.3257,72.56885828
3.9582,0.84602,0.82916,298.17,298.15,1.3257,72.56908813
3.9585,0.84601,0.82936,298.17,298.15,1.3257,72.56930653
3.9588,0.846,0.82956,298.17,298.15,1.3257,72.56951402
3.9591,0.84598,0.82975,298.16,298.15,1.3257,72.5697111
3.9594,0.84597,0.82994,298.16,298.15,1.3257,72.56989821
3.9597,0.84596,0.83012,298.16,298.15,1.3257,72.57007577
3.96,0.84595,0.83029,298.16,298.15,1.3257,72.57024417
3.9602,0.84594,0.83046,298.16,298.15,1.3257,72.57040378
3.9605,0.84593,0.83063,298.16,298.15,1.3257,72.57055493
3.9607,0.84592,0.83079,298.16,298.15,1.3257,72.57069794
3.961,0.84591,0.83094,298.16,298.15,1.3257,72.57083311
3.9612,0.8459,0.83109,298.16,298.15,1.3257,72.57096072
3.9614,0.84589,0.83124,298.16,298.15,1.3257,72.57108105
3.9616,0.84588,0.83139,298.16,298.15,1.3257,72.57119434
3.9618,0.84587,0.83153,298.16,298.15,1.3257,72.57130084
3.9574,0.84585,0.83162,298.16,298.15,1.9716,72.57140078
3.9437,0.84583,0.8315,298.16,298.15,3.9601,72.57138801
3.891,0.84576,0.8305,298.16,298.15,14.515,72.57104502
3.8236,0.84558,0.82744,298.19,298.15,41.573,72.56899616
3.7612,0.84501,0.81922,298.35,298.15,80.511,72.56268083
3.7044,0.84412,0.80877,298.69,298.15,127.37,72.55038865
3.6583,0.84285,0.7962,299.25,298.15,172.24,72.384823
3.6392,0.84133,0.78524,299.97,298.15,188.74,72.21295634
3.633,0.83978,0.77708,300.63,298.15,192.01,72.0392827
3.6244,0.83816,0.76942,301.25,298.15,203.29,71.71939502
3.6087,0.83637,0.76013,301.92,298.15,230.96,71.54484021
3.6133,0.83453,0.75381,302.55,298.15,219.11,71.36703037
3.6582,0.83311,0.7561,302.78,298.15,139.25,71.19134096
3.7374,0.83238,0.76486,302.52,298.15,52.144,71.02673746
3.8118,0.83216,0.7737,301.99,298.15,15.84,71.02059217
3.7969,0.83204,0.77845,301.49,298.15,21.772,70.87328631
3.8158,0.83188,0.7817,301.08,298.15,15.84,70.87143532
3.8734,0.83183,0.78569,300.69,298.15,3.9601,70.87044872
3.8292,0.83175,0.7876,300.35,298.15,13.206,70.87122884
3.7937,0.83157,0.78727,300.09,298.15,25.086,70.87057417
3.8052,0.83134,0.78745,299.89,298.15,20.463,70.86812458
3.8962,0.83127,0.79062,299.67,298.15,1.3257,70.86636683
3.81,0.83118,0.79086,299.47,298.15,19.801,70.86750995
3.772,0.83093,0.78922,299.36,298.15,36.287,70.8657854
3.7359,0.83052,0.78565,299.33,298.15,58.739,70.86159172
3.7326,0.82999,0.7826,299.39,298.15,59.402,70.70778769
3.7543,0.82959,0.78279,299.38,298.15,43.561,70.7003195
3.7872,0.82931,0.78456,299.3,298.15,26.395,70.69522132
3.7882,0.82912,0.78585,299.2,298.15,26.395,70.54631938
3.7758,0.82889,0.78591,299.12,298.15,32.344,70.54375949
3.7311,0.82859,0.78419,299.08,298.15,61.373,70.5403062
3.7,0.82783,0.77631,299.27,298.15,85.797,70.53260664
3.6852,0.82703,0.77147,299.48,298.15,99.665,70.37513179
3.671,0.82617,0.76627,299.71,298.15,114.79,70.3621843
3.6718,0.82524,0.76231,299.95,298.15,112.17,70.20093273
3.6849,0.8244,0.76109,300.11,298.15,95.688,70.04020365
3.7247,0.82379,0.76353,300.12,298.15,57.413,70.0282335
3.7657,0.82348,0.76798,299.97,298.15,31.681,69.87529177
3.781,0.82326,0.77095,299.79,298.15,25.069,69.87234879
3.7993,0.82306,0.77316,299.62,298.15,18.475,69.87031717
3.7845,0.82294,0.77509,299.44,298.15,24.423,69.86920847
3.7193,0.82256,0.7714,299.39,298.15,64.024,69.86719726
3.6708,0.82176,0.76299,299.55,298.15,112.19,69.71314436
3.6842,0.82091,0.75925,299.76,298.15,94.38,69.69883904
3.7268,0.82031,0.76074,299.81,298.15,54.116,69.54078491
3.7181,0.8199,0.76167,299.73,298.15,61.373,69.53473584
3.7169,0.81939,0.76098,299.72,298.15,62.036,69.52764824
3.7158,0.81888,0.76028,299.7,298.15,62.699,69.37414963
3.7335,0.81843,0.76087,299.67,298.15,48.847,69.36693092
3.7705,0.81813,0.76332,299.57,298.15,27.721,69.36165445
3.808,0.81796,0.76661,299.42,298.15,14.515,69.21300125
3.7173,0.81763,0.76359,299.34,298.15,62.036,69.21256204
3.7034,0.81707,0.75991,299.4,298.15,73.253,69.20535568
3.7099,0.81649,0.75823,299.47,298.15,66.659,69.19663582
3.6755,0.81579,0.75337,299.57,298.15,100.97,69.04254298
3.6464,0.81479,0.74561,299.85,298.15,137.26,69.03012893
3.6536,0.81372,0.74116,300.15,298.15,125.38,68.8666238
3.6983,0.81294,0.74331,300.25,298.15,73.253,68.70486149
3.7219,0.81244,0.74646,300.15,298.15,53.47,68.69650825
3.692,0.81191,0.7452,300.08,298.15,79.865,68.54448885
3.6631,0.8111,0.74025,300.16,298.15,111.51,68.53522317
3.674,0.81026,0.73808,300.27,298.15,96.997,68.37541784
3.6941,0.80957,0.73876,300.28,298.15,75.242,68.36398335
3.775,0.80921,0.74441,300.13,298.15,22.435,68.20915369
3.8362,0.80911,0.74988,299.88,298.15,6.5945,68.20788303
3.8014,0.80904,0.75254,299.65,298.15,14.515,68.20878549
3.7557,0.80884,0.75246,299.49,298.15,32.344,68.2085099
3.6628,0.80818,0.74335,299.56,298.15,111.51,68.20570289
3.6535,0.80725,0.73717,299.78,298.15,121.42,68.04581283
3.6214,0.80603,0.72702,300.15,298.15,166.31,67.88475389
3.6204,0.80466,0.72038,300.59,298.15,164.98,67.71797152
3.6661,0.80366,0.72273,300.75,298.15,99.665,67.55156401
3.6605,0.80281,0.72206,300.77,298.15,106.21,67.54010204
3.655,0.80191,0.72013,300.81,298.15,112.19,67.38141789
3.6495,0.80097,0.71764,300.87,298.15,118.09,67.36835491
3.7355,0.80037,0.72376,300.76,298.15,37.629,67.20824968
3.7464,0.80009,0.72819,300.49,298.15,32.344,67.20514581
3.7413,0.79984,0.7311,300.24,298.15,35.641,67.05634015
3.673,0.79925,0.72601,300.15,298.15,91.082,67.05342557
3.6641,0.79847,0.72216,300.2,298.15,99.648,67.04310068
3.6561,0.7976,0.71822,300.29,298.15,107.55,66.88538293
3.6774,0.79684,0.71813,300.33,298.15,82.482,66.726683
3.7626,0.79649,0.72488,300.16,298.15,23.761,66.71768746
3.7502,0.79624,0.72727,299.95,298.15,29.692,66.71651628
3.8079,0.79612,0.73193,299.73,298.15,10.555,66.7144729
3.6922,0.79573,0.72774,299.62,298.15,70.619,66.71503307
3.6761,0.79506,0.72327,299.68,298.15,85.151,66.56107743
3.685,0.7944,0.72161,299.73,298.15,75.242,66.55160917
3.6618,0.79368,0.71793,299.79,298.15,98.986,66.39713882
3.6733,0.79293,0.71637,299.88,298.15,85.134,66.38593594
3.729,0.79244,0.72001,299.83,298.15,39.601,66.23024993
3.7601,0.79221,0.72409,299.67,298.15,24.423,66.22695461
3.7234,0.79193,0.72445,299.53,298.15,44.224,66.22566018
3.71,0.79152,0.72337,299.47,298.15,53.47,66.22165034
3.7326,0.79114,0.7243,299.42,298.15,38.275,66.07006246
3.8091,0.79096,0.72818,299.29,298.15,9.8918,66.06686305
3.6659,0.79047,0.7215,299.29,298.15,95.025,66.06750171
3.7175,0.78992,0.72202,299.34,298.15,47.504,65.91034519
3.7177,0.78953,0.72254,299.3,298.15,47.521,65.90590707
3.7827,0.78929,0.72611,299.22,298.15,16.503,65.90142935
3.8535,0.78924,0.73029,299.08,298.15,2.6344,65.90112916
3.832,0.78921,0.73264,298.95,298.15,5.9487,65.90270245
3.8056,0.78914,0.7337,298.85,298.15,11.217,65.90374747
3.8184,0.78906,0.73501,298.77,298.15,8.5831,65.904009
3.8157,0.789,0.73647,298.69,298.15,9.2459,65.9045983
3.7635,0.7889,0.73637,298.63,298.15,25.086,65.90505246
3.7457,0.78856,0.73342,298.65,298.15,33.007,65.75693445
3.771,0.78834,0.73427,298.64,298.15,21.772,65.75408994
3.8517,0.78827,0.73708,298.58,298.15,3.2973,65.75276595
3.7623,0.78814,0.73653,298.55,298.15,25.732,65.75397372
3.6811,0.78766,0.72969,298.63,298.15,81.836,65.75202593
3.6576,0.78685,0.72212,298.88,298.15,105.58,65.59620851
3.7487,0.78638,0.726,298.97,298.15,30.355,65.58375369
3.8547,0.78629,0.73169,298.88,298.15,2.6344,65.58130227
3.7358,0.78607,0.73017,298.82,298.15,38.275,65.58260412
3.7071,0.78565,0.72689,298.86,298.15,57.413,65.43261319
3.7875,0.78538,0.72982,298.84,298.15,15.84,65.42644656
3.8293,0.78531,0.73314,298.76,298.15,6.5945,65.42589067
3.7697,0.7852,0.73346,298.69,298.15,22.435,65.42656395
3.7021,0.78479,0.72849,298.73,298.15,62.036,65.42501407
3.7004,0.78428,0.7256,298.82,298.15,62.682,65.27178045
3.7013,0.78379,0.72389,298.89,298.15,61.373,65.26488627
3.6992,0.78328,0.72224,298.97,298.15,62.699,65.25818429
3.7069,0.78279,0.72135,299.02,298.15,56.104,65.10497522
3.6648,0.78214,0.71651,299.13,298.15,95.025,65.09902842
3.6344,0.78119,0.7087,299.39,298.15,130.65,65.08799232
3.5806,0.77973,0.69421,299.91,298.15,214.51,64.92613792
3.6118,0.77827,0.69034,300.43,298.15,155.07,64.60757816
3.6222,0.77709,0.68887,300.68,298.15,137.92,64.58938398
3.656,0.77615,0.69094,300.76,298.15,93.717,64.42704307
3.7216,0.77568,0.69786,300.57,298.15,38.938,64.27033353
3.7419,0.77542,0.70286,300.31,298.15,29.046,64.26704794
3.7325,0.77516,0.70517,300.08,298.15,34.315,64.26502005
3.7329,0.77487,0.70663,299.89,298.15,34.315,64.26226799
3.724,0.77457,0.70739,299.73,298.15,39.601,64.11315569
3.7145,0.77421,0.70698,299.62,298.15,45.533,64.1097015
3.6986,0.77378,0.70565,299.55,298.15,56.75,64.10546394
3.7209,0.7734,0.70636,299.48,298.15,40.927,64.09976036
3.7405,0.77312,0.70824,299.38,298.15,30.355,63.94980125
3.6605,0.77255,0.70213,299.39,298.15,91.745,63.94758565
3.6613,0.77182,0.69863,299.5,298.15,89.111,63.93736291
3.676,0.77115,0.69763,299.58,298.15,73.27,63.78121827
3.7321,0.77077,0.7015,299.51,298.15,33.007,63.77349541
3.7334,0.77054,0.70432,299.38,298.15,33.007,63.62466425
3.746,0.77025,0.70554,299.29,298.15,27.058,63.62216337
3.7341,0.77001,0.70615,299.2,298.15,33.007,63.62042817
3.7044,0.76967,0.7049,299.14,298.15,51.481,63.6178781
3.6809,0.76916,0.70156,299.17,298.15,69.956,63.61288765
3.672,0.76855,0.69857,299.25,298.15,77.231,63.45917184
3.699,0.76801,0.69881,299.3,298.15,53.453,63.4509143
3.7401,0.76772,0.70223,299.22,298.15,29.029,63.29939204
3.7549,0.76754,0.70509,299.12,298.15,23.098,63.29742721
3.8344,0.7674,0.70796,299.02,298.15,3.9601,63.29621045
3.785,0.76731,0.70964,298.91,298.15,13.852,63.29753832
3.7718,0.76717,0.70999,298.83,298.15,17.812,63.29746302
3.7343,0.76697,0.70932,298.78,298.15,33.652,63.29682172
3.6688,0.76647,0.7033,298.84,298.15,82.499,63.29404661
3.6185,0.76551,0.69233,299.13,298.15,140.56,63.13857431
3.6093,0.76431,0.68418,299.55,298.15,149.82,62.97585671
3.6239,0.76321,0.68091,299.87,298.15,126.04,62.95852884
3.6356,0.76225,0.67952,300.05,298.15,109.54,62.79792252
3.654,0.76146,0.68014,300.13,298.15,87.768,62.63942738
3.6957,0.76093,0.68391,300.05,298.15,50.818,62.63006106
3.7546,0.76069,0.68964,299.86,298.15,20.463,62.47904507
3.7601,0.76055,0.69338,299.65,298.15,19.138,62.47831159
3.6806,0.76014,0.69001,299.56,298.15,65.35,62.47770338
3.6664,0.75956,0.68684,299.57,298.15,77.214,62.47107034
3.6467,0.75883,0.68256,299.65,298.15,96.351,62.31661389
3.6352,0.75801,0.67868,299.78,298.15,108.21,62.30615715
3.5888,0.75681,0.6684,300.09,298.15,170.93,62.14793131
3.5531,0.75512,0.65501,300.7,298.15,229.04,61.98211393
3.5457,0.75322,0.64494,301.43,298.15,235.6,61.80961473
3.5285,0.75115,0.63466,302.19,298.15,264.61,61.4903152
3.559,0.74933,0.63376,302.7,298.15,197.34,61.31433837
3.5374,0.74754,0.62798,303.07,298.15,236.31,61.1463518
3.5327,0.74558,0.62205,303.54,298.15,239.56,60.82764828
3.5594,0.7439,0.62289,303.77,298.15,184.14,60.65519647
3.5712,0.7425,0.6242,303.74,298.15,162.99,60.48920095
3.5716,0.74119,0.624,303.65,298.15,160.99,60.32567603
3.5873,0.73999,0.62526,303.51,298.15,135.27,60.16243729
3.6013,0.73898,0.62736,303.26,298.15,115.47,60.00223777
3.6191,0.73814,0.63021,302.94,298.15,93.7,59.84436605
3.6331,0.73744,0.6332,302.58,298.15,79.202,59.83544856
3.65,0.73688,0.63664,302.19,298.15,64.024,59.68188951
3.6412,0.73631,0.63772,301.85,298.15,72.591,59.67652887
3.6176,0.7356,0.63573,301.63,298.15,97.014,59.67010582
3.6298,0.73487,0.63567,301.47,298.15,82.499,59.51442507
3.6668,0.73435,0.63905,301.22,298.15,50.156,59.50687281
3.6799,0.734,0.6424,300.92,298.15,42.235,59.356908
3.6691,0.73363,0.64362,300.66,298.15,50.156,59.35424258
3.6487,0.73315,0.6426,300.48,298.15,66.659,59.35056907
3.6472,0.73257,0.64149,300.39,298.15,67.322,59.19851195
3.7633,0.73229,0.64732,300.18,298.15,9.8918,59.19275669
3.6287,0.73184,0.64321,300.04,298.15,87.105,59.19415423
3.5617,0.73071,0.63072,300.29,298.15,173.6,59.0395424
3.5278,0.72903,0.61694,300.92,298.15,225.71,58.87485837
3.5287,0.72724,0.60889,301.59,298.15,214.46,58.70453456
3.5579,0.72575,0.60853,301.97,298.15,159.05,58.53575084
3.6195,0.72483,0.61529,301.92,298.15,79.865,58.37333338
3.727,0.72449,0.62557,301.53,298.15,15.84,58.22005264
3.7247,0.72437,0.63201,301.09,298.15,17.812,58.22081524
3.6441,0.72401,0.63092,300.8,298.15,64.687,58.22123819
3.5607,0.72302,0.61983,300.87,298.15,164.35,58.21587564
3.5128,0.72128,0.60404,301.46,298.15,240.21,58.05257472
3.5199,0.71946,0.59696,302.1,298.15,215.15,57.73472036
3.5813,0.71818,0.60179,302.29,298.15,114.81,57.56630807
3.6473,0.71755,0.61029,302.01,298.15,50.818,57.55552116
3.8061,0.71739,0.62048,301.54,298.15,0.66285,57.40576914
3.686,0.71724,0.62373,301.11,298.15,31.681,57.4084527
3.6594,0.7169,0.62404,300.81,298.15,48.184,57.4071761
3.6258,0.71638,0.6217,300.64,298.15,75.888,57.40387858
3.5806,0.71552,0.61502,300.66,298.15,126.04,57.25092451
3.5769,0.71448,0.61022,300.83,298.15,126.72,57.23854819
3.5792,0.71346,0.6074,300.96,298.15,120.79,57.07985934
3.5842,0.71253,0.60642,301.02,298.15,112.85,56.92191113
3.5875,0.71163,0.60554,301.06,298.15,107.55,56.91126639
3.6101,0.71087,0.60713,301.01,298.15,81.836,56.7549266
3.6363,0.71032,0.61034,300.85,298.15,58.739,56.60155725
3.7543,0.71011,0.618,300.55,298.15,7.9202,56.59724423
3.6842,0.70992,0.6202,300.27,298.15,31.018,56.59904131
3.6044,0.70937,0.61499,300.17,298.15,93.717,56.59790334
3.5876,0.70851,0.60966,300.28,298.15,110.2,56.442961
3.581,0.70758,0.60575,300.43,298.15,115.47,56.43255396
3.5742,0.70658,0.60201,300.6,298.15,121.44,56.27526062
3.5864,0.70568,0.60111,300.7,298.15,104.25,56.11734051
3.583,0.70482,0.60006,300.75,298.15,107.59,56.10778531
3.5803,0.70392,0.59835,300.82,298.15,109.54,55.95151913
3.5828,0.70307,0.59766,300.86,298.15,105.6,55.79505536
3.5497,0.70199,0.59176,301.01,298.15,147.2,55.78543966
3.5369,0.70071,0.58613,301.3,298.15,161.7,55.62484899
3.5387,0.69941,0.58271,301.58,298.15,154.44,55.462785
3.5706,0.69838,0.58474,301.66,298.15,108.91,55.30161937
3.6233,0.69776,0.59098,301.47,298.15,57.413,55.14551789
3.6249,0.69729,0.59424,301.2,298.15,58.076,55.14159613
3.6179,0.69677,0.59515,300.99,298.15,64.67,55.1375267
3.6246,0.69627,0.59645,300.8,298.15,59.402,54.98631588
3.6321,0.69581,0.59805,300.61,298.15,54.116,54.98207037
3.6098,0.69528,0.59708,300.48,298.15,73.253,54.97840958
3.5942,0.69461,0.59474,300.44,298.15,87.785,54.82616671
3.6049,0.69394,0.59437,300.42,298.15,75.905,54.81864342
3.5966,0.69329,0.59334,300.39,298.15,83.825,54.66613299
3.5697,0.69248,0.5894,300.45,298.15,112.85,54.65908382
3.565,0.69151,0.58582,300.61,298.15,115.47,54.50243178
3.5857,0.69067,0.58602,300.68,298.15,89.757,54.49190417
3.6237,0.6901,0.58962,300.58,298.15,55.441,54.33794291
3.6345,0.68969,0.59252,300.41,298.15,48.847,54.33421176
3.6358,0.68929,0.59417,300.25,298.15,48.847,54.18484031
3.609,0.6888,0.59298,300.14,298.15,70.619,54.18180449
3.5719,0.68806,0.58818,300.19,298.15,108.21,54.17623476
3.5445,0.68701,0.5813,300.42,298.15,139.88,54.02010119
3.5617,0.68597,0.57923,300.65,298.15,112.85,53.86055743
3.5862,0.68519,0.58077,300.69,298.15,84.488,53.85042237
3.5861,0.68451,0.58134,300.65,298.15,85.134,53.69709396
3.5845,0.6838,0.58096,300.62,298.15,86.459,53.69002507
3.5996,0.68314,0.58168,300.58,298.15,71.282,53.53646746
3.6294,0.68267,0.58492,300.44,298.15,48.184,53.53096625
3.631,0.68229,0.58697,300.27,298.15,48.167,53.38171029
3.5563,0.68153,0.5802,300.29,298.15,120.76,53.37878642
3.5331,0.68041,0.57267,300.57,298.15,147.15,53.22135515
3.5457,0.67932,0.57018,300.82,298.15,125.38,53.20755337
3.5708,0.67845,0.57141,300.89,298.15,93.717,53.04984172
3.5183,0.67737,0.56469,301.05,298.15,162.99,52.89559332
3.4683,0.67561,0.55037,301.68,298.15,246.82,52.73390934
3.5145,0.67405,0.55048,302.17,298.15,155.75,52.56382254
3.5603,0.67308,0.55612,302.15,298.15,94.363,52.40329568
3.5526,0.67226,0.55752,302,298.15,104.93,52.24921693
3.5115,0.67115,0.55199,302.04,298.15,161.7,52.24033456
3.4959,0.66972,0.54542,302.33,298.15,183.44,52.07915859
3.5421,0.66856,0.5481,302.42,298.15,110.88,51.91590041
3.6121,0.66797,0.55615,302.12,298.15,44.887,51.76025029
3.6508,0.66771,0.56314,301.67,298.15,25.732,51.75803368
3.6816,0.66755,0.56853,301.23,298.15,15.84,51.75789127
3.6868,0.66743,0.57253,300.84,298.15,15.178,51.7588322
3.7615,0.66737,0.57673,300.48,298.15,1.9716,51.75979902
3.6734,0.66728,0.57839,300.17,298.15,21.109,51.76229148
3.6339,0.66701,0.57757,299.98,298.15,40.247,51.76245833
3.6153,0.66661,0.5758,299.87,298.15,52.144,51.61406218
3.6738,0.66636,0.57897,299.72,298.15,21.109,51.61067495
3.7044,0.66625,0.5823,299.54,298.15,12.543,51.61082113
3.6259,0.66595,0.58005,299.43,298.15,46.858,51.6119188
3.6618,0.66568,0.5817,299.35,298.15,27.058,51.60901087
3.6628,0.66547,0.58283,299.25,298.15,27.058,51.46202068
3.6302,0.66515,0.58155,299.2,298.15,44.87,51.46135142
3.6296,0.66478,0.58077,299.18,298.15,44.87,51.4586154
3.617,0.66438,0.57964,299.19,298.15,53.453,51.45587155
3.5951,0.66387,0.57706,299.24,298.15,70.619,51.30578935
3.603,0.66333,0.57581,299.31,298.15,62.682,51.30016739
3.6135,0.66286,0.5758,299.34,298.15,54.116,51.29543699
3.6573,0.66253,0.57865,299.3,298.15,28.384,51.14530814
3.7114,0.66241,0.58282,299.18,298.15,11.217,51.14444392
3.6982,0.66233,0.58531,299.05,298.15,15.178,51.145526
3.6542,0.66209,0.5843,298.99,298.15,32.344,51.14608356
3.6258,0.66172,0.58198,299,298.15,48.83,51.14460893
3.6443,0.66138,0.58219,299,298.15,36.95,51.14124015
3.668,0.66113,0.58393,298.96,298.15,25.732,50.99286879
3.7827,0.66104,0.58773,298.88,298.15,0.66285,50.99212345
3.6763,0.66094,0.58816,298.8,298.15,23.761,50.99430027
3.6449,0.66067,0.58654,298.79,298.15,38.938,50.99367289
3.6576,0.66036,0.58614,298.81,298.15,31.681,50.99127964
3.6992,0.66017,0.5882,298.77,298.15,15.84,50.9897103
3.7552,0.6601,0.59101,298.7,298.15,4.623,50.98995591
3.6532,0.65991,0.58932,298.67,298.15,35.624,50.99149187
3.4855,0.65873,0.56738,299.13,298.15,225.71,50.84298991
3.4833,0.65691,0.55349,300.1,298.15,214.49,50.67413005
3.5122,0.6554,0.55041,300.73,298.15,159.03,50.50683036
3.574,0.65448,0.55568,300.86,298.15,79.848,50.34539018
3.6823,0.65415,0.56506,300.63,298.15,15.84,50.19232109
3.6799,0.65402,0.57031,300.32,298.15,17.812,50.19267303
3.5977,0.65365,0.56839,300.14,298.15,64.687,50.19273777
3.5119,0.65265,0.55644,300.32,298.15,164.35,50.18754245
3.4652,0.65092,0.54008,301.02,298.15,240.21,50.02550536
3.4742,0.64909,0.53232,301.76,298.15,215.14,49.85611068
3.5349,0.64783,0.53689,302.01,298.15,114.81,49.54317817
3.5329,0.64686,0.53805,301.96,298.15,118.14,49.53315606
3.4602,0.64532,0.52548,302.29,298.15,240.19,49.37642084
3.5314,0.64396,0.5286,302.55,298.15,114.16,49.20767167
3.5305,0.64301,0.53043,302.42,298.15,116.15,49.05164232
3.6478,0.6425,0.53996,302.08,298.15,21.789,48.8953462
3.6071,0.64224,0.5442,301.62,298.15,44.224,48.89537969
3.5795,0.64178,0.54435,301.32,298.15,65.996,48.8928865
3.536,0.64102,0.53944,301.22,298.15,111.51,48.74171165
3.4907,0.6398,0.52962,301.42,298.15,175.54,48.73219563
3.4939,0.6384,0.52369,301.77,298.15,165.63,48.56999957
3.5107,0.63717,0.52245,301.96,298.15,137.26,48.40897447
3.6316,0.63659,0.53266,301.73,298.15,26.395,48.25085555
3.5969,0.63627,0.53663,301.35,298.15,47.504,48.25057672
3.6884,0.63608,0.54278,300.98,298.15,9.8918,48.2479239
3.6906,0.63599,0.54691,300.61,298.15,9.8918,48.2493786
3.7026,0.63591,0.55036,300.29,298.15,7.9202,48.10442269
3.7042,0.63585,0.55305,300.01,298.15,7.9202,48.10600811
3.674,0.63577,0.55483,299.76,298.15,15.178,48.10755246
3.7067,0.63568,0.55683,299.56,298.15,7.9202,48.10823689
3.7119,0.63564,0.55906,299.37,298.15,7.2574,48.10971438
3.6774,0.63555,0.55977,299.22,298.15,15.178,48.11122581
3.6389,0.63536,0.55912,299.12,298.15,29.692,48.11179567
3.663,0.63516,0.55976,299.05,298.15,19.801,48.11071792
3.7312,0.63509,0.56251,298.94,298.15,4.623,48.11072989
3.7697,0.63508,0.56512,298.83,298.15,0,48.112439
3.7713,0.63509,0.56713,298.74,298.15,0,48.11464128
3.7317,0.6351,0.56856,298.65,298.15,5.2858,48.11678805
3.6943,0.63499,0.56827,298.6,298.15,12.543,48.1182584
3.654,0.63482,0.56709,298.58,298.15,25.749,48.11885183
3.6534,0.63458,0.56607,298.59,298.15,25.732,48.11792614
3.6392,0.63432,0.5654,298.61,298.15,32.344,48.11699161
3.6266,0.63403,0.56413,298.64,298.15,38.938,47.96895414
3.6153,0.63368,0.56253,298.69,298.15,45.533,47.96654961
3.5642,0.6331,0.55682,298.83,298.15,87.122,47.96342186
3.5605,0.63238,0.55247,299.06,298.15,88.431,47.80948318
3.5876,0.63178,0.55241,299.19,298.15,62.036,47.80185825
3.6442,0.63144,0.55595,299.18,298.15,27.058,47.79705875
3.6538,0.63127,0.55884,299.09,298.15,23.761,47.64970379
3.5613,0.6308,0.55324,299.12,298.15,88.448,47.64903852
3.4993,0.6297,0.54051,299.5,298.15,165.59,47.6413945
3.4818,0.62821,0.52921,300.15,298.15,189.37,47.47962098
3.492,0.62675,0.52374,300.71,298.15,168.3,47.31572291
3.5047,0.62548,0.5217,301.05,298.15,146.52,47.15408129
3.5196,0.62438,0.5214,301.23,298.15,124.04,46.99469298
3.6114,0.62378,0.52941,301.1,298.15,36.95,46.83760399
3.605,0.62349,0.53438,300.79,298.15,42.235,46.83583393
3.5183,0.62272,0.52721,300.75,298.15,128.02,46.83343708
3.4574,0.6212,0.51195,301.21,298.15,227.68,46.67591247
3.4269,0.61902,0.49545,302.14,298.15,291.06,46.50895408
3.4279,0.61666,0.48504,303.14,298.15,285.09,46.19024363
3.445,0.61453,0.48143,303.83,298.15,243.52,45.87251204
3.4874,0.61294,0.48553,304.01,298.15,159.7,45.70512307
3.5332,0.61195,0.49311,303.72,298.15,94.38,45.54546819
3.5991,0.61146,0.50266,303.17,298.15,37.612,45.39197804
3.627,0.61124,0.50995,302.55,298.15,24.423,45.39045697
3.706,0.61114,0.51651,301.97,298.15,4.623,45.39025983
3.6611,0.61106,0.5204,301.46,298.15,13.852,45.39216485
3.5821,0.61077,0.51934,301.09,298.15,52.144,45.39303627
3.519,0.61005,0.51223,300.98,298.15,115.47,45.38988387
3.4752,0.60879,0.50087,301.23,298.15,179.48,45.23411273
3.486,0.60741,0.4953,301.58,298.15,157.74,45.07237578
3.499,0.60623,0.49372,301.74,298.15,135.94,44.9128796
3.514,0.60522,0.49414,301.76,298.15,114.16,44.75552542
3.5303,0.60439,0.49574,301.66,298.15,93.734,44.60029005
3.5872,0.60387,0.50144,301.41,298.15,42.898,44.59342607
3.6131,0.60359,0.50667,301.06,298.15,29.029,44.59159627
3.6346,0.60339,0.51081,300.72,298.15,20.463,44.59114503
3.6648,0.60327,0.51479,300.4,298.15,11.88,44.44520832
3.6889,0.60323,0.51859,300.09,298.15,7.2574,44.44650665
3.698,0.60317,0.52131,299.83,298.15,5.9317,44.44826339
3.6989,0.6031,0.52334,299.61,298.15,5.9317,44.45012099
3.729,0.60307,0.52575,299.42,298.15,1.9716,44.45193393
3.7413,0.60308,0.52824,299.24,298.15,0.66285,44.45414272
3.7367,0.60308,0.5303,299.09,298.15,1.3257,44.45644859
3.7376,0.60307,0.53196,298.96,298.15,1.3257,44.45862725
3.7382,0.60304,0.53317,298.85,298.15,1.3257,44.46075576
3.739,0.60303,0.53462,298.75,298.15,1.3257,44.46283454
3.7398,0.60302,0.53603,298.67,298.15,1.3257,44.46486415
3.7406,0.603,0.53732,298.6,298.15,1.3257,44.46684521
3.7413,0.60299,0.53849,298.53,298.15,1.3257,44.4687784
3.7419,0.60298,0.53959,298.48,298.15,1.3257,44.4706645
3.7426,0.60297,0.54065,298.44,298.15,1.3257,44.47250435
3.7432,0.60296,0.54168,298.4,298.15,1.3257,44.47429885
3.7438,0.60295,0.54267,298.36,298.15,1.3257,44.47604895
3.7445,0.60294,0.54362,298.33,298.15,1.3257,44.47775564
3.7451,0.60293,0.54453,298.31,298.15,1.3257,44.47941997
3.7456,0.60292,0.5454,298.29,298.15,1.3257,44.62739934
3.7462,0.60291,0.54624,298.27,298.15,1.3257,44.62898289
3.7467,0.60289,0.54705,298.25,298.15,1.3257,44.63052725
3.7473,0.60288,0.54784,298.24,298.15,1.3257,44.63203351
3.7478,0.60287,0.5486,298.23,298.15,1.3257,44.63350275
3.7483,0.60286,0.54934,298.22,298.15,1.3257,44.63493604
3.7488,0.60285,0.55007,298.21,298.15,1.3257,44.63633445
3.7493,0.60284,0.55077,298.2,298.15,1.3257,44.63769902
3.7498,0.60283,0.55144,298.19,298.15,1.3257,44.63903081
3.7503,0.60282,0.5521,298.19,298.15,1.3257,44.64033081
3.7508,0.60281,0.55273,298.18,298.15,1.3257,44.64160002
3.7512,0.6028,0.55335,298.18,298.15,1.3257,44.64283941
3.7517,0.60279,0.55395,298.18,298.15,1.3257,44.64404994
3.7521,0.60277,0.55454,298.17,298.15,1.3257,44.64523252
3.7526,0.60276,0.55512,298.17,298.15,1.3257,44.64638804
3.753,0.60275,0.55568,298.17,298.15,1.3257,44.64751739
3.7534,0.60274,0.55624,298.17,298.15,1.3257,44.6486214
3.7538,0.60273,0.55678,298.16,298.15,1.3257,44.64970089
3.7542,0.60272,0.55731,298.16,298.15,1.3257,44.65075667
3.7546,0.60271,0.55782,298.16,298.15,1.3257,44.65178949
3.755,0.6027,0.55832,298.16,298.15,1.3257,44.65280011
3.7554,0.60269,0.55881,298.16,298.15,1.3257,44.65378923
3.7558,0.60268,0.55929,298.16,298.15,1.3257,44.65475756
3.7561,0.60267,0.55977,298.16,298.15,1.3257,44.65570577
3.7565,0.60266,0.56023,298.16,298.15,1.3257,44.6566345
3.7569,0.60264,0.56068,298.16,298.15,1.3257,44.65754438
3.7572,0.60263,0.56112,298.16,298.15,1.3257,44.65843601
3.7576,0.60262,0.56156,298.16,298.15,1.3257,44.65930998
3.704,0.60261,0.5616,298.16,298.15,9.9088,44.66016684
3.619,0.60238,0.55731,298.21,298.15,42.235,44.66004295
3.5551,0.60177,0.54866,298.41,298.15,93.037,44.51007591
3.5244,0.60084,0.53895,298.77,298.15,125.4,44.50127463
3.5158,0.59976,0.5312,299.2,298.15,133.32,44.343004
3.5101,0.59864,0.52503,299.6,298.15,138.6,44.18411205
3.5032,0.59748,0.51919,299.97,298.15,146.52,44.1712129
3.4961,0.59623,0.51324,300.35,298.15,155.09,44.01134907
3.5067,0.59503,0.51015,300.65,298.15,137.29,43.8508186
3.5169,0.59399,0.50901,300.82,298.15,122.1,43.69213955
3.5228,0.59303,0.50809,300.9,298.15,113.52,43.53501704
3.5065,0.592,0.50442,301,298.15,134.59,43.52516361
3.4892,0.59078,0.49846,301.21,298.15,159.02,43.3670417
3.4826,0.58942,0.49269,301.49,298.15,167.63,43.20675924
3.4875,0.5881,0.48958,301.72,298.15,157.74,43.04584426
3.5124,0.58697,0.49022,301.8,298.15,119.45,42.88598895
3.5489,0.5862,0.49449,301.64,298.15,76.551,42.72978313
3.5885,0.58573,0.49989,301.35,298.15,44.207,42.72404813
3.5986,0.5854,0.50368,301.01,298.15,38.275,42.72147133
3.5885,0.58507,0.50544,300.73,298.15,44.887,42.57313228
3.5884,0.58471,0.50643,300.49,298.15,44.887,42.57049941
3.6428,0.58447,0.51006,300.24,298.15,18.475,42.56787598
3.6591,0.58435,0.51335,299.98,298.15,13.869,42.56793763
3.5829,0.58407,0.51177,299.81,298.15,49.51,42.56845364
3.5676,0.58361,0.50937,299.74,298.15,60.727,42.41896195
3.5513,0.58304,0.50646,299.73,298.15,74.579,42.41475939
3.5386,0.58237,0.50311,299.78,298.15,86.459,42.40921755
3.5178,0.58158,0.49852,299.89,298.15,109.54,42.25621954
3.5039,0.58059,0.49267,300.1,298.15,126.08,42.2474215
3.4941,0.5795,0.48744,300.36,298.15,138.57,42.09081658
3.5088,0.57846,0.48544,300.56,298.15,116.8,41.93314863
3.5415,0.5777,0.48801,300.57,298.15,78.539,41.7775802
3.5595,0.57713,0.4905,300.46,298.15,62.036,41.77200728
3.5964,0.57675,0.49454,300.28,298.15,36.304,41.76799721
3.6698,0.57659,0.49994,300.04,298.15,9.8918,41.62015592
3.6775,0.57652,0.50384,299.79,298.15,8.5831,41.62131129
3.6416,0.57642,0.50557,299.58,298.15,17.812,41.62255847
3.568,0.57611,0.50289,299.47,298.15,57.413,41.62281749
3.5198,0.57541,0.49567,299.55,298.15,104.31,41.6191013
3.5173,0.57453,0.4906,299.75,298.15,105.58,41.46456982
3.576,0.57392,0.49336,299.79,298.15,48.847,41.45636463
3.605,0.57362,0.49713,299.67,298.15,31.681,41.30726952
3.5725,0.57326,0.49688,299.57,298.15,52.127,41.30619475
3.5243,0.57262,0.49151,299.61,298.15,97.031,41.30307648
3.4977,0.57166,0.48421,299.84,298.15,129.37,41.14931439
3.4736,0.57044,0.47571,300.19,298.15,164.35,41.13899439
3.4442,0.56885,0.46396,300.74,298.15,215.82,40.97928039
3.4124,0.56679,0.44908,301.56,298.15,284.43,40.66889071
3.4032,0.56432,0.43587,302.61,298.15,306.25,40.49942053
3.4113,0.56192,0.4287,303.48,298.15,285.16,40.18229175
3.4284,0.55979,0.42651,304.02,298.15,244.15,39.86721037
3.4418,0.55795,0.42632,304.26,298.15,214.47,39.70195921
3.4441,0.55624,0.42527,304.35,298.15,208.53,39.39284513
3.4773,0.55482,0.42866,304.24,298.15,146.52,39.23067504
3.5355,0.55398,0.43733,303.79,298.15,71.282,39.07363616
3.7089,0.55375,0.44957,303.1,298.15,1.3257,39.06938751
3.5526,0.55346,0.45156,302.49,298.15,57.413,39.07159567
3.5538,0.553,0.45286,302.06,298.15,56.087,39.06847445
3.6548,0.55276,0.45893,301.6,298.15,9.8918,38.91917645
3.5834,0.55257,0.46081,301.17,298.15,36.304,38.92060996
3.5715,0.55224,0.46132,300.85,298.15,43.561,38.9194889
3.5714,0.55188,0.462,300.59,298.15,43.561,38.91770338
3.5832,0.55156,0.46344,300.36,298.15,36.304,38.91592628
3.5834,0.55128,0.46484,300.14,298.15,36.304,38.76849064
3.551,0.5509,0.46367,299.98,298.15,58.739,38.76741119
3.5003,0.55016,0.45682,300.01,298.15,110.85,38.76422153
3.4659,0.54901,0.44687,300.28,298.15,159.08,38.60998127
3.4771,0.5478,0.44233,300.58,298.15,139.91,38.45165257
3.5098,0.54687,0.44356,300.68,298.15,95.688,38.29509656
3.5496,0.54628,0.44793,300.57,298.15,56.767,38.28880373
3.656,0.54604,0.4553,300.32,298.15,9.2459,38.28597377
3.58,0.54582,0.45712,300.07,298.15,36.967,38.2876
3.5277,0.54532,0.45384,299.97,298.15,77.876,38.14015623
3.5658,0.54483,0.45504,299.91,298.15,45.533,38.13531023
3.724,0.5447,0.4617,299.7,298.15,0,38.13344637
3.5416,0.54437,0.45854,299.57,298.15,65.333,38.13595596
3.4768,0.54347,0.44812,299.74,298.15,140.56,37.98580083
3.4415,0.54201,0.43469,300.24,298.15,197.99,37.97537592
3.4588,0.54057,0.42973,300.71,298.15,165.66,37.66757167
3.5135,0.53959,0.43394,300.83,298.15,89.094,37.50898952
3.5824,0.53914,0.44164,300.63,298.15,33.669,37.50333567
3.6131,0.53892,0.44748,300.36,298.15,20.463,37.50261105
3.5544,0.53861,0.44774,300.14,298.15,52.79,37.50307917
3.6303,0.53835,0.45173,299.95,298.15,15.178,37.35416519
3.5641,0.53809,0.45192,299.76,298.15,46.196,37.35512934
3.4761,0.53724,0.44132,299.86,298.15,139.25,37.35313346
3.4125,0.53555,0.42212,300.48,298.15,255.37,37.19657159
3.407,0.53339,0.4079,301.42,298.15,266.65,37.03069741
3.4569,0.53171,0.40909,301.91,298.15,165,36.71800194
3.5265,0.5308,0.41791,301.82,298.15,72.591,36.5598585
3.6382,0.53053,0.42915,301.41,298.15,11.88,36.55573534
3.5714,0.5303,0.43284,301.02,298.15,38.938,36.55702059
3.5726,0.52998,0.43506,300.72,298.15,38.275,36.40940697
3.6521,0.52977,0.43955,300.43,298.15,9.2459,36.40822883
3.7022,0.52977,0.44473,300.1,298.15,1.9716,36.40975189
3.6289,0.52971,0.4469,299.84,298.15,15.178,36.41195655
3.5382,0.52936,0.44318,299.7,298.15,64.687,36.41284549
3.4828,0.52854,0.4341,299.81,298.15,126.06,36.4091637
3.4371,0.52716,0.42033,300.23,298.15,199.31,36.25384224
3.4261,0.52541,0.4087,300.87,298.15,219.78,36.09261215
3.4367,0.52372,0.4029,301.41,298.15,197.99,35.92999328
3.4519,0.52224,0.40112,301.73,298.15,169.62,35.62293425
3.4888,0.52112,0.40445,301.78,298.15,112.87,35.46456877
3.5125,0.52034,0.40874,301.61,298.15,84.471,35.45719479
3.5255,0.51973,0.41217,301.37,298.15,71.282,35.30582313
3.5304,0.51919,0.41467,301.12,298.15,66.659,35.3019293
3.5296,0.51864,0.41584,300.91,298.15,67.305,35.1520753
3.5409,0.51813,0.41756,300.71,298.15,57.43,35.14854736
3.565,0.51772,0.42017,300.5,298.15,40.247,35.14587661
3.6184,0.51749,0.42489,300.24,298.15,16.503,35.14471583
3.7104,0.51747,0.43048,299.95,298.15,0.66285,34.99935061
3.6465,0.51743,0.43331,299.71,298.15,9.8918,35.00181882
3.6324,0.51733,0.43488,299.51,298.15,13.206,35.00334837
3.6188,0.51721,0.43619,299.34,298.15,17.149,35.00453462
3.5781,0.51703,0.43615,299.21,298.15,34.315,35.00532132
3.5294,0.5166,0.43202,299.2,298.15,69.293,35.00449628
3.5002,0.51586,0.42555,299.33,298.15,99.003,35.00053138
3.5295,0.51519,0.4248,299.44,298.15,67.985,34.84768083
3.5943,0.51484,0.42917,299.38,298.15,25.732,34.84390563
3.5785,0.5146,0.43109,299.27,298.15,33.669,34.8438907
3.5146,0.5141,0.42656,299.28,298.15,83.162,34.69674846
3.5633,0.51362,0.42793,299.3,298.15,42.235,34.69158006
3.6274,0.51343,0.43244,299.19,298.15,14.515,34.69003655
3.6657,0.51334,0.43594,299.07,298.15,6.5945,34.69099679
3.6664,0.51329,0.43843,298.95,298.15,6.5945,34.69266271
3.573,0.51309,0.43691,298.88,298.15,37.629,34.69428102
3.4934,0.51244,0.42814,299,298.15,108.2,34.54660763
3.4424,0.51117,0.41363,299.45,298.15,183.47,34.53911978
3.4467,0.50972,0.40534,300,298.15,174.86,34.37917383
3.4465,0.5083,0.39934,300.46,298.15,174.89,34.22011392
3.4245,0.50667,0.3901,300.97,298.15,216.5,34.06116258
3.3938,0.50457,0.37592,301.73,298.15,286.44,33.75275174
3.3743,0.50197,0.3605,302.79,298.15,339.92,33.58574915
3.375,0.49918,0.34975,303.87,298.15,339.92,33.26903591
3.3859,0.49655,0.34433,304.68,298.15,310.86,32.95286226
3.3861,0.49402,0.33936,305.28,298.15,310.79,32.63894356
3.3844,0.49148,0.33406,305.8,298.15,314.77,32.32527596
3.3804,0.48887,0.32823,306.3,298.15,324.71,32.01162261
3.3797,0.48622,0.3229,306.76,298.15,324.73,31.69761426
3.4439,0.48424,0.33071,306.69,298.15,174.87,31.38389775
3.4464,0.48284,0.33547,306.19,298.15,169.62,31.22654821
3.4156,0.48119,0.3315,305.91,298.15,229.65,31.06946123
3.42,0.47936,0.3287,305.81,298.15,217.11,30.90831895
3.421,0.47761,0.32685,305.67,298.15,212.54,30.74819137
3.4222,0.47586,0.3247,305.55,298.15,207.88,30.44213406
3.429,0.47422,0.32373,305.38,298.15,191.99,30.28284324
3.432,0.47275,0.32425,305.11,298.15,184.82,30.12471756
3.4349,0.47129,0.32343,304.88,298.15,177.54,29.96714803
3.4441,0.46992,0.32394,304.63,298.15,159.71,29.81014829
3.4485,0.46867,0.32462,304.32,298.15,151.11,29.6544491
3.447,0.46743,0.32409,304.06,298.15,152.44,29.4993952
3.4326,0.4661,0.3215,303.87,298.15,176.2,29.34429297
3.4301,0.4646,0.31791,303.83,298.15,178.83,29.18759589
3.4278,0.46312,0.31512,303.79,298.15,181.47,29.0308179
3.4317,0.46167,0.31342,303.74,298.15,172.92,28.87393961
3.443,0.46035,0.31383,303.62,298.15,152.44,28.71772191
3.4488,0.45915,0.31444,303.43,298.15,142.53,28.56296997
3.4553,0.45804,0.31523,303.22,298.15,131.98,28.40893289
3.4705,0.45705,0.31725,302.96,298.15,110.2,28.2556627
3.5,0.4563,0.3217,302.61,298.15,75.905,28.25034115
3.5002,0.4557,0.32473,302.22,298.15,75.905,28.10120999
3.5002,0.45508,0.32643,301.89,298.15,75.905,28.09841423
3.5001,0.45446,0.32756,301.61,298.15,75.905,27.94925597
3.5,0.45384,0.32841,301.36,298.15,75.905,27.9464765
3.5,0.45321,0.32903,301.15,298.15,75.905,27.94368474
3.4999,0.45259,0.32946,300.97,298.15,75.905,27.79455226
3.4998,0.45197,0.32977,300.81,298.15,75.905,27.79176807
3.4998,0.45136,0.33012,300.67,298.15,75.888,27.64262504
3.489,0.4507,0.32929,300.58,298.15,87.122,27.63984249
3.4997,0.45004,0.32947,300.5,298.15,75.888,27.4898216
3.4889,0.44938,0.32867,300.42,298.15,87.139,27.4870411
3.4598,0.44852,0.32426,300.46,298.15,122.76,27.33700296
3.4505,0.44745,0.3195,300.62,298.15,135.32,27.33067177
3.4272,0.44617,0.3125,300.88,298.15,171.59,27.17711051
3.4254,0.44475,0.30712,301.21,298.15,173.55,27.0210149
3.4381,0.44343,0.30535,301.44,298.15,151.81,26.86488417
3.4533,0.4423,0.30595,301.52,298.15,128.66,26.71032673
3.4706,0.44137,0.30804,301.47,298.15,105.58,26.55741516
3.4807,0.44057,0.31021,301.34,298.15,93.7,26.55252648
3.4807,0.4398,0.31104,301.22,298.15,93.717,26.40214143
3.4807,0.43903,0.31138,301.1,298.15,93.7,26.39809449
3.48,0.43826,0.3114,301,298.15,94.346,26.24770155
3.4913,0.43755,0.31261,300.89,298.15,81.836,26.24360537
3.4914,0.43689,0.31345,300.77,298.15,81.853,26.09410419
3.4913,0.43622,0.31358,300.66,298.15,81.836,26.09093185
3.5034,0.4356,0.31487,300.55,298.15,69.956,25.94140659
3.4914,0.43499,0.31469,300.44,298.15,81.819,25.93913152
3.4913,0.43431,0.3142,300.39,298.15,81.836,25.7895722
3.4912,0.43363,0.31367,300.35,298.15,81.836,25.78637876
3.5033,0.43302,0.31461,300.27,298.15,69.956,25.63680822
3.5034,0.43246,0.31553,300.18,298.15,69.956,25.63450885
3.5042,0.43189,0.31592,300.11,298.15,69.293,25.63217294
3.5043,0.43132,0.31616,300.04,298.15,69.293,25.48352394
3.5182,0.43081,0.3175,299.96,298.15,57.43,25.48121701
3.5356,0.43041,0.32008,299.84,298.15,44.887,25.47980487
3.536,0.43005,0.32184,299.72,298.15,44.887,25.33300563
3.5575,0.42972,0.32394,299.6,298.15,32.344,25.3325286
3.5219,0.42936,0.32349,299.5,298.15,55.441,25.33302983
3.5218,0.4289,0.32299,299.47,298.15,55.441,25.33162826
3.5076,0.42839,0.32165,299.46,298.15,67.322,25.18386201
3.5227,0.42788,0.32191,299.46,298.15,54.779,25.18150817
3.5084,0.4274,0.32128,299.44,298.15,66.659,25.1801179
3.5228,0.4269,0.32176,299.44,298.15,54.779,25.03141214
3.5238,0.42645,0.3223,299.4,298.15,54.116,25.02999184
3.5094,0.42597,0.32139,299.39,298.15,65.996,25.02858661
3.4966,0.42535,0.31899,299.44,298.15,77.859,24.87986776
3.5092,0.42477,0.3189,299.48,298.15,65.996,24.8765948
3.4972,0.4242,0.31782,299.5,298.15,77.214,24.87422385
3.5237,0.42367,0.31917,299.5,298.15,54.116,24.72462425
3.5249,0.42324,0.32024,299.45,298.15,53.453,24.72316994
3.5922,0.42297,0.32456,299.36,298.15,18.475,24.72172696
3.6449,0.42288,0.32909,299.21,298.15,6.5945,24.7231036
3.6204,0.42281,0.3317,299.07,298.15,11.217,24.72543723
3.6652,0.42274,0.33442,298.95,298.15,3.9601,24.72730819
3.6656,0.42272,0.33686,298.84,298.15,3.9601,24.72976569
3.6607,0.42268,0.33871,298.75,298.15,4.623,24.73216281
3.6611,0.42264,0.34034,298.67,298.15,4.623,24.73444273
3.6722,0.4226,0.34204,298.6,298.15,3.2973,24.73666667
3.6725,0.42259,0.34372,298.54,298.15,3.2973,24.73895413
3.6571,0.42254,0.34476,298.49,298.15,5.2858,24.74118476
3.6574,0.4225,0.34588,298.45,298.15,5.2858,24.74318132
3.653,0.42245,0.34702,298.41,298.15,5.9487,24.74512629
3.6534,0.42239,0.34785,298.38,298.15,5.9317,24.74696116
3.6915,0.42235,0.34907,298.35,298.15,1.3257,24.74874837
3.6981,0.42236,0.35079,298.32,298.15,0.66285,24.7509028
3.6984,0.42241,0.35284,298.29,298.15,0.66285,24.75306306
3.6985,0.4224,0.35363,298.27,298.15,0.66285,24.75516893
3.7051,0.4224,0.35464,298.26,298.15,0,24.75722196
3.7052,0.4224,0.3558,298.24,298.15,0,24.759285
3.7053,0.4224,0.3569,298.23,298.15,0,24.76129689
3.6992,0.4224,0.35783,298.22,298.15,0.66285,24.76325913
3.6993,0.42239,0.35865,298.21,298.15,0.66285,24.76511182
3.6403,0.42235,0.35868,298.2,298.15,8.5831,24.76691904
3.6027,0.42224,0.35777,298.21,298.15,17.812,24.76797075
3.5767,0.42204,0.35621,298.24,298.15,27.721,24.76819194
3.5286,0.42169,0.35206,298.32,298.15,56.75,24.76755413
3.5163,0.42117,0.34793,298.47,298.15,66.642,24.6181696
3.4953,0.42051,0.34266,298.65,298.15,86.476,24.61438734
3.4951,0.41981,0.33907,298.84,298.15,86.442,24.60905885
3.5041,0.41915,0.33738,298.99,298.15,77.214,24.45745435
3.504,0.41853,0.33582,299.1,298.15,77.214,24.45294646
3.5256,0.41798,0.33612,299.16,298.15,58.076,24.30212924
3.5546,0.41761,0.33845,299.13,298.15,38.275,24.29919879
3.5753,0.41738,0.34127,299.05,298.15,27.721,24.29786569
3.6014,0.41717,0.34326,298.98,298.15,17.812,24.15103919
3.6016,0.41703,0.34498,298.89,298.15,17.812,24.15139578
3.5772,0.41683,0.34516,298.83,298.15,27.058,24.15173289
3.5772,0.41662,0.34544,298.79,298.15,27.058,24.15127971
3.5587,0.41636,0.34488,298.76,298.15,36.287,24.15082137
3.5294,0.41597,0.34215,298.78,298.15,55.441,24.14959243
3.5169,0.41544,0.33883,298.87,298.15,65.333,24.14681267
3.5167,0.41491,0.33693,298.95,298.15,65.333,23.99693124
3.5056,0.41433,0.33437,299.03,298.15,75.242,23.99343158
3.5053,0.41369,0.33191,299.14,298.15,75.225,23.84281529
3.5273,0.41311,0.33171,299.21,298.15,56.104,23.83861009
3.5153,0.4127,0.33192,299.19,298.15,65.996,23.83591874
3.5272,0.41219,0.3317,299.21,298.15,56.104,23.68610161
3.5271,0.41174,0.33156,299.21,298.15,56.104,23.68345215
3.5558,0.41135,0.33314,299.18,298.15,36.95,23.68080382
3.5571,0.41107,0.33452,299.11,298.15,36.287,23.67969666
3.5772,0.41081,0.3362,299.05,298.15,26.395,23.53228763
3.6047,0.41065,0.33867,298.96,298.15,16.503,23.53203988
3.6049,0.41052,0.34035,298.87,298.15,16.503,23.53259824
3.5793,0.41036,0.34078,298.8,298.15,25.732,23.53313138
3.6073,0.41016,0.34175,298.75,298.15,15.84,23.5328725
3.6504,0.41009,0.34415,298.68,298.15,6.5945,23.53343001
3.6549,0.41007,0.34631,298.61,298.15,5.9487,23.53475383
3.6552,0.41,0.34722,298.55,298.15,5.9317,23.53609785
3.585,0.40985,0.34623,298.52,298.15,23.761,23.53740887
3.5483,0.40957,0.34373,298.54,298.15,42.235,23.53716865
3.5223,0.40912,0.33992,298.61,298.15,60.71,23.5354015
3.5111,0.40857,0.33621,298.73,298.15,69.956,23.38582889
3.5004,0.40794,0.3327,298.87,298.15,79.848,23.38191246
3.5099,0.40731,0.33085,299,298.15,70.602,23.23089946
3.509,0.40673,0.32948,299.08,298.15,71.282,23.22701079
3.5088,0.40615,0.32802,299.15,298.15,71.282,23.22307727
3.4983,0.40552,0.32566,299.23,298.15,81.191,23.07282995
3.5182,0.40493,0.32556,299.29,298.15,62.699,23.06819955
3.5182,0.40444,0.32562,299.29,298.15,62.699,22.91867323
3.5297,0.40398,0.3261,299.29,298.15,53.47,22.91552557
3.5297,0.40354,0.32607,299.27,298.15,53.47,22.91310843
3.5429,0.40314,0.32693,299.23,298.15,44.224,22.7643386
3.5296,0.40274,0.3265,299.2,298.15,53.47,22.76268236
3.5437,0.40234,0.32696,299.18,298.15,43.561,22.76029255
3.5438,0.402,0.32739,299.13,298.15,43.561,22.75869421
3.5595,0.40169,0.32849,299.08,298.15,34.315,22.61073463
3.5808,0.40146,0.33042,299.01,298.15,24.423,22.60988711
3.561,0.40122,0.3307,298.95,298.15,33.669,22.60982921
3.5809,0.40097,0.33174,298.9,298.15,24.423,22.60900056
3.6844,0.40087,0.33512,298.82,298.15,1.9885,22.60891817
3.6112,0.4008,0.33641,298.73,298.15,14.515,22.61071238
3.6113,0.40068,0.33715,298.67,298.15,14.515,22.6113824
3.5115,0.40028,0.33156,298.71,298.15,68.647,22.61202985
3.4827,0.39959,0.32498,298.87,298.15,97.014,22.46194987
3.4523,0.39861,0.31626,299.17,298.15,134.64,22.45613781
3.4315,0.39737,0.30673,299.58,298.15,164.98,22.30126544
3.4065,0.39583,0.29555,300.13,298.15,207.25,22.14435555
3.408,0.39416,0.28775,300.72,298.15,201.95,21.98470745
3.4275,0.39268,0.28533,301.11,298.15,166.31,21.82562528
3.4674,0.3916,0.28847,301.21,298.15,108.91,21.66908454
3.4944,0.39086,0.29272,301.08,298.15,79.202,21.51658519
3.5167,0.39033,0.2968,300.86,298.15,59.402,21.51259006
3.5169,0.38986,0.29905,300.64,298.15,59.402,21.36373127
3.5168,0.38937,0.30012,300.45,298.15,59.385,21.36125355
3.5166,0.38889,0.3008,300.29,298.15,59.402,21.35879738
3.5295,0.38843,0.302,300.14,298.15,49.493,21.21001204
3.5647,0.38812,0.30511,299.96,298.15,29.029,21.20836807
3.565,0.38789,0.3075,299.77,298.15,29.029,21.20831636
3.5666,0.38766,0.30915,299.6,298.15,28.384,21.20825062
3.5319,0.38733,0.30823,299.48,298.15,48.184,21.20822954
3.5316,0.38692,0.3075,299.42,298.15,48.167,21.06029363
3.518,0.38648,0.3062,299.38,298.15,58.076,21.05874647
3.5176,0.386,0.30522,299.37,298.15,58.093,21.05644059
3.5056,0.38548,0.30356,299.37,298.15,67.968,21.05413973
3.5052,0.38492,0.30214,299.4,298.15,67.968,20.90476044
3.4746,0.38424,0.29794,299.47,298.15,98.34,20.90175431
3.4732,0.38341,0.29442,299.62,298.15,99.003,20.75017215
3.472,0.3826,0.29187,299.74,298.15,99.665,20.74495933
3.4805,0.38182,0.29075,299.83,298.15,89.74,20.59338277
3.5004,0.38118,0.29178,299.84,298.15,69.956,20.58890627
3.5121,0.38066,0.29316,299.79,298.15,60.047,20.439544
3.5416,0.38026,0.29596,299.69,298.15,39.601,20.43727589
3.637,0.3801,0.30131,299.52,298.15,7.2574,20.43655099
3.551,0.3799,0.30188,299.37,298.15,34.978,20.43838326
3.5201,0.37951,0.29985,299.32,298.15,54.779,20.43793732
3.5198,0.37907,0.29902,299.29,298.15,54.762,20.28962376
3.512,0.37859,0.29772,299.29,298.15,60.727,20.28768125
3.5133,0.3781,0.29692,299.3,298.15,59.402,20.28528358
3.4992,0.37758,0.2952,299.31,298.15,71.299,20.13664204
3.4869,0.37694,0.29236,299.38,298.15,82.499,20.13348344
3.4825,0.37624,0.28988,299.47,298.15,86.442,20.12950696
3.4782,0.37552,0.2875,299.57,298.15,90.42,19.9789406
3.4698,0.37474,0.28467,299.68,298.15,99.003,19.97444881
3.477,0.37396,0.28324,299.78,298.15,90.42,19.82304207
3.5283,0.37344,0.28675,299.75,298.15,46.196,19.67226457
3.6308,0.37325,0.29315,299.58,298.15,7.9202,19.67111942
3.486,0.37284,0.28915,299.5,298.15,82.499,19.67293302
3.4338,0.37186,0.27909,299.71,298.15,144.54,19.66900311
3.4657,0.37088,0.27719,299.93,298.15,100.96,19.51445629
3.5247,0.37032,0.28165,299.91,298.15,47.521,19.36301714
3.5964,0.3701,0.28796,299.73,298.15,15.178,19.36180838
3.4947,0.36968,0.28497,299.63,298.15,72.608,19.36305448
3.5146,0.36918,0.28499,299.6,298.15,55.441,19.35989979
3.6521,0.36898,0.29096,299.46,298.15,4.623,19.21169792
3.5464,0.36878,0.2913,299.32,298.15,35.641,19.21379625
3.5464,0.36848,0.2914,299.24,298.15,35.641,19.21337326
3.696,0.36837,0.2959,299.12,298.15,0,19.21294641
3.5607,0.36825,0.29608,299.01,298.15,29.029,19.21536786
3.5027,0.36783,0.29197,299,298.15,66.659,19.21537091
3.4394,0.36694,0.28132,299.23,298.15,135.94,19.21250936
3.3971,0.36552,0.26735,299.76,298.15,199.31,19.0584348
3.4065,0.36398,0.26008,300.34,298.15,178.22,18.9003052
3.4188,0.36263,0.25706,300.71,298.15,156.42,18.74374765
3.4328,0.36146,0.25612,300.93,298.15,134.64,18.58870511
3.5217,0.36079,0.26407,300.84,298.15,45.533,18.43516026
3.4749,0.36022,0.26442,300.66,298.15,85.797,18.43416444
3.4185,0.35918,0.2562,300.76,298.15,155.74,18.28389863
3.4317,0.35799,0.25268,300.97,298.15,133.32,18.1290219
3.4881,0.3572,0.25703,300.94,298.15,69.293,18.12209772
3.4976,0.35667,0.2604,300.74,298.15,62.036,17.97320366
3.4521,0.35595,0.25714,300.66,298.15,107.59,17.97114425
3.3991,0.35472,0.24689,300.88,298.15,180.14,17.81959698
3.3598,0.35292,0.23289,301.47,298.15,246.17,17.66347017
3.3538,0.35089,0.22319,302.21,298.15,250.15,17.50363116
3.3792,0.34911,0.22156,302.69,298.15,196.68,17.19754817
3.4201,0.34781,0.22562,302.76,298.15,131.98,17.04106293
3.4726,0.34702,0.23299,302.49,298.15,73.253,16.88848029
3.5311,0.34662,0.24108,302.04,298.15,33.007,16.88601266
3.5666,0.34642,0.24765,301.56,298.15,19.138,16.88630767
3.6325,0.34633,0.25349,301.11,298.15,5.2858,16.88760737
3.57,0.34622,0.25637,300.71,298.15,19.138,16.88996982
3.5484,0.34602,0.25765,300.41,298.15,27.721,16.89123925
3.5245,0.34574,0.25768,300.17,298.15,40.264,16.89186241
3.5118,0.34537,0.25695,300.01,298.15,48.167,16.74521468
3.5077,0.34496,0.25667,299.88,298.15,50.818,16.74436459
3.4847,0.34448,0.25474,299.81,298.15,68.63,16.7433278
3.4437,0.34373,0.24888,299.87,298.15,109.54,16.74102607
3.402,0.34258,0.23905,300.17,298.15,163.01,16.58963782
3.4139,0.34135,0.23449,300.51,298.15,141.24,16.43490517
3.465,0.34048,0.23749,300.6,298.15,79.865,16.28167103
3.6242,0.3402,0.24719,300.37,298.15,5.9317,16.27881168
3.5446,0.34004,0.25056,300.1,298.15,27.721,16.28123725
3.5603,0.33985,0.25341,299.88,298.15,21.789,16.28192352
3.5984,0.33973,0.25678,299.67,298.15,11.217,16.28304161
3.6397,0.33967,0.26012,299.47,298.15,4.623,16.2849444
3.6715,0.33965,0.26301,299.29,298.15,1.3257,16.2873321
3.5763,0.33956,0.26359,299.14,298.15,17.812,16.2899444
3.4931,0.3392,0.25924,299.1,298.15,62.699,16.2911933
3.4332,0.33839,0.24982,299.28,298.15,122.71,16.14275809
3.397,0.33715,0.23838,299.72,298.15,169.59,16.13663552
3.385,0.3357,0.22915,300.27,298.15,183.47,15.98128808
3.4073,0.33438,0.22649,300.68,298.15,145.2,15.82526304
3.48,0.33358,0.23258,300.71,298.15,64.024,15.67171876
3.5891,0.33332,0.24147,300.45,298.15,11.88,15.52345337
3.4742,0.33294,0.24039,300.25,298.15,72.591,15.52524668
3.4645,0.33228,0.23794,300.22,298.15,80.511,15.5226538
3.5721,0.33195,0.24391,300.06,298.15,16.503,15.51956118
3.5344,0.33174,0.24621,299.85,298.15,31.681,15.5210286
3.4523,0.33118,0.24081,299.8,298.15,94.38,15.37495353
3.3908,0.33003,0.22867,300.1,298.15,171.59,15.37089419
3.4095,0.32878,0.224,300.48,298.15,138.6,15.21567599
3.4823,0.32802,0.22925,300.52,298.15,60.047,15.06265117
3.6246,0.32779,0.23789,300.28,298.15,5.2858,15.06110083
3.5049,0.32757,0.23901,300.04,298.15,46.858,15.06345934
3.4432,0.32693,0.23348,300.02,298.15,100.33,15.0626934
3.4079,0.3259,0.22527,300.23,298.15,141.19,14.91198656
3.4219,0.32485,0.22229,300.46,298.15,119.48,14.75877191
3.4385,0.32397,0.22215,300.55,298.15,98.969,14.75337682
3.5603,0.32355,0.23004,300.4,298.15,17.812,14.60296655
3.5427,0.32339,0.23471,300.12,298.15,25.069,14.60445711
3.5033,0.32308,0.23496,299.94,298.15,46.196,14.60534475
3.5212,0.32275,0.23628,299.8,298.15,35.641,14.60470567
3.5765,0.32255,0.23979,299.63,298.15,14.515,14.60481659
3.6322,0.3225,0.24375,299.44,298.15,4.623,14.60645982
3.5504,0.32237,0.24428,299.28,298.15,23.761,14.60882524
3.582,0.3222,0.24582,299.17,298.15,13.852,14.60968142
3.6459,0.32214,0.24859,299.04,298.15,3.2973,14.61126188
3.5741,0.32206,0.24935,298.93,298.15,16.503,14.61362611
3.5816,0.32192,0.25013,298.85,298.15,14.515,14.61490733
3.6603,0.32185,0.25237,298.77,298.15,1.9885,14.61630821
3.5308,0.3217,0.25089,298.71,298.15,34.315,14.61865544
3.5046,0.32134,0.24803,298.74,298.15,49.51,14.61847828
3.5391,0.32103,0.2485,298.76,298.15,29.692,14.47084604
3.622,0.3209,0.25169,298.71,298.15,6.5945,14.47101316
3.6754,0.32091,0.25492,298.63,298.15,0.66285,14.47289314
3.6692,0.3209,0.25673,298.56,298.15,1.3257,14.47519368
3.6699,0.32089,0.25824,298.51,298.15,1.3257,14.62373896
3.6705,0.32088,0.25955,298.46,298.15,1.3257,14.6258784
3.671,0.32087,0.26077,298.41,298.15,1.3257,14.62796392
3.6715,0.32086,0.2619,298.38,298.15,1.3257,14.62999687
3.6719,0.32085,0.26293,298.35,298.15,1.3257,14.63197854
3.6723,0.32084,0.26389,298.32,298.15,1.3257,14.6339102
3.6727,0.32083,0.26482,298.3,298.15,1.3257,14.63579311
3.6731,0.32082,0.2657,298.28,298.15,1.3257,14.63762852
3.6735,0.3208,0.26655,298.26,298.15,1.3257,14.63941771
3.6738,0.32079,0.26736,298.24,298.15,1.3257,14.64116191
3.6741,0.32078,0.26813,298.23,298.15,1.3257,14.64286238
3.6745,0.32077,0.26886,298.22,298.15,1.3257,14.64452037
3.6747,0.32076,0.26957,298.21,298.15,1.3257,14.64613708
3.675,0.32075,0.27027,298.2,298.15,1.3257,14.64771375
3.6753,0.32074,0.27095,298.19,298.15,1.3257,14.64925156
3.6756,0.32073,0.2716,298.19,298.15,1.3257,14.79711079
3.6758,0.32072,0.27224,298.18,298.15,1.3257,14.7985809
3.6761,0.32071,0.27286,298.18,298.15,1.3257,14.80001552
3.6763,0.3207,0.27346,298.17,298.15,1.3257,14.80141575
3.6766,0.32068,0.27405,298.17,298.15,1.3257,14.80278265
3.6768,0.32067,0.27461,298.17,298.15,1.3257,14.80411727
3.677,0.32066,0.27516,298.17,298.15,1.3257,14.80542061
3.6772,0.32065,0.27569,298.16,298.15,1.3257,14.80669367
3.6774,0.32064,0.27621,298.16,298.15,1.3257,14.80793738
3.6776,0.32063,0.27672,298.16,298.15,1.3257,14.80915268
3.649,0.32062,0.2771,298.16,298.15,4.623,14.81034045
3.607,0.32057,0.27674,298.16,298.15,11.88,14.81123206
3.5889,0.32044,0.27568,298.18,298.15,16.503,14.81152875
3.582,0.32024,0.27417,298.21,298.15,18.475,14.81145958
3.5799,0.32007,0.27378,298.24,298.15,19.138,14.81123755
3.5759,0.31991,0.27341,298.26,298.15,20.463,14.81096505
3.5739,0.31975,0.27312,298.28,298.15,21.126,14.81059152
3.5555,0.31955,0.2719,298.31,298.15,28.384,14.81016924
3.5354,0.31927,0.27006,298.35,298.15,38.275,14.80919805
3.5099,0.3189,0.26697,298.43,298.15,54.116,14.80749854
3.4841,0.31835,0.26214,298.58,298.15,73.916,14.65833177
3.4565,0.31762,0.25594,298.79,298.15,99.665,14.65414922
3.4331,0.31668,0.24845,299.1,298.15,124.73,14.50189942
3.4117,0.31554,0.24018,299.5,298.15,150.45,14.49442598
3.4013,0.31423,0.23249,299.96,298.15,161.67,14.33907663
3.3929,0.31286,0.22585,300.41,298.15,170.91,14.18318359
3.3897,0.31146,0.22035,300.83,298.15,172.24,14.02689327
3.3927,0.3101,0.21644,301.18,298.15,164.32,13.87071052
3.3954,0.30879,0.2135,301.44,298.15,157.69,13.71518713
3.4042,0.30755,0.21163,301.62,298.15,142.53,13.56022232
3.4166,0.30647,0.21167,301.68,298.15,124.75,13.40631222
3.4335,0.30555,0.21285,301.62,298.15,103.64,13.25358674
3.4555,0.30482,0.21529,301.46,298.15,80.528,13.24860852
3.4541,0.30415,0.21607,301.28,298.15,81.836,13.09879926
3.4669,0.30354,0.21763,301.1,298.15,69.956,13.09530715
3.4579,0.30294,0.21747,300.93,298.15,77.876,12.94627045
3.4638,0.30232,0.21762,300.79,298.15,71.928,12.94313822
3.4704,0.30177,0.21831,300.64,298.15,65.996,12.94042594
3.4694,0.30123,0.21854,300.51,298.15,66.659,12.79178542
3.4598,0.30065,0.21753,300.41,298.15,74.579,12.78949436
3.4505,0.3,0.21587,300.36,298.15,82.499,12.78670541
3.4345,0.29927,0.21312,300.36,298.15,97.677,12.63710802
3.4064,0.29831,0.20743,300.49,298.15,128.68,12.63294671
3.3796,0.2971,0.19978,300.78,298.15,162.36,12.48062698
3.3542,0.2956,0.19064,301.24,298.15,197.97,12.32647359
3.333,0.29383,0.18077,301.86,298.15,229.63,12.17054607
3.3244,0.29191,0.17267,302.54,298.15,238.91,11.86687309
3.3301,0.29004,0.16809,303.11,298.15,222.39,11.70941712
3.3546,0.28844,0.16832,303.4,298.15,176.83,11.55301536
3.3688,0.2871,0.16956,303.43,298.15,154.41,11.39903227
3.3926,0.28598,0.17217,303.31,298.15,121.42,11.24625998
3.3993,0.28504,0.17411,303.07,298.15,113.52,11.0952777
3.4231,0.28424,0.17715,302.78,298.15,87.139,10.94473273
3.4324,0.28357,0.17973,302.44,298.15,78.539,10.94206135
3.4802,0.2831,0.18471,302.05,298.15,42.235,10.79351838
3.5487,0.28289,0.19117,301.58,298.15,14.515,10.7935488
3.4996,0.28268,0.19336,301.17,298.15,33.652,10.79535178
3.4455,0.28222,0.19101,300.91,298.15,70.602,10.79587062
3.4147,0.2815,0.18663,300.84,298.15,99.003,10.79409865
3.4048,0.28066,0.18293,300.87,298.15,107.59,10.6443388
3.4159,0.27984,0.18179,300.89,298.15,93.734,10.64052921
3.4413,0.27919,0.18335,300.81,298.15,69.31,10.49119518
3.4804,0.27875,0.18706,300.62,298.15,41.573,10.48967145
3.5685,0.27856,0.19272,300.34,298.15,9.8918,10.48983062
3.5246,0.27844,0.1955,300.07,298.15,22.435,10.49204985
3.4482,0.27804,0.19233,299.94,298.15,67.322,10.49335938
3.3998,0.27726,0.18532,300.03,298.15,113.52,10.49178255
3.3487,0.27602,0.17378,300.41,298.15,178.85,10.3412094
3.3122,0.2743,0.16034,301.13,298.15,232.95,10.18723107
3.2845,0.27219,0.14693,302.1,298.15,276.51,9.88449758
3.2575,0.26971,0.13322,303.3,298.15,324.63,9.726584931
3.2476,0.26699,0.12228,304.59,298.15,339.92,9.420936034
3.2462,0.26423,0.11449,305.77,298.15,339.92,9.115529655
3.2456,0.26146,0.10831,306.79,298.15,339.92,8.811035317
3.245,0.25869,0.10304,307.66,298.15,339.92,8.360962326
3.2469,0.25595,0.098813,308.39,298.15,333.28,8.057946439
3.2843,0.25364,0.10192,308.64,298.15,243.54,7.755647738
3.3166,0.25194,0.10776,308.3,298.15,181.5,7.602313584
3.3436,0.25065,0.1136,307.68,298.15,138.6,7.450676079
3.3592,0.24962,0.11833,306.94,298.15,117.44,7.300378407
3.3498,0.2486,0.11964,306.28,298.15,129.36,7.15078769
3.3477,0.24754,0.11994,305.75,298.15,130.65,7.147036297
3.3296,0.24636,0.11755,305.37,298.15,154.41,6.996932742
3.3265,0.24509,0.11533,305.12,298.15,156.42,6.845940345
3.3165,0.24375,0.11228,304.96,298.15,169.57,6.69500895
3.3212,0.2424,0.11059,304.84,298.15,159.76,6.543706238
3.3113,0.24103,0.1078,304.75,298.15,173.58,6.392929382
3.3016,0.23955,0.10395,304.76,298.15,187.42,6.241756697
3.2852,0.2379,0.098375,304.9,298.15,214.47,6.090274837
3.2756,0.23607,0.092642,305.18,298.15,229.65,5.938133804
3.2537,0.23401,0.084628,305.63,298.15,271.22,5.639537958
3.2429,0.23171,0.077031,306.24,298.15,289.07,5.486646197
3.2375,0.22933,0.070997,306.86,298.15,294.99,5.187712752
