4.1,1.0001,1,298.15,298.15,0,0
4.0984,1,0.99997,298.15,298.15,0.22095,0
4.0977,1,0.99995,298.15,298.15,0.30593,0
4.0975,1,0.99992,298.15,298.15,0.33992,0
4.0956,1,0.99988,298.15,298.15,0.59487,0
4.0747,1,0.9997,298.15,298.15,3.5522,0
4.0744,1,0.99966,298.15,298.15,3.5862,0
4.0742,1,0.99931,298.15,298.15,3.5862,0
4.073,0.99997,0.99902,298.15,298.15,3.7222,0
4.0734,0.99994,0.99879,298.15,298.15,3.6372,0
4.0735,0.99991,0.99862,298.15,298.15,3.6032,0
4.0735,0.99988,0.99851,298.16,298.15,3.5862,0
4.0731,0.99985,0.9984,298.16,298.15,3.6372,0
4.0725,0.99981,0.9983,298.16,298.15,3.7052,0
4.0729,0.99978,0.9982,298.16,298.15,3.6372,0
4.0728,0.99975,0.99811,298.16,298.15,3.6372,0
4.0732,0.99973,0.99802,298.16,298.15,3.5692,0
4.0727,0.9997,0.99793,298.16,298.15,3.6372,0
4.0735,0.99967,0.99786,298.16,298.15,3.5012,0
4.087,0.99964,0.99787,298.16,298.15,1.5636,0
4.0967,0.99964,0.99821,298.16,298.15,0.25494,0
4.0639,0.99961,0.9979,298.16,298.15,4.9969,0
3.998,0.99951,0.99588,298.16,298.15,20.327,0
3.9446,0.99923,0.9918,298.22,298.15,43.969,0
3.9065,0.99874,0.98573,298.34,298.15,68.596,0
3.8904,0.99811,0.97985,298.53,298.15,79.984,0
3.8815,0.99741,0.97522,298.73,298.15,86.34,0
3.861,0.99665,0.96973,298.93,298.15,105.56,0
3.8465,0.9957,0.96279,299.21,298.15,119.52,0
3.8428,0.99472,0.95781,299.48,298.15,121.93,0
3.8341,0.99368,0.95248,299.74,298.15,131.02,0
3.8294,0.99259,0.94734,300.01,298.15,135.27,0
3.8474,0.99158,0.94548,300.2,298.15,110.88,0
3.8733,0.99082,0.9466,300.22,298.15,82.533,0
3.895,0.99024,0.94848,300.15,298.15,63.175,0
3.9147,0.98979,0.95042,300.02,298.15,48.677,0
3.9555,0.98949,0.95356,299.85,298.15,26.65,0
4.0461,0.98938,0.95822,299.63,298.15,3.5522,0
4.0703,0.98941,0.96202,299.42,298.15,0.40791,0
4.0497,0.98939,0.96384,299.25,298.15,3.4672,0
4.0016,0.98931,0.96431,299.1,298.15,12.73,0
3.9333,0.9891,0.96202,299.01,298.15,39.363,0
3.8778,0.98859,0.95592,299.04,298.15,79.066,0
3.8464,0.98778,0.94798,299.23,298.15,109.25,0
3.8262,0.98678,0.94034,299.5,298.15,132.25,0
3.8115,0.98561,0.93248,299.84,298.15,150.81,0
3.805,0.98434,0.92578,300.21,298.15,158.4,0
3.8076,0.98304,0.9206,300.55,298.15,151.66,0
3.8184,0.98189,0.91854,300.76,298.15,133.93,0
3.8439,0.98095,0.91951,300.81,298.15,101.31,0
3.8936,0.98033,0.92383,300.69,298.15,55.153,0
3.9743,0.98007,0.9306,300.42,298.15,15.619,0
4.0563,0.98002,0.9364,300.11,298.15,0.47589,0
3.9985,0.97997,0.93919,299.84,298.15,10.198,0
4.0148,0.97989,0.94138,299.62,298.15,7.0874,0
3.8999,0.97965,0.93846,299.47,298.15,53.266,0
3.8428,0.97896,0.93055,299.53,298.15,104.73,0
3.8091,0.97787,0.92034,299.8,298.15,144.81,0
3.7881,0.97658,0.91131,300.19,298.15,167.23,0
3.7778,0.97522,0.90488,300.59,298.15,167.72,0
3.7779,0.97389,0.90076,300.95,298.15,154.77,0
3.7859,0.97271,0.89905,301.17,298.15,137.75,0
3.7994,0.97166,0.89871,301.27,298.15,117.72,0
3.8136,0.97082,0.89995,301.22,298.15,102.03,0
3.8202,0.97005,0.90062,301.14,298.15,95.263,0
3.8218,0.96926,0.89997,301.07,298.15,91.796,0
3.8244,0.96853,0.89981,300.99,298.15,88.261,0
3.822,0.96782,0.89935,300.9,298.15,89.655,0
3.8165,0.96707,0.89794,300.84,298.15,92.935,0
3.8106,0.96629,0.89633,300.81,298.15,96.708,0
3.802,0.96547,0.89415,300.82,298.15,103.49,0
3.7953,0.9646,0.89168,300.86,298.15,108.78,0
3.7941,0.9637,0.88958,300.91,298.15,108.13,0
3.7985,0.96284,0.88834,300.93,298.15,101.76,0
3.8048,0.96205,0.88805,300.92,298.15,93.921,0
3.8079,0.9613,0.88777,300.87,298.15,90.08,0
3.8032,0.96055,0.88663,300.83,298.15,94.516,0
3.7964,0.95975,0.88471,300.83,298.15,101.47,0
3.7922,0.9589,0.8826,300.86,298.15,105.56,0
3.7876,0.95802,0.88026,300.9,298.15,110.49,0
3.7837,0.95709,0.87774,300.97,298.15,114.78,0
3.7821,0.95614,0.87547,301.04,298.15,116.24,0
3.7762,0.95518,0.87305,301.1,298.15,123.46,0
3.765,0.95412,0.8692,301.23,298.15,138.25,0
3.7584,0.9529,0.86449,301.43,298.15,146.23,0
3.7586,0.95172,0.86153,301.6,298.15,144.14,0
3.762,0.95058,0.85963,301.72,298.15,137.4,0
3.7676,0.9495,0.85851,301.78,298.15,127.96,0
3.7784,0.94852,0.85868,301.77,298.15,112.91,0
3.7942,0.94768,0.85992,301.68,298.15,93.87,0
3.8092,0.94699,0.86209,301.5,298.15,78.42,0
3.8207,0.94641,0.86427,301.29,298.15,67.883,0
3.8275,0.9459,0.86604,301.06,298.15,62.189,0
3.8221,0.94537,0.86661,300.87,298.15,66.863,0
3.8212,0.94482,0.86656,300.72,298.15,67.441,0
3.8278,0.94429,0.86697,300.58,298.15,61.56,0
3.8324,0.9438,0.86784,300.44,298.15,57.838,0
3.827,0.94334,0.86816,300.3,298.15,62.325,0
3.8187,0.9428,0.86707,300.22,298.15,69.242,0
3.8038,0.94216,0.86485,300.2,298.15,83.111,0
3.7899,0.94142,0.86171,300.25,298.15,97.048,0
3.7835,0.94059,0.85871,300.34,298.15,103.05,0
3.7905,0.93976,0.85698,300.43,298.15,93.768,0
3.8123,0.9391,0.85831,300.41,298.15,71.673,0
3.8394,0.93862,0.8611,300.3,298.15,50.156,0
3.8464,0.93826,0.86343,300.14,298.15,45.873,0
3.8353,0.93786,0.86384,300.01,298.15,53.997,0
3.8179,0.93735,0.86237,299.95,298.15,67.968,0
3.7973,0.9367,0.85923,299.97,298.15,86.935,0
3.7782,0.93589,0.85499,300.08,298.15,106.45,0
3.7725,0.935,0.85136,300.24,298.15,110.7,0
3.7776,0.9341,0.84923,300.39,298.15,102.23,0
3.7916,0.93335,0.84945,300.44,298.15,86.374,0
3.8169,0.93276,0.85156,300.39,298.15,63.396,0
3.9058,0.93246,0.85761,300.2,298.15,16.299,0
3.8513,0.93223,0.85934,299.98,298.15,41.386,0
3.7876,0.93162,0.85405,299.96,298.15,94.312,0
3.7498,0.93064,0.84605,300.17,298.15,135.22,0
3.7231,0.9294,0.83779,300.55,298.15,162.91,0
3.7201,0.92809,0.83267,300.97,298.15,156.23,0
3.7328,0.92693,0.83116,301.24,298.15,132.93,0
3.751,0.92595,0.83178,301.34,298.15,109.01,0
3.7795,0.9252,0.83438,301.28,298.15,80.392,0
3.8158,0.92469,0.83866,301.08,298.15,52.96,0
3.8581,0.92436,0.84347,300.8,298.15,30.219,0
3.9119,0.92421,0.8485,300.48,298.15,12.594,0
3.9856,0.92417,0.85331,300.17,298.15,0.67985,0
3.9889,0.92417,0.85679,299.89,298.15,0.59487,0
3.9905,0.92416,0.85951,299.65,298.15,0.61186,0
3.993,0.92416,0.86181,299.44,298.15,0.4589,0
3.9935,0.92415,0.86386,299.26,298.15,0.52688,0
3.9942,0.92415,0.86567,299.11,298.15,0.54388,0
3.9952,0.92415,0.86727,298.97,298.15,0.49289,0
3.9934,0.92414,0.86873,298.86,298.15,0.79882,0
3.9976,0.92414,0.8701,298.76,298.15,0.32293,0
3.9975,0.92413,0.87132,298.67,298.15,0.39091,0
3.9986,0.92412,0.87249,298.6,298.15,0.30593,0
3.9971,0.92412,0.87361,298.54,298.15,0.54388,0
4,0.92411,0.8747,298.48,298.15,0.22095,0
3.9983,0.92411,0.87571,298.43,298.15,0.47589,0
3.998,0.92411,0.87669,298.39,298.15,0.56087,0
3.9995,0.9241,0.87762,298.35,298.15,0.40791,0
3.9996,0.9241,0.87851,298.32,298.15,0.4419,0
3.9977,0.92409,0.87924,298.3,298.15,0.71384,0
4.0003,0.92408,0.87989,298.28,298.15,0.40791,0
3.9994,0.92406,0.88054,298.26,298.15,0.56087,0
4.0009,0.92405,0.88122,298.25,298.15,0.40791,0
4,0.92405,0.8819,298.23,298.15,0.56087,0
4.001,0.92404,0.88261,298.22,298.15,0.47589,0
4.0004,0.92404,0.88333,298.21,298.15,0.59487,0
4.0023,0.92405,0.88408,298.2,298.15,0.40791,0
4.0028,0.92406,0.88484,298.19,298.15,0.39091,0
4.0028,0.92406,0.88547,298.19,298.15,0.4419,0
4.0052,0.92405,0.886,298.18,298.15,0.16996,0
4.0047,0.92405,0.8865,298.18,298.15,0.28893,0
4.0024,0.92404,0.887,298.17,298.15,0.62886,0
4.0033,0.92404,0.88751,298.17,298.15,0.56087,0
4.0052,0.92403,0.88802,298.17,298.15,0.37392,0
4.005,0.92403,0.88853,298.17,298.15,0.4589,0
4.0055,0.92403,0.88903,298.16,298.15,0.4419,0
4.0056,0.92402,0.88953,298.16,298.15,0.49289,0
4.0061,0.92402,0.89003,298.16,298.15,0.49289,0
4.0005,0.92402,0.89049,298.16,298.15,1.3087,0
3.9454,0.92397,0.88977,298.16,298.15,10.47,0
3.899,0.92383,0.88811,298.19,298.15,24.254,0
3.8527,0.92356,0.88463,298.25,298.15,47.912,0
3.8087,0.92299,0.87748,298.44,298.15,82.72,0
3.7715,0.92211,0.86804,298.77,298.15,124.31,0
3.7484,0.92092,0.85754,299.27,298.15,154.17,0
3.7318,0.91956,0.84808,299.83,298.15,173.45,0
3.7239,0.91813,0.8408,300.38,298.15,176.45,0
3.7224,0.91669,0.83533,300.88,298.15,168.04,0
3.7406,0.91548,0.8342,301.18,298.15,136.67,0
3.7648,0.91451,0.83564,301.25,298.15,106.19,0
3.7861,0.91378,0.838,301.17,298.15,84.794,0
3.793,0.91311,0.83914,301.04,298.15,78.709,0
3.7974,0.91249,0.83958,300.91,298.15,74.528,0
3.7853,0.91187,0.83899,300.79,298.15,85.695,0
3.7654,0.91109,0.83562,300.78,298.15,103.01,0
3.7467,0.91017,0.83149,300.86,298.15,118.89,0
3.7532,0.90924,0.82952,300.95,298.15,106.28,0
3.7919,0.90853,0.83166,300.91,298.15,67.9,0
3.8429,0.90814,0.83643,300.68,298.15,35.641,0
3.9255,0.90799,0.84203,300.38,298.15,8.736,0
3.8283,0.90773,0.84153,300.14,298.15,48.745,0
3.8254,0.90732,0.84066,300.02,298.15,49.867,0
3.9181,0.90709,0.84463,299.83,298.15,10.895,0
3.8883,0.90697,0.84666,299.63,298.15,20.055,0
3.7958,0.90653,0.84183,299.56,298.15,75.548,0
3.7404,0.90564,0.83248,299.75,298.15,126.47,0
3.7019,0.90443,0.82265,300.16,298.15,162.01,0
3.6659,0.90295,0.81247,300.75,298.15,197.02,0
3.6283,0.90114,0.80073,301.55,298.15,242.11,0
3.6016,0.89898,0.78826,302.58,298.15,280.23,0
3.5862,0.89654,0.77668,303.74,298.15,307.77,0
3.5829,0.89401,0.76811,304.84,298.15,312.56,0
3.5835,0.89148,0.76177,305.77,298.15,309.13,0
3.5911,0.88907,0.75806,306.47,298.15,287.93,0
3.5978,0.88681,0.75582,306.91,298.15,269.42,0
3.6029,0.8847,0.75426,307.16,298.15,254.93,0
3.5987,0.88259,0.75108,307.36,298.15,262,0
3.6011,0.88047,0.74824,307.54,298.15,252.68,0
3.6049,0.87845,0.74626,307.62,298.15,240.5,0
3.6107,0.87656,0.74524,307.58,298.15,224.52,0
3.6251,0.87487,0.74613,307.39,298.15,192.63,0
3.6505,0.87351,0.74968,306.97,298.15,145.67,0
3.6762,0.8725,0.75454,306.34,298.15,107.53,0
3.7002,0.87178,0.76001,305.59,298.15,79.236,0
3.7261,0.87124,0.76501,304.83,298.15,55.373,0
3.7349,0.87082,0.76904,304.1,298.15,48.966,0
3.7263,0.87039,0.77105,303.47,298.15,55.849,0
3.7191,0.86992,0.77203,302.95,298.15,61.815,0
3.7046,0.86936,0.77161,302.55,298.15,74.919,0
3.6924,0.86867,0.76968,302.29,298.15,86.748,0
3.6768,0.86789,0.76699,302.13,298.15,104.05,0
3.6591,0.86692,0.76252,302.11,298.15,125.98,0
3.6442,0.86579,0.75737,302.22,298.15,146.37,0
3.6351,0.86454,0.75231,302.42,298.15,159.12,0
3.6266,0.86318,0.74724,302.67,298.15,171.66,0
3.623,0.86175,0.74288,302.94,298.15,176.08,0
3.6244,0.86033,0.73973,303.19,298.15,172,0
3.6227,0.85892,0.73685,303.38,298.15,173.43,0
3.6168,0.85746,0.73328,303.59,298.15,182.28,0
3.6088,0.85592,0.72914,303.83,298.15,194.96,0
3.6001,0.85427,0.72423,304.13,298.15,209.05,0
3.5942,0.8525,0.7193,304.49,298.15,217.81,0
3.5964,0.85075,0.71601,304.8,298.15,210.24,0
3.6062,0.84912,0.71503,304.96,298.15,189.13,0
3.6282,0.84777,0.7172,304.89,298.15,149.96,0
3.657,0.84674,0.72163,304.58,298.15,108.3,0
3.6708,0.84594,0.72556,304.13,298.15,92.068,0
3.6673,0.84518,0.72725,303.71,298.15,96.657,0
3.6557,0.84433,0.72662,303.41,298.15,110.81,0
3.6363,0.84331,0.72351,303.26,298.15,136.92,0
3.6195,0.84207,0.71865,303.29,298.15,161.12,0
3.6107,0.84068,0.71387,303.45,298.15,173.09,0
3.6114,0.83929,0.71098,303.59,298.15,169.4,0
3.612,0.83792,0.70867,303.69,298.15,166.34,0
3.6182,0.83661,0.7076,303.74,298.15,154.39,0
3.6257,0.83541,0.70744,303.7,298.15,141.48,0
3.6401,0.83435,0.70878,303.56,298.15,119.89,0
3.6457,0.83342,0.71008,303.33,298.15,112.51,0
3.6527,0.83255,0.71134,303.1,298.15,103.44,0
3.6537,0.83171,0.71193,302.87,298.15,102.16,0
3.6505,0.83085,0.71157,302.67,298.15,105.8,0
3.6444,0.82995,0.71034,302.54,298.15,112.92,0
3.6507,0.82907,0.71026,302.41,298.15,104.14,0
3.6659,0.82831,0.71176,302.23,298.15,86.357,0
3.6873,0.82769,0.71454,301.97,298.15,65.503,0
3.7261,0.82729,0.7191,301.63,298.15,37.595,0
3.7711,0.82708,0.72442,301.23,298.15,18.084,0
3.8105,0.82701,0.72956,300.82,298.15,8.5491,0
3.7767,0.82689,0.73191,300.49,298.15,17.353,0
3.764,0.82673,0.73341,300.22,298.15,22.044,0
3.7152,0.82643,0.7321,300.04,298.15,48.371,0
3.6774,0.82587,0.72785,300.02,298.15,80.307,0
3.6589,0.82512,0.72316,300.13,298.15,99.342,0
3.6507,0.82427,0.71924,300.29,298.15,107.94,0
3.6433,0.82333,0.7153,300.49,298.15,115.93,0
3.6579,0.82246,0.71434,300.63,298.15,97.048,0
3.689,0.82181,0.71683,300.61,298.15,65.367,0
3.7136,0.82139,0.72039,300.46,298.15,46.824,0
3.7556,0.82111,0.72464,300.25,298.15,24.474,0
3.7696,0.82094,0.72827,300.02,298.15,19.665,0
3.7231,0.82067,0.72824,299.85,298.15,42.626,0
3.7213,0.82031,0.72815,299.76,298.15,43.765,0
3.7055,0.8199,0.72725,299.69,298.15,55.085,0
3.6954,0.8194,0.72568,299.69,298.15,63.107,0
3.6907,0.81885,0.72402,299.72,298.15,66.846,0
3.6908,0.81831,0.72329,299.74,298.15,66.506,0
3.6655,0.81763,0.71972,299.83,298.15,91.133,0
3.6513,0.8168,0.71568,299.99,298.15,106.58,0
3.6301,0.81584,0.71058,300.22,298.15,133.27,0
3.6124,0.81463,0.70332,300.59,298.15,157.01,0
3.6027,0.81327,0.69703,301.02,298.15,169.86,0
3.5932,0.81182,0.69113,301.46,298.15,183.18,0
3.5827,0.81025,0.68472,301.93,298.15,198.45,0
3.5799,0.80862,0.67957,302.39,298.15,199.86,0
3.5831,0.80701,0.67613,302.76,298.15,190.85,0
3.585,0.8055,0.67397,303.01,298.15,185.05,0
3.599,0.80409,0.67371,303.15,298.15,159.03,0
3.6286,0.80299,0.67698,303.06,298.15,114.89,0
3.668,0.80226,0.68296,302.73,298.15,71.299,0
3.7207,0.80186,0.69015,302.27,298.15,33.788,0
3.7842,0.80171,0.69744,301.75,298.15,11.336,0
3.707,0.80144,0.69842,301.33,298.15,44.581,0
3.7056,0.80106,0.6993,301.03,298.15,45.652,0
3.784,0.80083,0.70378,300.71,298.15,12.05,0
3.8071,0.80076,0.70792,300.37,298.15,7.5973,0
3.7591,0.80064,0.70955,300.09,298.15,20.412,0
3.7272,0.80041,0.70945,299.89,298.15,34.944,0
3.6992,0.80002,0.70751,299.78,298.15,52.926,0
3.713,0.79961,0.70725,299.71,298.15,42.932,0
3.7253,0.79933,0.70894,299.59,298.15,35.93,0
3.7096,0.79901,0.70888,299.49,298.15,45.822,0
3.6891,0.79854,0.70663,299.48,298.15,60.846,0
3.6951,0.79806,0.70585,299.48,298.15,55.645,0
3.7032,0.79765,0.70658,299.45,298.15,49.816,0
3.7151,0.79728,0.70755,299.4,298.15,41.98,0
3.7268,0.79698,0.70901,299.33,298.15,35.386,0
3.7799,0.79677,0.71209,299.23,298.15,14.413,0
3.8106,0.79672,0.71574,299.09,298.15,7.8352,0
3.726,0.79649,0.71419,299.02,298.15,37.409,0
3.7058,0.79611,0.71217,299.02,298.15,50.19,0
3.677,0.79559,0.70847,299.09,298.15,73.355,0
3.669,0.79493,0.70488,299.23,298.15,79.933,0
3.6668,0.79427,0.70266,299.35,298.15,81.378,0
3.6595,0.7936,0.70053,299.46,298.15,88.329,0
3.6448,0.79281,0.69667,299.62,298.15,103.74,0
3.6335,0.79189,0.69212,299.84,298.15,115.91,0
3.6175,0.79085,0.68682,300.1,298.15,135.63,0
3.6287,0.78982,0.68454,300.33,298.15,118.17,0
3.6428,0.78895,0.68465,300.44,298.15,100.12,0
3.6623,0.78823,0.68625,300.43,298.15,78.879,0
3.7079,0.78775,0.69066,300.31,298.15,42.422,0
3.8397,0.78763,0.69823,300.05,298.15,2.1755,0
3.8352,0.78759,0.70259,299.8,298.15,3.0933,0
3.8605,0.78758,0.70624,299.57,298.15,0.067985,0
3.8089,0.78754,0.70827,299.38,298.15,7.6993,0
3.7234,0.78736,0.70694,299.25,298.15,37.578,0
3.6791,0.78687,0.70223,299.26,298.15,69.327,0
3.6737,0.7863,0.69931,299.33,298.15,73.236,0
3.6823,0.78574,0.69822,299.38,298.15,64.806,0
3.7087,0.7853,0.69953,299.37,298.15,44.768,0
3.7675,0.78506,0.70319,299.28,298.15,17.302,0
3.8355,0.785,0.70758,299.13,298.15,3.4502,0
3.7806,0.78491,0.70907,299.01,298.15,14.277,0
3.7494,0.78475,0.70913,298.93,298.15,25.137,0
3.7218,0.78447,0.70791,298.89,298.15,39.04,0
3.7187,0.7841,0.70641,298.91,298.15,40.536,0
3.7405,0.78382,0.70716,298.89,298.15,28.842,0
3.7755,0.78368,0.70993,298.82,298.15,15.959,0
3.8039,0.78359,0.7123,298.74,298.15,9.1779,0
3.8638,0.78358,0.71528,298.66,298.15,0.28893,0
3.8417,0.78359,0.71753,298.59,298.15,3.3142,0
3.8631,0.78352,0.71816,298.54,298.15,0.56087,0
3.8634,0.78348,0.71942,298.49,298.15,0.59487,0
3.8666,0.78348,0.72099,298.44,298.15,0.28893,0
3.8662,0.78347,0.72214,298.4,298.15,0.40791,0
3.8658,0.78347,0.72321,298.37,298.15,0.52688,0
3.866,0.78347,0.72425,298.34,298.15,0.56087,0
3.867,0.78346,0.72526,298.31,298.15,0.49289,0
3.8672,0.78346,0.72622,298.29,298.15,0.52688,0
3.868,0.78345,0.72713,298.27,298.15,0.47589,0
3.8631,0.78345,0.72792,298.25,298.15,1.1557,0
3.8532,0.78343,0.72855,298.24,298.15,2.5154,0
3.7986,0.78337,0.72821,298.23,298.15,12.356,0
3.7461,0.78318,0.72598,298.26,298.15,31.154,0
3.7023,0.7828,0.72131,298.35,298.15,58.314,0
3.6619,0.78217,0.71442,298.54,298.15,94.974,0
3.6284,0.7812,0.7048,298.88,298.15,133.71,0
3.603,0.77991,0.69387,299.39,298.15,167.57,0
3.5889,0.77846,0.6845,299.96,298.15,186.45,0
3.5851,0.77693,0.67719,300.51,298.15,188.56,0
3.587,0.77541,0.67195,300.98,298.15,181.45,0
3.5904,0.77398,0.66835,301.34,298.15,172.58,0
3.5914,0.7726,0.66529,301.61,298.15,168.31,0
3.5897,0.77122,0.66215,301.84,298.15,168.38,0
3.5888,0.76985,0.65897,302.03,298.15,167.04,0
3.5912,0.76852,0.6566,302.18,298.15,160.36,0
3.596,0.76725,0.65519,302.26,298.15,150.5,0
3.6038,0.76609,0.65471,302.27,298.15,137.12,0
3.608,0.76502,0.65457,302.21,298.15,129.99,0
3.6092,0.76397,0.65391,302.15,298.15,126.98,0
3.6139,0.76295,0.65335,302.08,298.15,119.19,0
3.62,0.76202,0.65355,301.96,298.15,110.41,0
3.6357,0.76121,0.65506,301.8,298.15,91.269,0
3.6543,0.76057,0.65784,301.56,298.15,72.421,0
3.6544,0.75998,0.65934,301.32,298.15,72.727,0
3.6435,0.75932,0.65867,301.15,298.15,83.23,0
3.643,0.75862,0.65804,301.02,298.15,83.162,0
3.643,0.75795,0.65771,300.9,298.15,82.686,0
3.6466,0.75728,0.65764,300.79,298.15,78.505,0
3.6647,0.75672,0.65931,300.65,298.15,61.866,0
3.6886,0.75632,0.66235,300.45,298.15,44.53,0
3.6934,0.75597,0.66452,300.25,298.15,42.048,0
3.6799,0.75557,0.66464,300.09,298.15,51.532,0
3.671,0.7551,0.66395,299.99,298.15,58.195,0
3.6719,0.75462,0.66373,299.91,298.15,57.26,0
3.6831,0.75419,0.66462,299.82,298.15,48.932,0
3.7172,0.75388,0.6673,299.69,298.15,29.284,0
3.8045,0.75376,0.67203,299.51,298.15,5.1328,0
3.7503,0.75366,0.67401,299.34,298.15,17.54,0
3.6808,0.75334,0.67146,299.25,298.15,53.436,0
3.6385,0.75271,0.66549,299.33,298.15,90.589,0
3.6131,0.75183,0.65871,299.54,298.15,117.97,0
3.5948,0.75076,0.65184,299.85,298.15,139.67,0
3.5815,0.74954,0.64512,300.22,298.15,155.8,0
3.5816,0.74828,0.6405,300.58,298.15,152.23,0
3.5897,0.74708,0.63789,300.85,298.15,137.52,0
3.6037,0.74605,0.63794,300.98,298.15,117.19,0
3.6194,0.74521,0.63941,300.98,298.15,97.796,0
3.6301,0.74447,0.64085,300.91,298.15,86.085,0
3.6489,0.74384,0.64299,300.79,298.15,67.9,0
3.6782,0.74339,0.64652,300.6,298.15,45.533,0
3.7092,0.74313,0.65108,300.34,298.15,28.91,0
3.7502,0.74297,0.6554,300.08,298.15,14.481,0
3.8253,0.74293,0.66009,299.82,298.15,1.3767,0
3.832,0.74295,0.664,299.59,298.15,0.83281,0
3.8345,0.7429,0.66599,299.4,298.15,0.67985,0
3.8319,0.7429,0.66835,299.22,298.15,1.1727,0
3.7946,0.74287,0.66982,299.08,298.15,6.5945,0
3.7348,0.74274,0.6695,298.97,298.15,22.282,0
3.6877,0.74244,0.66669,298.93,298.15,46.603,0
3.6456,0.74193,0.66168,299,298.15,80.562,0
3.6061,0.74106,0.65319,299.24,298.15,123.24,0
3.573,0.73982,0.64241,299.67,298.15,166.63,0
3.5496,0.73829,0.6314,300.27,298.15,199.98,0
3.5391,0.73659,0.62245,300.94,298.15,212.57,0
3.5348,0.73482,0.6152,301.58,298.15,213.98,0
3.5342,0.7331,0.61026,302.11,298.15,209.87,0
3.5414,0.73147,0.6075,302.5,298.15,192.21,0
3.5543,0.73001,0.60688,302.72,298.15,167.21,0
3.5669,0.72875,0.60764,302.77,298.15,146.25,0
3.5832,0.72766,0.60933,302.69,298.15,122.32,0
3.604,0.72678,0.61226,302.49,298.15,96.589,0
3.6267,0.72611,0.61617,302.19,298.15,73.576,0
3.6483,0.7256,0.62011,301.84,298.15,55.849,0
3.7119,0.7253,0.62615,301.44,298.15,21.058,0
3.7166,0.72514,0.63056,301.03,298.15,20.276,0
3.64,0.72475,0.62873,300.75,298.15,66.965,0
3.6018,0.72401,0.62324,300.69,298.15,104.88,0
3.5769,0.723,0.61676,300.81,298.15,133.73,0
3.5763,0.72192,0.61273,300.99,298.15,130.79,0
3.5915,0.72093,0.61181,301.09,298.15,108.64,0
3.6178,0.72018,0.61406,301.03,298.15,79.168,0
3.6515,0.71967,0.61805,300.84,298.15,51.056,0
3.6915,0.71937,0.62288,300.58,298.15,28.418,0
3.7453,0.71923,0.62805,300.28,298.15,11.166,0
3.8134,0.71919,0.63269,299.99,298.15,0.74783,0
3.8079,0.71921,0.63657,299.73,298.15,1.7336,0
3.8191,0.71921,0.63907,299.51,298.15,0.56087,0
3.8184,0.7192,0.64144,299.33,298.15,0.83281,0
3.819,0.7192,0.6435,299.16,298.15,0.91779,0
3.8214,0.71919,0.64536,299.02,298.15,0.78182,0
3.8203,0.71918,0.64696,298.9,298.15,1.0368,0
3.8253,0.71917,0.64851,298.8,298.15,0.56087,0
3.8233,0.71916,0.64997,298.71,298.15,0.91779,0
3.8254,0.71915,0.65139,298.63,298.15,0.76483,0
3.828,0.71915,0.65275,298.56,298.15,0.56087,0
3.827,0.71914,0.654,298.5,298.15,0.78182,0
3.8286,0.71914,0.65512,298.45,298.15,0.67985,0
3.8286,0.71913,0.65625,298.41,298.15,0.76483,0
3.8293,0.71913,0.65729,298.37,298.15,0.76483,0
3.8297,0.71912,0.65829,298.34,298.15,0.79882,0
3.8261,0.71912,0.65931,298.32,298.15,1.3257,0
3.7686,0.71907,0.65919,298.3,298.15,10.657,0
3.7149,0.71889,0.65717,298.31,298.15,28.146,0
3.6666,0.71856,0.65331,298.38,298.15,57.073,0
3.6232,0.71792,0.64587,298.58,298.15,95.535,0
3.5838,0.7169,0.63533,298.96,298.15,140.92,0
3.5513,0.71553,0.62338,299.53,298.15,185.29,0
3.5242,0.71382,0.6106,300.28,298.15,225.81,0
3.5131,0.71191,0.60023,301.11,298.15,237.39,0
3.5118,0.71,0.59307,301.86,298.15,231.1,0
3.5059,0.7081,0.58677,302.49,298.15,235.45,0
3.5073,0.70622,0.58215,303.04,298.15,225.93,0
3.5201,0.70448,0.5802,303.42,298.15,196.44,0
3.5217,0.70296,0.57912,303.57,298.15,191.43,0
3.5231,0.70139,0.57684,303.73,298.15,184.71,0
3.5395,0.70001,0.57718,303.75,298.15,154.72,0
3.553,0.6989,0.57955,303.56,298.15,134.68,0
3.5626,0.69786,0.58091,303.35,298.15,120.91,0
3.5815,0.69699,0.58349,303.06,298.15,97.32,0
3.5954,0.69628,0.58648,302.71,298.15,83.06,0
3.6145,0.6957,0.58948,302.33,298.15,65.469,0
3.6458,0.69527,0.59368,301.93,298.15,42.915,0
3.6471,0.69494,0.59695,301.52,298.15,43.459,0
3.6512,0.69456,0.59856,301.19,298.15,41.335,0
3.6775,0.69428,0.60151,300.87,298.15,27.823,0
3.6755,0.69404,0.60372,300.56,298.15,29.522,0
3.6676,0.69378,0.60482,300.31,298.15,33.958,0
3.6965,0.69356,0.6071,300.08,298.15,21.381,0
3.7033,0.69342,0.60967,299.85,298.15,19.58,0
3.6814,0.69322,0.61018,299.67,298.15,28.74,0
3.6721,0.69295,0.61009,299.54,298.15,33.465,0
3.6714,0.69267,0.61026,299.44,298.15,33.89,0
3.6611,0.69235,0.60988,299.36,298.15,39.737,0
3.6732,0.69204,0.61033,299.29,298.15,33.007,0
3.6673,0.69175,0.61066,299.23,298.15,36.457,0
3.6607,0.69143,0.61057,299.18,298.15,40.434,0
3.6476,0.69101,0.60893,299.19,298.15,48.524,0
3.6593,0.69064,0.60882,299.17,298.15,40.655,0
3.6571,0.69038,0.61032,299.11,298.15,42.762,0
3.6582,0.69001,0.60958,299.11,298.15,41.794,0
3.6728,0.68971,0.61045,299.08,298.15,33.567,0
3.6972,0.68949,0.61261,299.01,298.15,22.962,0
3.698,0.68932,0.61439,298.94,298.15,23.183,0
3.699,0.68914,0.61502,298.88,298.15,22.979,0
3.7914,0.68902,0.61794,298.81,298.15,2.4135,0
3.682,0.68889,0.61732,298.75,298.15,31.528,0
3.6343,0.68848,0.61316,298.79,298.15,61.985,0
3.6061,0.68785,0.60787,298.95,298.15,85.916,0
3.5779,0.68703,0.60145,299.19,298.15,114.67,0
3.5626,0.68594,0.5939,299.57,298.15,128.75,0
3.5614,0.68489,0.58976,299.9,298.15,126.55,0
3.559,0.68388,0.58665,300.15,298.15,127.01,0
3.557,0.68284,0.5836,300.4,298.15,126.89,0
3.5632,0.68185,0.58195,300.58,298.15,116.56,0
3.5769,0.68098,0.58181,300.67,298.15,98.765,0
3.5933,0.68023,0.58308,300.67,298.15,81.055,0
3.6266,0.6797,0.58652,300.55,298.15,52.96,0
3.6693,0.6794,0.59135,300.32,298.15,28.706,0
3.7183,0.67925,0.59621,300.07,298.15,12.594,0
3.7883,0.67921,0.60068,299.81,298.15,1.2237,0
3.7719,0.67922,0.60426,299.58,298.15,3.7392,0
3.7826,0.6792,0.60638,299.38,298.15,2.5154,0
3.7945,0.67919,0.60871,299.21,298.15,1.2237,0
3.7922,0.67918,0.61066,299.07,298.15,1.6996,0
3.7657,0.67915,0.61201,298.94,298.15,5.5237,0
3.7294,0.67907,0.61224,298.84,298.15,12.832,0
3.7052,0.67893,0.61197,298.78,298.15,20.14,0
3.6792,0.67873,0.611,298.74,298.15,31.018,0
3.655,0.67841,0.60899,298.75,298.15,44.36,0
3.6348,0.67798,0.60603,298.81,298.15,57.753,0
3.6151,0.67745,0.60253,298.9,298.15,73.168,0
3.591,0.67676,0.59778,299.07,298.15,95.144,0
3.5687,0.67586,0.59137,299.34,298.15,117.46,0
3.5503,0.67478,0.58428,299.7,298.15,136.41,0
3.5371,0.6736,0.57798,300.09,298.15,150.03,0
3.5292,0.67232,0.57226,300.5,298.15,156.84,0
3.5273,0.67105,0.56794,300.86,298.15,155.29,0
3.5282,0.66981,0.56487,301.16,298.15,150.81,0
3.5295,0.6686,0.56239,301.39,298.15,146.13,0
3.5302,0.66742,0.5603,301.57,298.15,142.94,0
3.5303,0.66627,0.5583,301.71,298.15,140.69,0
3.531,0.66513,0.55645,301.83,298.15,137.6,0
3.5352,0.66403,0.55521,301.9,298.15,129.75,0
3.5414,0.66301,0.55482,301.91,298.15,120.09,0
3.548,0.66208,0.55499,301.87,298.15,110.66,0
3.555,0.66123,0.55552,301.77,298.15,101.65,0
3.5604,0.66043,0.55605,301.66,298.15,94.974,0
3.5604,0.65966,0.55608,301.54,298.15,94.652,0
3.553,0.65886,0.55518,301.44,298.15,102.67,0
3.5479,0.658,0.55335,301.41,298.15,107.31,0
3.5453,0.65709,0.55152,301.41,298.15,109.03,0
3.5486,0.65621,0.55049,301.39,298.15,103.68,0
3.5554,0.65542,0.55079,301.33,298.15,95.246,0
3.5655,0.65468,0.55138,301.24,298.15,83.774,0
3.5707,0.65407,0.55283,301.09,298.15,78.964,0
3.5743,0.65344,0.5532,300.96,298.15,75.191,0
3.5799,0.65283,0.55372,300.84,298.15,69.752,0
3.6035,0.65236,0.55621,300.67,298.15,50.784,0
3.6949,0.65212,0.56179,300.42,298.15,11.098,0
3.6373,0.65196,0.56396,300.14,298.15,32.48,0
3.5795,0.6515,0.56064,300.03,298.15,73.899,0
3.5535,0.65075,0.55554,300.11,298.15,98.799,0
3.5472,0.64989,0.55153,300.25,298.15,103.56,0
3.5676,0.64915,0.55163,300.31,298.15,80.205,0
3.6013,0.64864,0.55465,300.24,298.15,51.447,0
3.6417,0.64835,0.55892,300.06,298.15,28.435,0
3.6982,0.64821,0.56349,299.84,298.15,10.64,0
3.77,0.64817,0.56789,299.61,298.15,0.16996,0
3.7507,0.64816,0.57071,299.41,298.15,2.8044,0
3.7642,0.64814,0.5731,299.24,298.15,1.3767,0
3.7704,0.64814,0.57532,299.09,298.15,0.84981,0
3.7719,0.64813,0.57725,298.96,298.15,0.8668,0
3.7742,0.64813,0.57895,298.85,298.15,0.76483,0
3.7743,0.64812,0.58049,298.75,298.15,0.91779,0
3.776,0.64811,0.58192,298.67,298.15,0.8668,0
3.7784,0.6481,0.58322,298.59,298.15,0.71384,0
3.7792,0.6481,0.58449,298.53,298.15,0.74783,0
3.7799,0.64809,0.58568,298.48,298.15,0.79882,0
3.7811,0.64808,0.58679,298.43,298.15,0.76483,0
3.7815,0.64808,0.58783,298.4,298.15,0.83281,0
3.7826,0.64807,0.58883,298.36,298.15,0.79882,0
3.7613,0.64807,0.58974,298.33,298.15,3.6372,0
3.6959,0.64797,0.58886,298.32,298.15,17.166,0
3.6458,0.64772,0.5859,298.36,298.15,38.394,0
3.6013,0.64727,0.58088,298.48,298.15,68.851,0
3.569,0.64656,0.57377,298.72,298.15,96.98,0
3.5441,0.64564,0.56614,299.06,298.15,122.17,0
3.5326,0.64459,0.55962,299.45,298.15,132.81,0
3.5335,0.64353,0.5552,299.81,298.15,128.13,0
3.5434,0.64255,0.55319,300.07,298.15,113.18,0
3.5489,0.64167,0.55196,300.23,298.15,105.34,0
3.5571,0.64086,0.55135,300.32,298.15,94.873,0
3.5652,0.64014,0.55141,300.36,298.15,85.661,0
3.569,0.63952,0.55215,300.31,298.15,81.904,0
3.575,0.6389,0.55235,300.28,298.15,75.701,0
3.5823,0.63826,0.55197,300.27,298.15,68.223,0
3.5869,0.6377,0.5523,300.21,298.15,64.075,0
3.5828,0.63716,0.55242,300.14,298.15,67.679,0
3.5777,0.63657,0.55122,300.11,298.15,71.656,0
3.5739,0.63597,0.55006,300.09,298.15,74.528,0
3.5753,0.63536,0.54916,300.09,298.15,72.557,0
3.5744,0.63478,0.54887,300.06,298.15,73.185,0
3.5776,0.63417,0.5481,300.06,298.15,69.514,0
3.5761,0.63359,0.54765,300.04,298.15,70.568,0
3.5678,0.63299,0.54653,300.03,298.15,78.097,0
3.5548,0.6323,0.54383,300.07,298.15,90.437,0
3.5427,0.6315,0.54056,300.17,298.15,102.81,0
3.5326,0.6306,0.53691,300.32,298.15,113.57,0
3.5228,0.62962,0.53292,300.5,298.15,124.68,0
3.518,0.62856,0.52899,300.72,298.15,129.31,0
3.5205,0.62753,0.52648,300.9,298.15,124.17,0
3.5247,0.62655,0.52527,301.01,298.15,117.63,0
3.5269,0.62561,0.52418,301.08,298.15,114.06,0
3.5301,0.62471,0.5233,301.12,298.15,109.08,0
3.5316,0.62384,0.52265,301.13,298.15,106.62,0
3.5308,0.62297,0.52159,301.14,298.15,106.97,0
3.5318,0.62209,0.5204,301.15,298.15,104.8,0
3.5351,0.62126,0.51975,301.14,298.15,100.16,0
3.5349,0.62047,0.51942,301.1,298.15,99.971,0
3.5265,0.61961,0.5176,301.1,298.15,109.54,0
3.5138,0.61863,0.51402,301.17,298.15,125.18,0
3.5035,0.61755,0.51004,301.31,298.15,138.38,0
3.4959,0.61637,0.50596,301.5,298.15,148.34,0
3.4965,0.61516,0.5029,301.68,298.15,145.86,0
3.5233,0.61414,0.50419,301.73,298.15,107.35,0
3.5968,0.61359,0.5115,301.49,298.15,39.686,0
3.6526,0.6134,0.51889,301.1,298.15,15.925,0
3.5569,0.61298,0.51713,300.83,298.15,72.93,0
3.5186,0.61218,0.51142,300.82,298.15,114.96,0
3.5107,0.61118,0.50679,300.94,298.15,123.66,0
3.5279,0.61028,0.50607,301.01,298.15,100.4,0
3.5538,0.60959,0.5083,300.93,298.15,72.285,0
3.5888,0.60914,0.51245,300.74,298.15,44.411,0
3.6312,0.6089,0.51749,300.46,298.15,22.843,0
3.6952,0.6088,0.52248,300.17,298.15,6.5265,0
3.7363,0.60878,0.52675,299.89,298.15,1.1727,0
3.7225,0.60875,0.52938,299.66,298.15,3.0253,0
3.7401,0.60873,0.53196,299.45,298.15,1.0368,0
3.7443,0.60873,0.5343,299.27,298.15,0.67985,0
3.7444,0.60872,0.53633,299.12,298.15,0.79882,0
3.7448,0.60871,0.53807,298.99,298.15,0.8668,0
3.7465,0.60871,0.5397,298.87,298.15,0.78182,0
3.7474,0.6087,0.54123,298.77,298.15,0.78182,0
3.7485,0.6087,0.54267,298.68,298.15,0.74783,0
3.7502,0.60869,0.544,298.61,298.15,0.64585,0
3.751,0.60869,0.54526,298.55,298.15,0.64585,0
3.7521,0.60868,0.54646,298.49,298.15,0.61186,0
3.7515,0.60868,0.54758,298.44,298.15,0.76483,0
3.7528,0.60867,0.54864,298.4,298.15,0.69684,0
3.7539,0.60866,0.54964,298.36,298.15,0.64585,0
3.7553,0.60866,0.55061,298.33,298.15,0.56087,0
3.7547,0.60866,0.55157,298.31,298.15,0.71384,0
3.7549,0.60865,0.55247,298.28,298.15,0.76483,0
3.7562,0.60864,0.5533,298.27,298.15,0.67985,0
3.7562,0.60863,0.55407,298.25,298.15,0.74783,0
3.7579,0.60863,0.55487,298.24,298.15,0.61186,0
3.7585,0.60862,0.55567,298.23,298.15,0.61186,0
3.7534,0.60862,0.55639,298.22,298.15,1.2917,0
3.7354,0.6086,0.55679,298.21,298.15,3.6712,0
3.681,0.60853,0.5564,298.21,298.15,14.124,0
3.6351,0.60834,0.55394,298.24,298.15,30.814,0
3.6,0.608,0.55032,298.33,298.15,50.971,0
3.5653,0.60745,0.54451,298.5,298.15,78.199,0
3.5401,0.60668,0.53771,298.77,298.15,102.44,0
3.522,0.60575,0.53069,299.11,298.15,122.24,0
3.5047,0.60464,0.5232,299.51,298.15,143.6,0
3.492,0.60336,0.5153,299.98,298.15,160.39,0
3.4868,0.60198,0.5084,300.47,298.15,166.26,0
3.4826,0.60065,0.50362,300.86,298.15,171.81,0
3.4801,0.59922,0.49825,301.25,298.15,174.14,0
3.4818,0.59782,0.4944,301.59,298.15,169.71,0
3.4861,0.59647,0.49174,301.83,298.15,161.14,0
3.4906,0.5952,0.48989,301.99,298.15,152.66,0
3.4954,0.594,0.48847,302.08,298.15,143.92,0
3.503,0.59287,0.48784,302.11,298.15,131.4,0
3.5121,0.59186,0.48809,302.06,298.15,117.85,0
3.518,0.59096,0.48878,301.94,298.15,109.54,0
3.52,0.59009,0.48853,301.83,298.15,106.14,0
3.5225,0.58924,0.48832,301.71,298.15,102.4,0
3.5266,0.58843,0.48835,301.58,298.15,96.793,0
3.5347,0.58767,0.48879,301.45,298.15,86.935,0
3.5548,0.58704,0.49088,301.26,298.15,66.659,0
3.6082,0.58669,0.49618,300.96,298.15,30.151,0
3.6946,0.58659,0.50256,300.6,298.15,5.4898,0
3.5899,0.58639,0.50292,300.31,298.15,41.59,0
3.5615,0.58594,0.50072,300.17,298.15,62.257,0
3.548,0.58536,0.49816,300.12,298.15,73.899,0
3.5482,0.58474,0.49646,300.1,298.15,72.981,0
3.5576,0.58419,0.49649,300.05,298.15,64.109,0
3.5711,0.58373,0.49766,299.97,298.15,53.079,0
3.5799,0.58333,0.49901,299.86,298.15,46.892,0
3.5966,0.58298,0.50046,299.75,298.15,36.44,0
3.629,0.58276,0.50357,299.59,298.15,21.602,0
3.6741,0.58266,0.50717,299.42,298.15,9.2799,0
3.734,0.58264,0.51078,299.25,298.15,0.71384,0
3.7344,0.58266,0.51373,299.09,298.15,0.79882,0
3.735,0.58261,0.51508,298.97,298.15,0.79882,0
3.7302,0.5826,0.51699,298.85,298.15,1.4617,0
3.7313,0.58259,0.51843,298.76,298.15,1.4107,0
3.7328,0.58258,0.51988,298.67,298.15,1.3087,0
3.7316,0.58256,0.5212,298.6,298.15,1.5297,0
3.7326,0.58255,0.52241,298.54,298.15,1.4787,0
3.7343,0.58254,0.52357,298.49,298.15,1.3427,0
3.7344,0.58253,0.52466,298.44,298.15,1.3937,0
3.7354,0.58252,0.52567,298.4,298.15,1.3427,0
3.7359,0.58251,0.52668,298.37,298.15,1.3427,0
3.7234,0.5825,0.52754,298.34,298.15,2.9573,0
3.7002,0.58246,0.5279,298.31,298.15,6.3566,0
3.6679,0.58238,0.52766,298.3,298.15,12.985,0
3.6293,0.58221,0.5262,298.32,298.15,25.817,0
3.5952,0.58193,0.52331,298.37,298.15,43.578,0
3.5631,0.58145,0.5187,298.5,298.15,67.067,0
3.5372,0.58078,0.51261,298.71,298.15,90.98,0
3.5175,0.57993,0.50597,298.99,298.15,112.26,0
3.5064,0.57894,0.49954,299.33,298.15,125.07,0
3.507,0.57792,0.49499,299.65,298.15,122.71,0
3.5151,0.57695,0.49243,299.89,298.15,111.19,0
3.5174,0.5761,0.49095,300.03,298.15,107.91,0
3.5147,0.5752,0.48853,300.17,298.15,110.54,0
3.5125,0.5743,0.48614,300.3,298.15,112.48,0
3.5001,0.57332,0.48242,300.45,298.15,128.2,0
3.4864,0.57218,0.47694,300.67,298.15,146.98,0
3.4856,0.57097,0.47274,300.92,298.15,146.78,0
3.4964,0.56983,0.47087,301.1,298.15,129.58,0
3.502,0.56882,0.47013,301.17,298.15,121.05,0
3.5044,0.56785,0.46914,301.19,298.15,117.14,0
3.5101,0.56692,0.46847,301.2,298.15,109,0
3.5201,0.56609,0.46884,301.15,298.15,96.215,0
3.5302,0.56535,0.46985,301.04,298.15,84.624,0
3.5476,0.56475,0.47198,300.89,298.15,67.254,0
3.6001,0.56437,0.47696,300.64,298.15,30.95,0
3.6739,0.56425,0.48291,300.33,298.15,7.8522,0
3.5836,0.56403,0.48317,300.08,298.15,41.114,0
3.5575,0.56359,0.4812,299.96,298.15,59.741,0
3.541,0.56305,0.47887,299.91,298.15,74.001,0
3.5433,0.56242,0.47703,299.91,298.15,71.18,0
3.5639,0.56192,0.47817,299.86,298.15,53.538,0
3.593,0.56158,0.4808,299.74,298.15,34.706,0
3.6284,0.56138,0.48425,299.57,298.15,19.41,0
3.6793,0.56128,0.48794,299.4,298.15,7.0704,0
3.7316,0.56126,0.49138,299.23,298.15,0.20395,0
3.6757,0.56126,0.49357,299.08,298.15,8.0562,0
3.6161,0.56111,0.49291,298.98,298.15,25.222,0
3.5724,0.56078,0.48997,298.95,298.15,49.527,0
3.5392,0.56024,0.48529,299.02,298.15,76.857,0
3.5118,0.55948,0.47888,299.21,298.15,105.77,0
3.49,0.55846,0.47108,299.51,298.15,132.99,0
3.476,0.55726,0.46349,299.89,298.15,152.34,0
3.467,0.55596,0.45682,300.29,298.15,165.75,0
3.4595,0.55455,0.45027,300.71,298.15,177.35,0
3.4545,0.55305,0.44414,301.14,298.15,185.14,0
3.4536,0.55154,0.43912,301.52,298.15,185.87,0
3.4533,0.55002,0.43503,301.85,298.15,185.48,0
3.4556,0.54853,0.4317,302.12,298.15,180.36,0
3.4606,0.54711,0.4296,302.3,298.15,170.49,0
3.4672,0.54577,0.4284,302.4,298.15,158.35,0
3.4733,0.54454,0.42785,302.42,298.15,147.54,0
3.4788,0.54338,0.42754,302.39,298.15,138.14,0
3.4855,0.54229,0.42753,302.31,298.15,127.32,0
3.4945,0.5413,0.42811,302.19,298.15,114.08,0
3.502,0.54042,0.42923,302.02,298.15,103.88,0
3.5097,0.53965,0.43082,301.81,298.15,94.261,0
3.5214,0.53892,0.43218,301.6,298.15,80.817,0
3.5356,0.53835,0.43489,301.35,298.15,66.795,0
3.5546,0.53788,0.43792,301.08,298.15,51.09,0
3.602,0.53759,0.4428,300.76,298.15,24.237,0
3.7068,0.53752,0.44895,300.42,298.15,1.5466,0
3.5857,0.53736,0.44972,300.14,298.15,32.582,0
3.5469,0.53696,0.44758,299.98,298.15,58.229,0
3.5355,0.5364,0.44494,299.93,298.15,67.543,0
3.538,0.53586,0.44434,299.88,298.15,65.095,0
3.5396,0.53534,0.44392,299.83,298.15,63.498,0
3.5445,0.53482,0.44372,299.79,298.15,59.232,0
3.5583,0.53438,0.44472,299.72,298.15,48.626,0
3.5684,0.53405,0.44677,299.6,298.15,42.065,0
3.5847,0.53375,0.44848,299.49,298.15,32.735,0
3.6195,0.53355,0.45128,299.36,298.15,18.322,0
3.6867,0.53347,0.45522,299.21,298.15,4.215,0
3.7134,0.53345,0.45841,299.07,298.15,1.1047,0
3.6536,0.5334,0.45977,298.94,298.15,9.9597,0
3.6002,0.53325,0.45935,298.86,298.15,26.735,0
3.5554,0.5329,0.4563,298.86,298.15,53.096,0
3.5156,0.53229,0.45029,298.97,298.15,88.822,0
3.4864,0.53138,0.44224,299.23,298.15,123.36,0
3.4708,0.53027,0.43458,299.59,298.15,144.67,0
3.4631,0.52904,0.42789,299.98,298.15,155.87,0
3.4602,0.52773,0.42219,300.36,298.15,159.81,0
3.462,0.52644,0.41813,300.69,298.15,156.38,0
3.4625,0.52517,0.41479,300.95,298.15,155.02,0
3.4551,0.52387,0.41058,301.2,298.15,166.9,0
3.4465,0.52243,0.40523,301.49,298.15,181.37,0
3.4421,0.52091,0.40004,301.81,298.15,188.67,0
3.4428,0.51938,0.39621,302.09,298.15,186.69,0
3.447,0.51789,0.39335,302.31,298.15,178.32,0
3.4537,0.51649,0.3919,302.44,298.15,165.78,0
3.4653,0.51523,0.39212,302.45,298.15,145.76,0
3.4774,0.51413,0.39325,302.37,298.15,126.93,0
3.4864,0.51317,0.39473,302.21,298.15,113.74,0
3.4947,0.5123,0.39625,302.03,298.15,102.61,0
3.5055,0.51151,0.39797,301.82,298.15,89.332,0
3.5098,0.51081,0.39951,301.59,298.15,84.318,0
3.5096,0.51018,0.40091,301.36,298.15,84.369,0
3.5096,0.5095,0.40123,301.18,298.15,84.114,0
3.5126,0.50876,0.40059,301.05,298.15,80.426,0
3.5129,0.50809,0.40094,300.91,298.15,79.933,0
3.5123,0.50743,0.40118,300.78,298.15,80.307,0
3.512,0.50677,0.40093,300.67,298.15,80.409,0
3.5103,0.50612,0.40059,300.57,298.15,81.904,0
3.5029,0.50541,0.39946,300.51,298.15,89.723,0
3.4986,0.50466,0.39786,300.49,298.15,94.278,0
3.4964,0.50387,0.39621,300.49,298.15,96.504,0
3.4909,0.50307,0.39478,300.49,298.15,102.91,0
3.4824,0.50219,0.39202,300.54,298.15,113.3,0
3.4659,0.50117,0.38768,300.65,298.15,136.04,0
3.4532,0.49997,0.38213,300.87,298.15,155.33,0
3.4457,0.49864,0.37683,301.14,298.15,167.38,0
3.4426,0.49722,0.37181,301.43,298.15,172.34,0
3.4491,0.49587,0.36949,301.65,298.15,160.83,0
3.4617,0.49466,0.3692,301.74,298.15,140.3,0
3.4714,0.49359,0.36985,301.74,298.15,125.65,0
3.4781,0.49262,0.37057,301.67,298.15,116.05,0
3.4925,0.49177,0.37238,301.55,298.15,97.337,0
3.504,0.49104,0.3745,301.38,298.15,84.131,0
3.5187,0.49044,0.37733,301.16,298.15,69.174,0
3.5288,0.48993,0.38003,300.93,298.15,60.166,0
3.5416,0.48947,0.38246,300.7,298.15,50.139,0
3.5464,0.48908,0.38485,300.47,298.15,46.756,0
3.54,0.48867,0.38574,300.28,298.15,51.464,0
3.5436,0.48824,0.38658,300.13,298.15,48.796,0
3.563,0.48789,0.38876,299.97,298.15,36.355,0
3.581,0.48766,0.39187,299.78,298.15,27.381,0
3.5953,0.48747,0.39451,299.6,298.15,21.619,0
3.6078,0.48731,0.39693,299.44,298.15,17.455,0
3.6409,0.4872,0.39973,299.28,298.15,9.2969,0
3.648,0.48714,0.40238,299.13,298.15,8.0732,0
3.6119,0.48703,0.40355,299.01,298.15,16.622,0
3.5749,0.48683,0.40281,298.94,298.15,31.375,0
3.5534,0.48651,0.40124,298.92,298.15,43.799,0
3.5256,0.48608,0.39871,298.94,298.15,64.925,0
3.5117,0.48542,0.39407,299.07,298.15,77.451,0
3.5073,0.48475,0.3914,299.19,298.15,81.785,0
3.5062,0.48409,0.38939,299.3,298.15,82.788,0
3.508,0.48342,0.38785,299.4,298.15,80.885,0
3.5129,0.48279,0.38714,299.47,298.15,75.939,0
3.5193,0.48219,0.38699,299.5,298.15,69.769,0
3.5281,0.48166,0.38748,299.51,298.15,61.968,0
3.5445,0.48121,0.38883,299.47,298.15,49.187,0
3.5816,0.48091,0.3922,299.38,298.15,27.789,0
3.6631,0.4808,0.39709,299.23,298.15,5.6767,0
3.6584,0.48075,0.40011,299.09,298.15,6.4755,0
3.5902,0.48062,0.4006,298.98,298.15,24.695,0
3.5769,0.48037,0.40014,298.93,298.15,30.797,0
3.6394,0.48021,0.40252,298.86,298.15,10.011,0
3.5918,0.48009,0.40327,298.78,298.15,24.321,0
3.5309,0.47973,0.39953,298.79,298.15,61.339,0
3.4984,0.47907,0.39335,298.94,298.15,92.476,0
3.4761,0.47817,0.38631,299.19,298.15,119.19,0
3.4666,0.47714,0.38003,299.49,298.15,131.94,0
3.4654,0.47604,0.37513,299.8,298.15,133.5,0
3.463,0.47493,0.37107,300.07,298.15,136.77,0
3.4572,0.47377,0.36665,300.33,298.15,145.32,0
3.4521,0.47255,0.36216,300.59,298.15,153.17,0
3.4503,0.47127,0.35802,300.86,298.15,155.75,0
3.4544,0.47003,0.35525,301.07,298.15,148.87,0
3.4599,0.46886,0.35371,301.2,298.15,140.1,0
3.4672,0.46776,0.35289,301.28,298.15,128.98,0
3.4746,0.46676,0.35287,301.28,298.15,118.24,0
3.4748,0.46581,0.35235,301.26,298.15,117.63,0
3.4704,0.46482,0.35083,301.25,298.15,123.21,0
3.4647,0.46378,0.34843,301.27,298.15,130.58,0
3.4645,0.46269,0.34614,301.32,298.15,130.38,0
3.4659,0.46164,0.34471,301.35,298.15,127.76,0
3.4711,0.46063,0.34392,301.35,298.15,120.03,0
3.4788,0.4597,0.34398,301.31,298.15,109.34,0
3.4991,0.45892,0.34616,301.19,298.15,85.083,0
3.5138,0.45831,0.349,301,298.15,70.177,0
3.5287,0.4578,0.35178,300.78,298.15,57.124,0
3.558,0.45743,0.3557,300.53,298.15,36.916,0
3.5797,0.45718,0.35966,300.27,298.15,26.089,0
3.5675,0.45694,0.36168,300.04,298.15,32.004,0
3.5429,0.45662,0.36181,299.87,298.15,46.756,0
3.5217,0.45616,0.36018,299.77,298.15,63.073,0
3.4958,0.45552,0.35653,299.77,298.15,87.972,0
3.4793,0.45469,0.35184,299.87,298.15,106.91,0
3.4665,0.45373,0.34694,300.04,298.15,123.15,0
3.4601,0.45267,0.34233,300.24,298.15,131.72,0
3.4563,0.45156,0.33846,300.45,298.15,137.01,0
3.4553,0.45043,0.33506,300.64,298.15,138.06,0
3.4512,0.4493,0.33221,300.81,298.15,144.08,0
3.4499,0.44807,0.32833,301.01,298.15,145.45,0
3.4548,0.44692,0.32677,301.14,298.15,137.62,0
3.4625,0.44583,0.3259,301.22,298.15,126.09,0
3.4688,0.44485,0.32592,301.23,298.15,117.17,0
3.4789,0.44394,0.32642,301.19,298.15,103.78,0
3.4932,0.44317,0.32834,301.08,298.15,87.105,0
3.503,0.44254,0.33068,300.91,298.15,76.874,0
3.5041,0.44193,0.33195,300.75,298.15,75.735,0
3.5038,0.44128,0.332,300.63,298.15,75.752,0
3.5075,0.44068,0.33273,300.51,298.15,72.03,0
3.5087,0.4401,0.33323,300.39,298.15,70.874,0
3.5096,0.43953,0.3336,300.28,298.15,69.939,0
3.5014,0.43892,0.33297,300.21,298.15,77.689,0
3.4916,0.43824,0.33143,300.17,298.15,87.666,0
3.4803,0.43746,0.32879,300.2,298.15,100.16,0
3.4715,0.43659,0.32575,300.27,298.15,110.61,0
3.4669,0.43565,0.32284,300.37,298.15,116.15,0
3.4694,0.43471,0.32078,300.47,298.15,112.41,0
3.4756,0.43382,0.32002,300.52,298.15,104.37,0
3.4808,0.43301,0.32,300.52,298.15,97.949,0
3.4874,0.43224,0.32017,300.5,298.15,90.335,0
3.4914,0.43152,0.32045,300.46,298.15,85.814,0
3.5016,0.43086,0.32126,300.39,298.15,75.293,0
3.5075,0.43032,0.32311,300.28,298.15,69.786,0
3.5085,0.42976,0.32374,300.18,298.15,68.902,0
3.5032,0.42917,0.32338,300.11,298.15,73.763,0
3.4977,0.42854,0.32258,300.07,298.15,78.981,0
3.4927,0.42787,0.32133,300.05,298.15,83.995,0
3.4892,0.42717,0.32003,300.06,298.15,87.479,0
3.4886,0.42643,0.31874,300.08,298.15,87.853,0
3.4931,0.42573,0.31825,300.08,298.15,82.924,0
3.4966,0.4251,0.31866,300.05,298.15,79.355,0
3.4929,0.42447,0.31845,300.02,298.15,83.06,0
3.4879,0.42373,0.31659,300.04,298.15,88.057,0
3.4885,0.42301,0.31571,300.06,298.15,87.19,0
3.4906,0.4223,0.31495,300.07,298.15,84.794,0
3.5018,0.42166,0.31562,300.05,298.15,73.44,0
3.5254,0.42116,0.31809,299.96,298.15,53.436,0
3.5621,0.42084,0.3221,299.81,298.15,30.882,0
3.5793,0.42064,0.32586,299.63,298.15,23.472,0
3.5673,0.42042,0.32754,299.48,298.15,28.808,0
3.536,0.42011,0.32711,299.37,298.15,46.773,0
3.4995,0.41957,0.32339,299.38,298.15,76.755,0
3.4717,0.41879,0.31771,299.5,298.15,106.72,0
3.4573,0.41781,0.3116,299.73,298.15,124.38,0
3.4528,0.41674,0.30692,299.98,298.15,129.78,0
3.451,0.41569,0.30363,300.19,298.15,131.7,0
3.4532,0.41462,0.3009,300.39,298.15,128.03,0
3.4585,0.41362,0.29945,300.52,298.15,120.35,0
3.463,0.41267,0.29863,300.6,298.15,114.13,0
3.4635,0.41175,0.29759,300.65,298.15,113.08,0
3.4658,0.41084,0.2965,300.7,298.15,109.66,0
3.475,0.40999,0.29671,300.69,298.15,98.272,0
3.4804,0.40922,0.29718,300.65,298.15,92.051,0
3.482,0.40848,0.2972,300.6,298.15,90.029,0
3.4854,0.40775,0.29726,300.55,298.15,86.136,0
3.4909,0.40707,0.29768,300.48,298.15,80.341,0
3.4903,0.40645,0.29831,300.39,298.15,80.987,0
3.4899,0.40579,0.2979,300.32,298.15,81.14,0
3.4892,0.40513,0.29752,300.27,298.15,81.565,0
3.4831,0.40444,0.29657,300.24,298.15,87.717,0
3.4729,0.40367,0.29464,300.25,298.15,98.697,0
3.4706,0.40284,0.29257,300.3,298.15,100.67,0
3.4718,0.40203,0.29123,300.33,298.15,98.833,0
3.4744,0.40123,0.2904,300.36,298.15,95.433,0
3.4822,0.4005,0.29047,300.35,298.15,86.68,0
3.4816,0.3998,0.29045,300.31,298.15,87.258,0
3.4708,0.39904,0.28883,300.31,298.15,98.901,0
3.4627,0.39818,0.28623,300.37,298.15,107.82,0
3.4686,0.39733,0.28518,300.42,298.15,100.16,0
3.4851,0.39658,0.28591,300.41,298.15,81.853,0
3.5339,0.3961,0.2906,300.27,298.15,42.337,0
3.678,0.39595,0.29803,300.02,298.15,1.7846,0
3.528,0.39572,0.29808,299.81,298.15,47.64,0
3.4907,0.39517,0.29451,299.77,298.15,78.216,0
3.4767,0.39445,0.29083,299.82,298.15,91.915,0
3.4781,0.3937,0.28883,299.88,298.15,89.808,0
3.4895,0.39302,0.28862,299.91,298.15,77.723,0
3.5234,0.39253,0.29153,299.84,298.15,49.51,0
3.565,0.39224,0.29575,299.7,298.15,26.446,0
3.6249,0.39211,0.30048,299.51,298.15,9.025,0
3.6912,0.3921,0.30499,299.32,298.15,0.64585,0
3.6432,0.39207,0.30753,299.16,298.15,6.2716,0
3.5992,0.39198,0.30847,299.04,298.15,15.466,0
3.5498,0.39176,0.30734,298.96,298.15,35.471,0
3.5072,0.39135,0.30396,298.96,298.15,64.908,0
3.4676,0.39062,0.29696,299.11,298.15,104.27,0
3.4407,0.3896,0.28862,299.41,298.15,137.6,0
3.4263,0.38836,0.28058,299.81,298.15,156.74,0
3.4176,0.38702,0.27364,300.24,298.15,168.28,0
3.4159,0.38564,0.26854,300.63,298.15,168.86,0
3.4204,0.3843,0.2651,300.95,298.15,159.9,0
3.4204,0.38301,0.26224,301.2,298.15,158.34,0
3.4122,0.38167,0.25827,301.44,298.15,169.76,0
3.4036,0.38023,0.25348,301.72,298.15,181.71,0
3.3986,0.37871,0.249,302.01,298.15,187.65,0
3.398,0.37719,0.24545,302.28,298.15,185.85,0
3.4031,0.37571,0.24316,302.49,298.15,174.87,0
3.4156,0.37438,0.24301,302.57,298.15,153.32,0
3.4322,0.37325,0.24461,302.51,298.15,128.8,0
3.4496,0.3723,0.24716,302.34,298.15,106.45,0
3.468,0.37155,0.25055,302.08,298.15,86.153,0
3.4776,0.3709,0.25336,301.8,298.15,77.095,0
3.4858,0.37028,0.2553,301.53,298.15,69.565,0
3.4941,0.36975,0.25748,301.26,298.15,62.699,0
3.4963,0.36925,0.25907,301.01,298.15,61.118,0
3.4936,0.36874,0.26009,300.8,298.15,63.532,0
3.4966,0.36824,0.26085,300.61,298.15,61.016,0
3.5055,0.36775,0.26188,300.44,298.15,54.031,0
3.535,0.3674,0.26487,300.25,298.15,35.386,0
3.5798,0.36721,0.26926,300,298.15,17.234,0
3.5784,0.3671,0.2725,299.77,298.15,18.067,0
3.5615,0.36693,0.27406,299.58,298.15,24.406,0
3.5255,0.36664,0.27323,299.46,298.15,42.898,0
3.4821,0.36612,0.26924,299.45,298.15,76.381,0
3.4546,0.36536,0.26362,299.57,298.15,103.9,0
3.45,0.36448,0.25942,299.75,298.15,107.64,0
3.4488,0.3636,0.25644,299.92,298.15,107.7,0
3.4532,0.36274,0.25463,300.05,298.15,101.55,0
3.4637,0.36196,0.2543,300.12,298.15,89.519,0
3.4677,0.36127,0.2545,300.13,298.15,85.389,0
3.461,0.36055,0.25349,300.14,298.15,92.153,0
3.4517,0.35975,0.25122,300.2,298.15,101.67,0
3.4422,0.35887,0.24837,300.3,298.15,111.83,0
3.432,0.3579,0.24499,300.44,298.15,123.17,0
3.4267,0.35687,0.24171,300.61,298.15,128.52,0
3.4237,0.3558,0.23871,300.78,298.15,130.87,0
3.4264,0.35475,0.23684,300.92,298.15,125.86,0
3.4323,0.35377,0.23611,300.99,298.15,117.39,0
3.4418,0.35286,0.23617,301.02,298.15,105.29,0
3.4559,0.35208,0.23748,300.97,298.15,89.57,0
3.4749,0.35143,0.23989,300.84,298.15,71.333,0
3.4914,0.35093,0.24289,300.66,298.15,58.144,0
3.5031,0.3505,0.24537,300.47,298.15,50.02,0
3.5065,0.3501,0.24716,300.29,298.15,48.116,0
3.5023,0.3497,0.24822,300.12,298.15,51.379,0
3.4978,0.34926,0.24848,300,298.15,54.728,0
3.5036,0.34883,0.24924,299.9,298.15,50.632,0
3.5415,0.34851,0.2521,299.76,298.15,28.978,0
3.6516,0.34839,0.25711,299.57,298.15,3.0423,0
3.5283,0.34821,0.25699,299.41,298.15,36.967,0
3.4877,0.34777,0.25384,299.38,298.15,64.704,0
3.4654,0.34714,0.2498,299.45,298.15,84.029,0
3.4715,0.34649,0.24809,299.53,298.15,77.095,0
3.5057,0.34598,0.24985,299.53,298.15,49.323,0
3.5475,0.34569,0.25347,299.44,298.15,26.684,0
3.6088,0.34558,0.25799,299.28,298.15,9.1439,0
3.6725,0.34554,0.26177,299.13,298.15,1.1727,0
3.6449,0.34553,0.26438,299,298.15,4.1811,0
3.6696,0.3455,0.26653,298.88,298.15,1.6316,0
3.6699,0.34548,0.26851,298.78,298.15,1.6826,0
3.6738,0.34547,0.2703,298.7,298.15,1.3767,0
3.6733,0.34546,0.2719,298.62,298.15,1.4787,0
3.6718,0.34545,0.27337,298.56,298.15,1.6826,0
3.6742,0.34543,0.27472,298.5,298.15,1.4957,0
3.6733,0.34542,0.27593,298.45,298.15,1.6316,0
3.6758,0.3454,0.27708,298.41,298.15,1.4277,0
3.675,0.34538,0.2782,298.38,298.15,1.5466,0
3.6755,0.34537,0.27929,298.34,298.15,1.5466,0
3.6758,0.34536,0.28036,298.32,298.15,1.5466,0
3.6762,0.34535,0.28139,298.29,298.15,1.5466,0
3.6764,0.34534,0.2824,298.27,298.15,1.5636,0
3.6783,0.34533,0.28339,298.25,298.15,1.4107,0
3.679,0.34532,0.2843,298.24,298.15,1.3767,0
3.6801,0.34532,0.28519,298.23,298.15,1.2917,0
3.6792,0.34531,0.28604,298.22,298.15,1.4107,0
3.6807,0.3453,0.28686,298.21,298.15,1.2917,0
3.6814,0.34529,0.28766,298.2,298.15,1.2407,0
3.6837,0.34528,0.28842,298.19,298.15,1.0368,0
3.6781,0.34527,0.28912,298.18,298.15,1.6316,0
3.6792,0.34526,0.28982,298.18,298.15,1.5466,0
3.6807,0.34525,0.29049,298.17,298.15,1.4107,0
3.6811,0.34523,0.29112,298.17,298.15,1.3937,0
3.681,0.34522,0.29176,298.17,298.15,1.4277,0
3.6823,0.34521,0.29241,298.17,298.15,1.3087,0
3.6605,0.34519,0.29284,298.16,298.15,3.7561,0
3.6031,0.34512,0.29219,298.17,298.15,14.005,0
3.5527,0.34492,0.28974,298.21,298.15,32.582,0
3.5069,0.3445,0.28454,298.32,298.15,61.492,0
3.4632,0.34381,0.2766,298.54,298.15,101.93,0
3.4326,0.34279,0.2667,298.92,298.15,137.38,0
3.4146,0.34156,0.25746,299.39,298.15,160.15,0
3.4007,0.34016,0.2487,299.91,298.15,178.29,0
3.3939,0.33867,0.24122,300.44,298.15,185.44,0
3.396,0.33717,0.23581,300.92,298.15,178.34,0
3.3976,0.33575,0.23195,301.28,298.15,172.87,0
3.3969,0.33435,0.22827,301.57,298.15,171.32,0
3.3973,0.33296,0.22501,301.82,298.15,167.97,0
3.4005,0.33162,0.22251,302.01,298.15,160.49,0
3.4031,0.33034,0.22065,302.13,298.15,154.51,0
3.4038,0.32909,0.21882,302.21,298.15,151.42,0
3.4056,0.32788,0.2171,302.26,298.15,146.8,0
3.4145,0.32673,0.21645,302.27,298.15,132.54,0
3.4269,0.32573,0.21721,302.18,298.15,115.45,0
3.4419,0.32487,0.21883,302.02,298.15,97.524,0
3.4554,0.32415,0.22094,301.8,298.15,83.315,0
3.4725,0.32355,0.22341,301.54,298.15,67.594,0
3.5055,0.32311,0.22738,301.23,298.15,43.578,0
3.5635,0.32288,0.23274,300.88,298.15,17.727,0
3.6439,0.32281,0.23812,300.52,298.15,3.0593,0
3.6405,0.32279,0.24182,300.19,298.15,3.6372,0
3.5399,0.32263,0.24179,299.94,298.15,28.248,0
3.5089,0.32231,0.24032,299.79,298.15,44.734,0
3.503,0.32193,0.23939,299.69,298.15,48.269,0
3.503,0.32154,0.23907,299.6,298.15,47.997,0
3.5072,0.32116,0.23917,299.53,298.15,45.193,0
3.5441,0.32087,0.24127,299.43,298.15,25.953,0
3.6659,0.32077,0.24555,299.28,298.15,1.1557,0
3.5493,0.32067,0.24618,299.14,298.15,24.78,0
3.5225,0.3204,0.24505,299.08,298.15,37.511,0
3.5171,0.32008,0.24423,299.05,298.15,40.417,0
3.512,0.31973,0.24349,299.03,298.15,43.289,0
3.5056,0.31936,0.24258,299.03,298.15,47.164,0
3.5029,0.31896,0.24179,299.04,298.15,48.745,0
3.5012,0.31855,0.24107,299.05,298.15,49.731,0
3.5031,0.31815,0.24072,299.06,298.15,48.269,0
3.5128,0.31779,0.24105,299.06,298.15,42.116,0
3.5384,0.3175,0.24261,299.02,298.15,28.791,0
3.5643,0.31731,0.24493,298.95,298.15,19.104,0
3.6046,0.31721,0.24759,298.86,298.15,9.2459,0
3.6681,0.31717,0.25042,298.77,298.15,1.1727,0
3.6732,0.31717,0.2526,298.68,298.15,0.78182,0
3.6741,0.31716,0.25436,298.61,298.15,0.76483,0
3.6739,0.31716,0.25583,298.55,298.15,0.84981,0
3.6687,0.31715,0.25712,298.49,298.15,1.4107,0
3.6254,0.31713,0.25798,298.44,298.15,6.6285,0
3.5731,0.31702,0.25719,298.42,298.15,18.339,0
3.5307,0.31678,0.25483,298.44,298.15,35.93,0
3.4884,0.31636,0.25041,298.53,298.15,63.413,0
3.4591,0.31571,0.24431,298.72,298.15,88.244,0
3.4406,0.31489,0.23808,298.98,298.15,105.77,0
3.4256,0.31397,0.23228,299.28,298.15,121.22,0
3.4099,0.31289,0.22574,299.63,298.15,138.76,0
3.4,0.3117,0.21951,300.02,298.15,149.11,0
3.3941,0.31047,0.21432,300.39,298.15,154.51,0
3.3915,0.30919,0.20971,300.75,298.15,155.24,0
3.3959,0.30796,0.20686,301.03,298.15,146.44,0
3.4073,0.30684,0.20575,301.2,298.15,129.07,0
3.4196,0.30588,0.20605,301.25,298.15,113.02,0
3.4227,0.30498,0.20592,301.24,298.15,108.72,0
3.4181,0.30409,0.20479,301.23,298.15,113.42,0
3.4083,0.30311,0.20213,301.27,298.15,123.9,0
3.398,0.30204,0.19878,301.37,298.15,135.29,0
3.3916,0.3009,0.19531,301.51,298.15,141.49,0
3.3954,0.29976,0.19306,301.64,298.15,133.9,0
3.4016,0.29872,0.19219,301.69,298.15,124.31,0
3.4075,0.29774,0.1918,301.68,298.15,115.86,0
3.4109,0.29682,0.19146,301.64,298.15,111,0
3.4116,0.29593,0.19095,301.59,298.15,109.32,0
3.4072,0.29501,0.18961,301.56,298.15,113.47,0
3.3997,0.29405,0.18747,301.56,298.15,121.23,0
3.3963,0.29304,0.18531,301.6,298.15,123.71,0
3.3961,0.29204,0.18372,301.63,298.15,122.39,0
3.3986,0.29106,0.18255,301.64,298.15,117.82,0
3.4013,0.29012,0.18182,301.63,298.15,113.57,0
3.4055,0.28922,0.1814,301.6,298.15,107.67,0
3.4104,0.28837,0.18133,301.54,298.15,101.48,0
3.4159,0.28757,0.18156,301.45,298.15,95.008,0
3.419,0.28683,0.18208,301.34,298.15,91.592,0
3.4228,0.28609,0.18207,301.24,298.15,87.241,0
3.4257,0.28538,0.18214,301.14,298.15,83.961,0
3.4305,0.28471,0.18263,301.03,298.15,79.219,0
3.4384,0.28409,0.18332,300.91,298.15,71.911,0
3.4558,0.28357,0.18526,300.75,298.15,57.957,0
3.4783,0.28317,0.18811,300.54,298.15,43.153,0
3.5419,0.28295,0.19283,300.29,298.15,16.163,0
3.6539,0.2829,0.19803,300,298.15,0.016996,0
3.5194,0.28277,0.19886,299.77,298.15,25.171,0
3.4943,0.28251,0.19845,299.63,298.15,37.086,0
3.48,0.28217,0.19759,299.54,298.15,45.363,0
3.4709,0.28176,0.19657,299.5,298.15,51.073,0
3.4617,0.28132,0.19541,299.48,298.15,57.362,0
3.4678,0.28086,0.1949,299.48,298.15,52.535,0
3.4802,0.28046,0.19566,299.44,298.15,44.479,0
3.4981,0.28015,0.19716,299.37,298.15,34.604,0
3.5426,0.27995,0.20016,299.27,298.15,17.234,0
3.6265,0.27989,0.2041,299.13,298.15,2.7874,0
3.6209,0.27986,0.20655,298.99,298.15,3.5182,0
3.6313,0.27983,0.20869,298.88,298.15,2.5834,0
3.6409,0.27982,0.21058,298.78,298.15,1.7676,0
3.6406,0.2798,0.21223,298.69,298.15,1.8866,0
3.6467,0.27979,0.21376,298.62,298.15,1.4107,0
3.6486,0.27978,0.21516,298.56,298.15,1.3087,0
3.6512,0.27977,0.21645,298.5,298.15,1.1387,0
3.6491,0.27976,0.21758,298.45,298.15,1.3937,0
3.6488,0.27974,0.21865,298.41,298.15,1.4787,0
3.6503,0.27973,0.2197,298.38,298.15,1.3937,0
3.6531,0.27972,0.22074,298.34,298.15,1.1897,0
3.6526,0.27971,0.22172,298.32,298.15,1.2917,0
3.6522,0.2797,0.22262,298.29,298.15,1.3767,0
3.6421,0.27969,0.22344,298.28,298.15,2.3965,0
3.5854,0.27964,0.22338,298.26,298.15,10.419,0
3.527,0.27946,0.22132,298.28,298.15,28.367,0
3.4802,0.27911,0.21713,298.37,298.15,54.388,0
3.4327,0.27848,0.20998,298.58,298.15,93.36,0
3.3899,0.2775,0.19975,298.97,298.15,139.61,0
3.3594,0.27616,0.18828,299.56,298.15,177.85,0
3.3413,0.2746,0.17792,300.26,298.15,200.83,0
3.3374,0.27296,0.17026,300.94,298.15,201.23,0
3.3511,0.27144,0.16686,301.46,298.15,174.35,0
3.3788,0.27021,0.16767,301.69,298.15,132.94,0
3.4377,0.26943,0.17348,301.6,298.15,70.143,0
3.5796,0.26916,0.18305,301.23,298.15,7.5123,0
3.4791,0.26894,0.1854,300.87,298.15,43.697,0
3.437,0.26843,0.18306,300.68,298.15,74.936,0
3.415,0.26771,0.1794,300.65,298.15,94.601,0
3.4237,0.26697,0.17803,300.64,298.15,84.131,0
3.4563,0.26642,0.17999,300.54,298.15,56.257,0
3.4975,0.26608,0.18376,300.33,298.15,31.885,0
3.5529,0.26593,0.18833,300.08,298.15,13.07,0
3.6422,0.26589,0.19273,299.82,298.15,0.79882,0
3.6173,0.26587,0.19545,299.59,298.15,3.3312,0
3.6325,0.26584,0.19779,299.39,298.15,1.9376,0
3.6423,0.26583,0.19987,299.22,298.15,1.1387,0
3.645,0.26583,0.20173,299.07,298.15,0.98578,0
3.6473,0.26582,0.20333,298.95,298.15,0.8668,0
3.6464,0.26581,0.20479,298.84,298.15,1.0198,0
3.6452,0.2658,0.20609,298.74,298.15,1.1897,0
3.6433,0.26579,0.20727,298.66,298.15,1.4277,0
3.6355,0.26578,0.20835,298.59,298.15,2.2265,0
3.5948,0.26574,0.20872,298.53,298.15,7.2234,0
3.539,0.26561,0.20774,298.5,298.15,20.412,0
3.4953,0.26535,0.20511,298.52,298.15,39.584,0
3.4579,0.26491,0.20067,298.62,298.15,63.736,0
3.4328,0.26429,0.19534,298.8,298.15,83.519,0
3.421,0.26356,0.19064,299.03,298.15,92.918,0
3.4212,0.2628,0.18725,299.25,298.15,90.776,0
3.4247,0.26208,0.18511,299.42,298.15,86.052,0
3.433,0.26142,0.18413,299.54,298.15,77.485,0
3.4385,0.26081,0.1836,299.6,298.15,72.166,0
3.429,0.26019,0.18193,299.67,298.15,80.069,0
3.4098,0.25945,0.1785,299.78,298.15,97.694,0
3.3931,0.25858,0.17398,299.97,298.15,113.99,0
3.377,0.25756,0.1688,300.22,298.15,130.84,0
3.3628,0.25642,0.16312,300.54,298.15,146.13,0
3.3536,0.25517,0.15776,300.89,298.15,154.95,0
3.3536,0.25392,0.15403,301.21,298.15,151.4,0
3.3589,0.25273,0.15176,301.45,298.15,141.54,0
3.3699,0.25165,0.15109,301.58,298.15,125.64,0
3.3844,0.25072,0.15172,301.59,298.15,107.67,0
3.4005,0.24992,0.15321,301.51,298.15,90.454,0
3.405,0.24921,0.15415,301.38,298.15,86.136,0
3.4047,0.24852,0.15436,301.26,298.15,86.238,0
3.401,0.2478,0.15373,301.16,298.15,89.23,0
3.3972,0.24705,0.15274,301.1,298.15,92.102,0
3.3959,0.24628,0.1516,301.06,298.15,92.289,0
3.4014,0.24556,0.15136,301,298.15,86.085,0
3.4063,0.24489,0.15151,300.92,298.15,81.021,0
3.4141,0.24425,0.15184,300.83,298.15,73.627,0
3.4324,0.24371,0.15345,300.7,298.15,58.96,0
3.4425,0.24328,0.15547,300.52,298.15,52.348,0
3.4447,0.24286,0.15659,300.36,298.15,51.158,0
3.439,0.24243,0.1568,300.22,298.15,55.22,0
3.4291,0.24195,0.15632,300.13,298.15,62.461,0
3.4088,0.24136,0.15408,300.11,298.15,78.641,0
3.4094,0.24072,0.15254,300.12,298.15,76.993,0
3.4381,0.2402,0.15389,300.08,298.15,53.997,0
3.4992,0.23991,0.15818,299.93,298.15,22.673,0
3.583,0.23983,0.16313,299.7,298.15,4.7929,0
3.4702,0.23963,0.16267,299.54,298.15,37.29,0
3.4503,0.23926,0.16117,299.48,298.15,48.711,0
3.456,0.23888,0.16088,299.44,298.15,44.802,0
3.467,0.23854,0.16149,299.39,298.15,38.479,0
3.4919,0.23828,0.16316,299.31,298.15,26.82,0
3.53,0.23812,0.16584,299.19,298.15,14.566,0
3.5606,0.23803,0.16841,299.07,298.15,8.4641,0
3.6106,0.23799,0.17101,298.95,298.15,2.4304,0
3.6296,0.23798,0.17326,298.84,298.15,0.8838,0
3.6307,0.23798,0.17506,298.74,298.15,0.8838,0
3.6217,0.23797,0.17647,298.66,298.15,1.7336,0
3.6244,0.23795,0.17773,298.59,298.15,1.5636,0
3.6264,0.23794,0.17905,298.53,298.15,1.4617,0
3.6267,0.23793,0.1802,298.48,298.15,1.4957,0
3.6239,0.23792,0.18123,298.43,298.15,1.8016,0
3.6172,0.2379,0.18214,298.4,298.15,2.4814,0
3.6097,0.23788,0.18295,298.36,298.15,3.2803,0
3.6008,0.23785,0.18362,298.34,298.15,4.3,0
3.5918,0.23781,0.18417,298.32,298.15,5.4558,0
3.5826,0.23776,0.18462,298.3,298.15,6.7815,0
3.5714,0.23769,0.18492,298.29,298.15,8.617,0
3.5608,0.23761,0.18504,298.28,298.15,10.657,0
3.5468,0.23751,0.18493,298.29,298.15,13.818,0
3.5279,0.23737,0.18439,298.3,298.15,19.121,0
3.5048,0.23718,0.18313,298.33,298.15,27.534,0
3.4807,0.2369,0.18112,298.38,298.15,38.921,0
3.4632,0.23653,0.17849,298.47,298.15,48.643,0
3.4614,0.23613,0.17659,298.57,298.15,49.119,0
3.4649,0.23573,0.17541,298.66,298.15,46.416,0
3.4714,0.23538,0.17497,298.71,298.15,42.218,0
3.4736,0.23504,0.17463,298.75,298.15,40.842,0
3.4562,0.23466,0.17304,298.8,298.15,51.294,0
3.4145,0.23409,0.16822,298.93,298.15,83.179,0
3.3743,0.23322,0.16032,299.22,298.15,122.39,0
3.343,0.23204,0.15085,299.68,298.15,157.71,0
3.3244,0.23065,0.14187,300.27,298.15,178.32,0
3.3171,0.22916,0.13474,300.86,298.15,183.51,0
3.3222,0.22772,0.1304,301.35,298.15,171.37,0
3.3301,0.22639,0.12796,301.68,298.15,157.2,0
3.3388,0.22517,0.12667,301.89,298.15,143.43,0
3.3429,0.22405,0.12559,302,298.15,136.77,0
3.3451,0.22295,0.12424,302.07,298.15,132.48,0
3.3512,0.22191,0.1235,302.09,298.15,123.53,0
3.3665,0.22099,0.12419,302.04,298.15,104.75,0
3.3813,0.22021,0.12577,301.89,298.15,89.077,0
3.3903,0.21953,0.12718,301.7,298.15,80.307,0
3.3966,0.2189,0.12824,301.5,298.15,74.511,0
3.3944,0.21828,0.12852,301.32,298.15,76.279,0
3.3851,0.21763,0.12765,301.18,298.15,84.216,0
3.3757,0.2169,0.12593,301.11,298.15,92.459,0
3.3678,0.21611,0.12385,301.09,298.15,99.461,0
3.3631,0.21528,0.12183,301.1,298.15,103.23,0
3.3566,0.2144,0.1195,301.14,298.15,109.4,0
3.3514,0.21349,0.11699,301.2,298.15,114.21,0
3.347,0.21253,0.1145,301.28,298.15,118.24,0
3.3459,0.21156,0.11235,301.37,298.15,118.67,0
3.3451,0.21059,0.11043,301.44,298.15,118.7,0
3.3467,0.20964,0.10894,301.5,298.15,116.05,0
3.3453,0.20869,0.10745,301.54,298.15,117.07,0
3.3436,0.20773,0.10567,301.58,298.15,118.36,0
3.3366,0.20673,0.10327,301.65,298.15,126.18,0
3.3282,0.20565,0.10016,301.75,298.15,136.11,0
3.3213,0.2045,0.096734,301.9,298.15,144.28,0
3.317,0.2033,0.093477,302.07,298.15,149.12,0
3.3201,0.2021,0.091276,302.21,298.15,143.45,0
3.3353,0.20103,0.091261,302.26,298.15,122.85,0
3.3758,0.20023,0.095003,302.11,298.15,79.372,0
3.4876,0.19989,0.10359,301.72,298.15,16.248,0
3.4227,0.19962,0.10631,301.31,298.15,44.768,0
3.3603,0.19901,0.10239,301.14,298.15,95.399,0
3.3274,0.19805,0.095939,301.22,298.15,132.08,0
3.3209,0.19693,0.091018,301.42,298.15,138.67,0
3.3381,0.19591,0.089977,301.53,298.15,115.93,0
3.3636,0.1951,0.091637,301.49,298.15,88.244,0
3.4008,0.19452,0.095436,301.3,298.15,56.903,0
3.442,0.19418,0.10033,301.01,298.15,32.582,0
3.4988,0.19402,0.10564,300.66,298.15,13.138,0
3.6047,0.19398,0.11065,300.33,298.15,0.20395,0
3.5591,0.19396,0.11392,300.03,298.15,3.9771,0
3.5918,0.19394,0.11675,299.77,298.15,1.2407,0
3.5885,0.19394,0.11928,299.55,298.15,1.5466,0
3.583,0.19392,0.12126,299.35,298.15,2.0395,0
3.5911,0.19391,0.12316,299.19,298.15,1.4617,0
3.5864,0.1939,0.12488,299.05,298.15,1.8866,0
3.5886,0.19388,0.12633,298.92,298.15,1.7676,0
3.5898,0.19386,0.12777,298.82,298.15,1.7336,0
3.5905,0.19385,0.12913,298.73,298.15,1.7336,0
3.5915,0.19383,0.13038,298.65,298.15,1.7166,0
3.5926,0.19382,0.13156,298.58,298.15,1.6826,0
3.594,0.19381,0.13269,298.52,298.15,1.6316,0
3.594,0.19379,0.13377,298.47,298.15,1.6826,0
3.5964,0.19378,0.1348,298.43,298.15,1.5466,0
3.5949,0.19376,0.13572,298.39,298.15,1.7166,0
3.5991,0.19375,0.13661,298.36,298.15,1.4277,0
3.598,0.19373,0.13747,298.33,298.15,1.5636,0
3.5984,0.19371,0.13833,298.31,298.15,1.5806,0
3.5982,0.1937,0.13918,298.28,298.15,1.6486,0
3.6003,0.19369,0.14004,298.26,298.15,1.5297,0
3.6007,0.19369,0.14089,298.25,298.15,1.5466,0
3.6021,0.19368,0.14172,298.23,298.15,1.4787,0
3.5759,0.19366,0.14215,298.22,298.15,3.9431,0
3.5117,0.19357,0.14139,298.23,298.15,14.719,0
3.4556,0.19336,0.13874,298.28,298.15,34.978,0
3.4128,0.19295,0.1342,298.4,298.15,59.741,0
3.3755,0.19233,0.12782,298.63,298.15,88.567,0
3.3453,0.19146,0.12003,298.98,298.15,117.8,0
3.3263,0.19039,0.11212,299.42,298.15,139.1,0
3.3169,0.1892,0.1051,299.91,298.15,150.43,0
3.313,0.18795,0.099273,300.37,298.15,154.63,0
3.3127,0.18669,0.09461,300.78,298.15,154,0
3.3142,0.18544,0.090891,301.13,298.15,150.7,0
3.3197,0.18425,0.088358,301.39,298.15,142.04,0
3.3269,0.18314,0.086914,301.55,298.15,131.62,0
3.3358,0.18212,0.086253,301.63,298.15,119.96,0
3.3507,0.18123,0.086821,301.61,298.15,102.5,0
3.3686,0.18048,0.088426,301.5,298.15,84.369,0
3.3862,0.17987,0.090655,301.31,298.15,68.902,0
3.4031,0.17937,0.092976,301.09,298.15,56.104,0
3.4148,0.17895,0.095156,300.86,298.15,48.252,0
3.4224,0.17858,0.096979,300.62,298.15,43.595,0
3.4375,0.17826,0.099028,300.4,298.15,35.335,0
3.4502,0.178,0.10116,300.18,298.15,29.403,0
3.4622,0.17778,0.10317,299.97,298.15,24.508,0
3.492,0.17762,0.10564,299.76,298.15,15.11,0
3.5714,0.17756,0.10902,299.55,298.15,2.8044,0
3.5078,0.17749,0.11047,299.37,298.15,11.642,0
3.4548,0.17732,0.10993,299.25,298.15,27.993,0
3.4356,0.17705,0.10878,299.19,298.15,36.882,0
3.4332,0.17674,0.10807,299.15,298.15,37.986,0
3.4541,0.17647,0.10882,299.11,298.15,28.078,0
3.5043,0.17632,0.11117,299.02,298.15,12.39,0
3.5898,0.17627,0.11413,298.91,298.15,1.3767,0
3.5964,0.17627,0.11637,298.8,298.15,0.91779,0
3.5894,0.17626,0.11797,298.71,298.15,1.4957,0
3.5903,0.17625,0.11933,298.64,298.15,1.4617,0
3.5905,0.17624,0.12057,298.57,298.15,1.4787,0
3.5903,0.17623,0.12171,298.51,298.15,1.5297,0
3.5903,0.17622,0.12274,298.46,298.15,1.5636,0
3.591,0.1762,0.1237,298.42,298.15,1.5466,0
3.5897,0.17619,0.1246,298.38,298.15,1.6826,0
3.5918,0.17618,0.12547,298.35,298.15,1.5466,0
3.5943,0.17616,0.12629,298.32,298.15,1.3767,0
3.5935,0.17615,0.12705,298.3,298.15,1.4787,0
3.5947,0.17613,0.12776,298.28,298.15,1.4107,0
3.5949,0.17612,0.12846,298.26,298.15,1.4277,0
3.5946,0.17611,0.12914,298.25,298.15,1.4787,0
3.594,0.17609,0.1298,298.24,298.15,1.5636,0
3.5934,0.17608,0.13045,298.22,298.15,1.6486,0
3.5931,0.17607,0.13109,298.21,298.15,1.6996,0
3.596,0.17606,0.13172,298.2,298.15,1.4957,0
3.5935,0.17605,0.13231,298.2,298.15,1.7336,0
3.5945,0.17603,0.13283,298.19,298.15,1.6826,0
3.5948,0.17602,0.1334,298.19,298.15,1.6826,0
3.5439,0.17598,0.13322,298.19,298.15,7.3253,0
3.485,0.17585,0.1317,298.21,298.15,20.888,0
3.4392,0.17558,0.1285,298.28,298.15,40.332,0
3.3938,0.17511,0.12304,298.43,298.15,69.361,0
3.3513,0.17436,0.11494,298.72,298.15,107.31,0
3.3299,0.17337,0.10658,299.14,298.15,130.45,0
3.3209,0.17225,0.099434,299.59,298.15,140.63,0
3.3059,0.17101,0.092006,300.07,298.15,159.97,0
3.3007,0.16968,0.08554,300.56,298.15,165.51,0
3.3059,0.16837,0.081338,300.97,298.15,155.92,0
3.3087,0.16713,0.078149,301.28,298.15,150.42,0
3.3152,0.16595,0.075977,301.5,298.15,140.18,0.234757475776416
3.3392,0.16494,0.07664,301.57,298.15,110.41,0.234389198142807
3.3675,0.16418,0.079213,301.47,298.15,82.057,0.234193247527891
3.3923,0.16361,0.082262,301.27,298.15,61.883,0
3.4138,0.16317,0.085233,301.01,298.15,47.368,0
3.4666,0.16291,0.089724,300.71,298.15,22.282,0.234169741293591
3.5721,0.16282,0.094846,300.38,298.15,2.6174,0.234337509798183
3.5929,0.16282,0.098661,300.07,298.15,0.98578,0.234577872807868
3.5452,0.16279,0.10092,299.81,298.15,5.4388,0.234778917460949
3.4883,0.16269,0.10162,299.6,298.15,16.078,0.234924223101934
3.4147,0.16241,0.098869,299.48,298.15,47.827,0.23499268977859
3.3627,0.16182,0.092836,299.53,298.15,87.207,0.234884697674964
3.3335,0.16097,0.085651,299.74,298.15,115.74,0.234591966908739
3.3125,0.15991,0.078265,300.07,298.15,138.6,0.234185536002687
3.2949,0.15868,0.070781,300.48,298.15,158.86,0
3.2877,0.15735,0.064541,300.92,298.15,165.08,0
3.2916,0.15604,0.060634,301.3,298.15,156.11,0
3.305,0.15486,0.059107,301.54,298.15,136.28,0
3.3374,0.15392,0.061032,301.57,298.15,99.631,0
3.4013,0.15336,0.066792,301.36,298.15,49.187,0
3.4994,0.15313,0.073982,301,298.15,11.455,0
3.5743,0.1531,0.079717,300.61,298.15,2.1075,0
3.5141,0.15305,0.082833,300.28,298.15,9.1609,0
3.4893,0.15295,0.084629,300.01,298.15,14.362,0
3.3841,0.1526,0.0808,299.86,298.15,64.194,0
3.3269,0.15182,0.072734,299.97,298.15,115.05,0
3.2895,0.15067,0.062884,300.32,298.15,156.87,0
3.2677,0.14928,0.053758,300.84,298.15,180.82,0
3.263,0.14781,0.047395,301.36,298.15,179.22,0
3.2683,0.14641,0.043865,301.77,298.15,164.96,0
3.2789,0.14515,0.042409,302.03,298.15,147.15,0
3.2988,0.14407,0.042945,302.11,298.15,122.46,0
3.3175,0.14316,0.044409,302.06,298.15,103.29,0
3.3248,0.14235,0.045363,301.93,298.15,96.555,0
3.3289,0.14158,0.045811,301.79,298.15,92.527,0
3.3317,0.14084,0.046002,301.65,298.15,89.638,0
3.3283,0.1401,0.045568,301.53,298.15,91.949,0
3.3236,0.13933,0.044633,301.44,298.15,95.059,0
3.3168,0.13853,0.043294,301.39,298.15,99.75,0
3.3074,0.13769,0.041333,301.38,298.15,106.38,0
3.2997,0.13679,0.039236,301.4,298.15,110.87,0
3.2984,0.1359,0.037663,301.44,298.15,109.03,0
3.3036,0.13504,0.036975,301.44,298.15,101.87,0
3.3104,0.13424,0.036869,301.41,298.15,94.652,0
3.3127,0.13348,0.036697,301.35,298.15,91.915,0
3.304,0.1327,0.035599,301.31,298.15,97.881,0
3.2936,0.13187,0.033854,301.32,298.15,104.24,0
3.2845,0.131,0.031878,301.36,298.15,108.21,0
3.2736,0.13009,0.029886,301.42,298.15,113.38,0
3.2613,0.12915,0.027639,301.53,298.15,117.94,0
3.2471,0.12816,0.025307,301.66,298.15,122.58,0
3.2146,0.12709,0.021787,301.86,298.15,138.28,0
3.1643,0.12587,0.01719,302.21,298.15,156.35,0
