4.1,1.0001,1,298.15,298.15,0,80.2522378566553
4.0939,1,0.9999,298.15,298.15,0.83281,79.9442326098224
4.098,1.0001,1.0003,298.15,298.15,0.30593,79.9465903428687
4.0798,1.0001,1.0002,298.15,298.15,2.8554,79.9465365771078
4.0639,1,0.9997,298.15,298.15,5.2518,79.9460188251304
4.0619,0.99997,0.99897,298.15,298.15,5.4728,79.9450768551636
4.0636,0.99988,0.99792,298.16,298.15,5.0649,79.9441092694691
4.0583,0.99981,0.99765,298.16,298.15,5.8977,79.9432280844255
4.0621,0.99976,0.99753,298.16,298.15,5.2518,79.9422081880925
4.0644,0.99971,0.99747,298.17,298.15,4.8779,79.9413162154417
4.0607,0.99968,0.99744,298.17,298.15,5.4728,79.9405006412419
4.0628,0.99966,0.99754,298.16,298.15,5.1328,79.9395857340654
4.0611,0.99963,0.99753,298.16,298.15,5.4218,79.9387405082544
4.0617,0.99958,0.99713,298.16,298.15,5.2688,79.9378504434936
4.0617,0.99953,0.99684,298.17,298.15,5.2178,79.936995244775
4.0629,0.99949,0.99669,298.17,298.15,5.0139,79.9361556909931
4.0721,0.99946,0.99672,298.17,298.15,3.5862,79.9353587461834
4.0955,0.99943,0.99697,298.17,298.15,0.28893,79.934824158299
4.0329,0.99937,0.99623,298.16,298.15,10.623,79.9348905110128
4.0206,0.99926,0.99504,298.18,298.15,13.359,79.9330914653661
4.0378,0.99916,0.99488,298.19,298.15,9.3479,79.9308301469715
4.0351,0.99908,0.99471,298.19,298.15,9.8918,79.9293021740744
4.0201,0.99894,0.99338,298.2,298.15,13.172,79.9276896945495
4.0866,0.99888,0.99379,298.21,298.15,1.1727,79.9255111402439
4.0963,0.99897,0.99612,298.18,298.15,0.084981,79.9254974458531
4.0965,0.99897,0.99611,298.18,298.15,0.050988,79.9256695458719
4.096,0.99897,0.99622,298.17,298.15,0.13597,79.9258346447699
4.0961,0.99898,0.9966,298.17,298.15,0.16996,79.9259725034859
4.0975,0.99898,0.99687,298.17,298.15,0,79.9260942218084
4.0645,0.99896,0.99655,298.16,298.15,4.7249,79.9262385054744
4.06,0.99891,0.99607,298.16,298.15,5.3878,79.9255162142136
4.0918,0.99888,0.99629,298.16,298.15,0.71384,79.9246809976907
4.0896,0.99888,0.99662,298.16,298.15,1.0538,79.9246998735833
4.0964,0.99887,0.99661,298.16,298.15,0.11897,79.9246499890965
4.059,0.99885,0.99635,298.16,298.15,5.5917,79.924766444963
3.9891,0.99872,0.99391,298.17,298.15,22.996,79.9238834169484
3.9426,0.99843,0.98975,298.23,298.15,44.309,79.9199461468841
3.9009,0.99794,0.98366,298.35,298.15,72.2,79.9124010386287
3.8621,0.99718,0.97537,298.59,298.15,106.89,79.6660973706646
3.8407,0.99621,0.96675,298.92,298.15,128.8,79.6484179672756
3.8195,0.99503,0.95758,299.33,298.15,154.22,79.627352583056
3.8032,0.99365,0.94778,299.82,298.15,175.86,79.3682876508305
3.7974,0.99212,0.93935,300.35,298.15,182.69,79.106001562243
3.7976,0.99064,0.93313,300.8,298.15,180.4,79.0770316324054
3.7962,0.98919,0.92801,301.16,298.15,180.94,78.8144247270826
3.8016,0.98769,0.92302,301.5,298.15,168.96,78.5518649758599
3.8067,0.98642,0.92146,301.65,298.15,159.07,78.5254929742892
3.8071,0.98518,0.91893,301.76,298.15,155.65,78.2666202889755
3.8036,0.9839,0.91578,301.87,298.15,156.7,78.242563226701
3.7946,0.9826,0.91204,301.99,298.15,163.4,77.9843432668652
3.7831,0.98123,0.90779,302.14,298.15,170.22,77.7252132207892
3.7698,0.97981,0.90325,302.33,298.15,177.42,77.6993981890538
3.7599,0.97833,0.89882,302.55,298.15,181.38,77.4384990933815
3.7608,0.97687,0.89541,302.76,298.15,172.39,77.1771836463872
3.7758,0.9756,0.89535,302.8,298.15,146.68,77.1516172754075
3.797,0.97452,0.89667,302.71,298.15,117.1,76.8959106998131
3.8411,0.97375,0.90097,302.44,298.15,72.778,76.8790039509191
3.9031,0.97341,0.90827,301.96,298.15,36.304,76.8690879311303
3.953,0.9732,0.9139,301.49,298.15,18.203,76.6309109368528
4.0088,0.97311,0.91879,301.05,298.15,5.9826,76.6298845297786
3.9755,0.97306,0.9221,300.65,298.15,13.563,76.6308967217172
3.8969,0.97279,0.92018,300.37,298.15,49.051,76.630539796049
3.8601,0.97223,0.91591,300.24,298.15,76.551,76.624240630968
3.8578,0.97158,0.91313,300.2,298.15,75.701,76.6135452644861
3.8922,0.97106,0.91414,300.1,298.15,48.218,76.6030877666858
4.0015,0.97086,0.91936,299.9,298.15,7.2404,76.3630132131708
3.8534,0.97044,0.91465,299.77,298.15,81.276,76.3639845143222
3.7931,0.96948,0.90477,299.95,298.15,137.02,76.3526473598981
3.7585,0.96822,0.8953,300.34,298.15,166.89,76.3326291392505
3.7386,0.96675,0.88622,300.85,298.15,191.77,76.0741281314631
3.7298,0.96509,0.87778,301.43,298.15,206.42,75.8121848289729
3.7283,0.96339,0.87114,301.97,298.15,208.61,75.782577042899
3.723,0.96165,0.86512,302.47,298.15,216.99,75.5187832187268
3.7196,0.95986,0.85953,302.94,298.15,219.35,75.2539860816953
3.729,0.95815,0.85675,303.3,298.15,196.95,74.9890615842626
3.7534,0.95675,0.85815,303.39,298.15,154.05,74.7275369211735
3.7842,0.95568,0.86198,303.22,298.15,111.04,74.7065495302998
3.8339,0.955,0.86828,302.84,298.15,59.877,74.4577681249344
3.9553,0.95479,0.878,302.26,298.15,6.9514,74.450984354759
3.8571,0.95459,0.88057,301.75,298.15,44.207,74.4526332992619
3.8106,0.95403,0.87768,301.47,298.15,82.907,74.4480438336888
3.7941,0.95326,0.87404,301.35,298.15,100.18,74.4373794399203
3.8127,0.95254,0.874,301.24,298.15,78.998,74.189993293748
3.8764,0.95215,0.87938,300.97,298.15,31.766,74.1801487689243
3.8818,0.95189,0.8823,300.67,298.15,29.369,74.1777641607454
3.8002,0.95134,0.87794,300.52,298.15,92.34,74.1756860576915
3.7512,0.95028,0.86776,300.69,298.15,156.02,74.1636248515896
3.7172,0.94874,0.85547,301.19,298.15,208.08,73.9080196444777
3.6868,0.94683,0.84293,301.92,298.15,249.42,73.6451803049167
3.6633,0.9447,0.83242,302.8,298.15,269.8,73.3769177463237
3.6474,0.94246,0.82412,303.72,298.15,274.23,73.1063452409437
3.6509,0.94033,0.82024,304.46,298.15,249.18,72.8357157701433
3.6582,0.93841,0.81872,304.92,298.15,225.93,72.5688273305086
3.6672,0.93667,0.81826,305.17,298.15,203.9,72.5393890406516
3.6742,0.93509,0.81824,305.25,298.15,188.44,72.2788422412714
3.6731,0.93357,0.81746,305.25,298.15,186.84,72.0204146204855
3.6621,0.93198,0.81454,305.32,298.15,198.89,71.762246280293
3.662,0.93039,0.81245,305.4,298.15,192.19,71.7367637196425
3.6695,0.92889,0.81185,305.4,298.15,175.32,71.4781627641637
3.6767,0.92754,0.81219,305.27,298.15,162.09,71.22188942655
3.6762,0.92624,0.81174,305.12,298.15,161.07,71.2016157650376
3.6731,0.92488,0.80995,305.04,298.15,161.75,70.9473603692
3.6734,0.92358,0.80886,304.93,298.15,158.17,70.9272404449946
3.6772,0.92233,0.80826,304.8,298.15,149.84,70.6735541575262
3.6839,0.92114,0.80814,304.63,298.15,138.13,70.4210338508641
3.7061,0.92014,0.81029,304.36,298.15,109.1,70.4043397534244
3.7424,0.91943,0.81489,303.9,298.15,73.644,70.1574401984407
3.7784,0.91896,0.82006,303.34,298.15,49.306,70.1496770560231
3.8034,0.91862,0.82448,302.78,298.15,37.697,70.1453508962685
3.8364,0.91837,0.82865,302.24,298.15,24.763,70.1426810498927
3.8927,0.91824,0.83322,301.72,298.15,9.9427,70.141921090049
3.9489,0.9182,0.83759,301.23,298.15,1.9885,70.1434141483114
3.8414,0.91805,0.83797,300.85,298.15,30.355,70.1461341868891
3.7895,0.91766,0.83525,300.62,298.15,62.546,70.144353828789
3.7514,0.91697,0.82984,300.6,298.15,92.017,69.9035998905479
3.7335,0.91616,0.82545,300.68,298.15,104.92,69.8928219625734
3.7241,0.91528,0.82195,300.8,298.15,109.93,69.880308334932
3.722,0.91437,0.81923,300.94,298.15,107.18,69.6330435761644
3.7494,0.91362,0.82022,300.97,298.15,78.029,69.6204402198003
3.8286,0.91325,0.82642,300.76,298.15,28.265,69.6120224273033
3.8409,0.91305,0.83046,300.47,298.15,26.021,69.6108889433593
3.7435,0.91248,0.82509,300.38,298.15,94.193,69.3758354448188
3.6811,0.91139,0.81469,300.66,298.15,158.05,69.3649025953328
3.6335,0.90982,0.80199,301.32,298.15,216.9,69.1110312081911
3.6021,0.90781,0.7888,302.31,298.15,265.29,69.0838766180307
3.5869,0.9055,0.77702,303.48,298.15,293.76,68.8169419327474
3.5873,0.9031,0.76918,304.58,298.15,290.16,68.5472022492104
3.5901,0.90078,0.76395,305.44,298.15,281.93,68.2785126117668
3.5969,0.89854,0.76074,306.09,298.15,264.09,68.0112449165974
3.6043,0.89648,0.75918,306.47,298.15,245.56,67.7464112504334
3.6073,0.89452,0.75756,306.7,298.15,237.18,67.4839787026246
3.6007,0.89252,0.75404,306.91,298.15,249.59,67.2227071986837
3.5941,0.89043,0.74976,307.17,298.15,261.76,66.9602294355772
3.5899,0.88826,0.7454,307.46,298.15,267.94,66.6966811308157
3.5938,0.88613,0.74267,307.68,298.15,254.94,66.4327686228131
3.6,0.88412,0.74132,307.76,298.15,237.79,66.1705454945669
3.6002,0.8822,0.73965,307.75,298.15,234.6,65.9103576580212
3.6023,0.88032,0.73809,307.71,298.15,226.9,65.6506380821575
3.612,0.87856,0.73799,307.58,298.15,203.99,65.3918883621925
3.6237,0.87701,0.73912,307.29,298.15,179.51,65.3699199456383
3.6448,0.87571,0.74218,306.85,298.15,142.12,65.1165297339428
3.686,0.87481,0.7484,306.18,298.15,86.323,64.8673463975263
3.8063,0.87444,0.75895,305.26,298.15,12.424,64.8589201577454
3.7053,0.8741,0.76102,304.42,298.15,69.191,64.8598953608304
3.6772,0.87337,0.75874,303.93,298.15,98.986,64.8533584511141
3.672,0.87253,0.75704,303.59,298.15,104.22,64.8431817537337
3.6851,0.87174,0.75748,303.28,298.15,87.632,64.5983605088108
3.7488,0.8713,0.76357,302.79,298.15,35.216,64.5898472802508
3.7624,0.87104,0.7679,302.26,298.15,28.774,64.588123203233
3.7217,0.87068,0.76806,301.85,298.15,54.541,64.5872238199641
3.7048,0.87016,0.7668,301.59,298.15,68.851,64.348715267309
3.6935,0.86955,0.76525,301.42,298.15,79.542,64.3425681835467
3.6702,0.86878,0.76155,301.37,298.15,105.29,64.3350953057208
3.6422,0.86774,0.75511,301.51,298.15,142.68,64.0902591441745
3.6181,0.86639,0.74667,301.88,298.15,180.33,64.0751978191463
3.5965,0.86473,0.73703,302.45,298.15,218.55,63.8217846258383
3.5811,0.8628,0.72736,303.19,298.15,247.24,63.5644303325174
3.5794,0.86078,0.72063,303.93,298.15,247.24,63.5386014493179
3.5907,0.8589,0.71811,304.45,298.15,220.53,63.2790481881081
3.608,0.85726,0.71847,304.7,298.15,185.38,63.0224875414143
3.6307,0.85594,0.72123,304.65,298.15,146.25,62.7697040837068
3.6627,0.85495,0.7263,304.35,298.15,101.57,62.7553005912376
3.6994,0.8543,0.73272,303.85,298.15,63.651,62.5116963757813
3.7538,0.85395,0.74,303.23,298.15,28.231,62.5066402385631
3.8138,0.85381,0.74686,302.59,298.15,9.4329,62.5059081395219
3.7633,0.85367,0.75033,302.02,298.15,25.477,62.5076096680682
3.6748,0.85315,0.74568,301.71,298.15,93.105,62.5071777603449
3.6466,0.8522,0.73916,301.74,298.15,127.2,62.2641608022963
3.6349,0.85108,0.73355,301.9,298.15,142.05,62.2514956630797
3.6337,0.8499,0.7296,302.1,298.15,141.88,62.0031082666452
3.6604,0.8489,0.73042,302.16,298.15,104.07,61.9890976814716
3.7378,0.84836,0.73754,301.9,298.15,35.879,61.9794461671054
3.8326,0.84822,0.74536,301.44,298.15,5.8467,61.7437971621264
3.8295,0.84817,0.75041,301,298.15,6.6965,61.746145583067
3.7346,0.84797,0.7505,300.67,298.15,40.604,61.7483281434357
3.6661,0.84735,0.74428,300.61,298.15,101.96,61.7460283244349
3.616,0.84618,0.73289,300.94,298.15,171.9,61.7362190891098
3.59,0.84456,0.72092,301.59,298.15,215.48,61.4844132620669
3.5854,0.84277,0.71247,302.32,298.15,220.03,61.2282616657041
3.5958,0.84109,0.70868,302.88,298.15,196.7,61.206185322668
3.6253,0.83972,0.71025,303.12,298.15,145.06,60.9525637437937
3.6708,0.83881,0.71612,302.96,298.15,85.814,60.7044285520194
3.7289,0.83836,0.72422,302.53,298.15,38.615,60.6969767068698
3.8163,0.83821,0.7325,301.98,298.15,7.9542,60.6949713211027
3.8653,0.83817,0.73833,301.47,298.15,0.93479,60.6967674979355
3.855,0.83816,0.74264,301.01,298.15,2.5154,60.699491000908
3.8537,0.83813,0.74587,300.62,298.15,2.8723,60.7019874731598
3.8617,0.83811,0.74882,300.28,298.15,1.9716,60.7044245566162
3.8726,0.83811,0.75156,299.99,298.15,0.74783,60.7069703731249
3.8767,0.83811,0.75407,299.73,298.15,0.37392,60.7096640835941
3.8766,0.83811,0.75622,299.51,298.15,0.49289,60.7123786890632
3.8784,0.83809,0.75802,299.32,298.15,0.37392,60.7150386429864
3.8782,0.83809,0.75975,299.16,298.15,0.49289,60.7176743739747
3.8806,0.83808,0.76143,299.02,298.15,0.28893,60.7202479880628
3.879,0.83808,0.76299,298.9,298.15,0.57787,60.7228035944078
3.882,0.83808,0.7645,298.79,298.15,0.28893,60.7252671713197
3.882,0.83808,0.76583,298.7,298.15,0.37392,60.7277214945423
3.8829,0.83807,0.76709,298.63,298.15,0.33992,60.7301101799193
3.8858,0.83807,0.76834,298.56,298.15,0.050988,60.732449951223
3.8848,0.83807,0.76954,298.5,298.15,0.25494,60.7347773704637
3.8861,0.83807,0.77072,298.45,298.15,0.16996,60.7370194197053
3.8844,0.83807,0.77186,298.4,298.15,0.4589,60.7392190912432
3.885,0.83807,0.77298,298.37,298.15,0.4589,60.7413216944745
3.889,0.83807,0.77398,298.34,298.15,0.033992,60.7433708285636
3.8799,0.83808,0.77511,298.31,298.15,1.2747,60.7454294558262
3.7863,0.83797,0.77354,298.31,298.15,21.024,60.7472528785111
3.7083,0.83756,0.76745,298.43,298.15,67.135,60.7462614381371
3.6699,0.83682,0.75892,298.74,298.15,105.09,60.7392085818636
3.6426,0.83579,0.74952,299.21,298.15,139.33,60.4934207666027
3.602,0.83435,0.73604,299.89,298.15,204.74,60.4779589705041
3.5637,0.83232,0.71891,300.95,298.15,281.52,60.2213012182218
3.5374,0.82975,0.70108,302.38,298.15,339.92,59.957146781033
3.5345,0.827,0.68956,303.82,298.15,339.92,59.6880086852134
3.532,0.82423,0.68077,305.05,298.15,339.92,59.1855179017457
3.5296,0.82147,0.67365,306.11,298.15,339.92,58.9176757892623
3.5272,0.8187,0.66751,307,298.15,339.92,58.6502004706273
3.5262,0.8159,0.66182,307.79,298.15,334.82,58.383053905824
3.541,0.81338,0.66069,308.24,298.15,290.74,57.8824379360948
3.5394,0.81104,0.65879,308.42,298.15,290.69,57.6200932609049
3.5373,0.80866,0.65574,308.6,298.15,290.07,57.3578880541334
3.5514,0.80646,0.65541,308.61,298.15,250.76,57.0959639584151
3.58,0.8047,0.65907,308.27,298.15,188.32,56.8376729280714
3.62,0.80346,0.6659,307.57,298.15,122,56.819289940306
3.6749,0.80275,0.67491,306.61,298.15,60.948,56.5731252920328
3.8003,0.80251,0.68548,305.54,298.15,6.3566,56.5674353461201
3.6919,0.80224,0.68831,304.6,298.15,51.685,56.567957364941
3.6687,0.80173,0.68844,303.91,298.15,71.792,56.5634366326546
3.6849,0.80121,0.6899,303.33,298.15,56.937,56.5569256129658
3.7061,0.80082,0.693,302.77,298.15,41.963,56.3180731436669
3.7146,0.80051,0.69586,302.24,298.15,37.307,56.315182610731
3.7612,0.80032,0.69994,301.74,298.15,17.234,56.3129292116628
3.6956,0.80001,0.69921,301.34,298.15,51.039,56.3131110931098
3.6447,0.79936,0.69396,301.16,298.15,98.476,56.3094587272955
3.6311,0.79847,0.68888,301.17,298.15,112.51,56.0665647349621
3.6336,0.79757,0.68614,301.18,298.15,107.42,56.056540716508
3.6462,0.79676,0.68576,301.15,298.15,91.558,56.0471385185408
3.7338,0.79635,0.69248,300.91,298.15,26.123,55.8053268038415
3.7346,0.79613,0.69637,300.6,298.15,26.684,55.8049525178658
3.6895,0.79577,0.69587,300.38,298.15,54.15,55.8044736559268
3.6581,0.79518,0.69241,300.31,298.15,81.633,55.8008789256479
3.6394,0.79441,0.68823,300.34,298.15,100.77,55.7943052563085
3.6276,0.79353,0.68422,300.45,298.15,113.64,55.5516038502573
3.6199,0.79256,0.6804,300.6,298.15,121.83,55.5417881680971
3.6145,0.79154,0.67698,300.77,298.15,127.35,55.2970081450333
3.6127,0.79048,0.67386,300.94,298.15,127.98,55.2859133203487
3.6262,0.78951,0.67343,301.03,298.15,109,55.0406102368201
3.6771,0.78888,0.67841,300.92,298.15,57.464,55.0314862297893
3.8137,0.78867,0.68675,300.61,298.15,4.453,55.0277954363754
3.6532,0.78827,0.68419,300.4,298.15,83.026,55.0301216127647
3.5881,0.78718,0.67284,300.59,298.15,166.29,55.023520331625
3.5538,0.78555,0.65978,301.15,298.15,221.17,54.7743936704838
3.5483,0.78371,0.65054,301.83,298.15,224.45,54.5202518175915
3.5659,0.78207,0.64815,302.29,298.15,186.89,54.2660422552161
3.5979,0.78079,0.65071,302.42,298.15,134.07,54.2495775576743
3.6462,0.77998,0.65715,302.24,298.15,76.33,54.0039814418877
3.7151,0.77959,0.66561,301.83,298.15,28.554,53.9982974849275
3.8297,0.77949,0.67384,301.35,298.15,1.3427,53.997697973678
3.8266,0.7795,0.67952,300.9,298.15,2.1585,54.0002464731532
3.8378,0.77948,0.68366,300.52,298.15,1.0538,54.0026784306199
3.8464,0.77948,0.68718,300.19,298.15,0.25494,54.0052500600532
3.8477,0.77948,0.69008,299.91,298.15,0.30593,54.0079189355053
3.8493,0.77947,0.69265,299.67,298.15,0.30593,54.0105711969136
3.8521,0.77947,0.69497,299.45,298.15,0.13597,54.0132081601652
3.8523,0.77947,0.69698,299.28,298.15,0.25494,54.0158468001967
3.8551,0.77947,0.69888,299.12,298.15,0.050988,54.0184443173993
3.8559,0.77946,0.70068,298.98,298.15,0.084981,54.021038003065
3.8544,0.77947,0.70236,298.86,298.15,0.39091,54.0235926140156
3.8567,0.77947,0.70395,298.76,298.15,0.22095,54.0260696650304
3.8577,0.77947,0.70539,298.68,298.15,0.20395,54.0285284408112
3.859,0.77947,0.70676,298.6,298.15,0.13597,54.030946255043
3.8604,0.77947,0.70807,298.54,298.15,0.050988,54.0333277390572
3.8609,0.77947,0.70931,298.48,298.15,0.084981,54.0356734351679
3.8608,0.77947,0.71048,298.43,298.15,0.16996,54.0379665663994
3.8608,0.77947,0.71159,298.39,298.15,0.25494,54.0401998484852
3.8618,0.77946,0.71266,298.36,298.15,0.20395,54.0423730422248
3.8609,0.77946,0.7137,298.33,298.15,0.39091,54.0445038369244
3.8618,0.77946,0.71465,298.3,298.15,0.33992,54.046561104817
3.8626,0.77946,0.71565,298.28,298.15,0.30593,54.0485765065593
3.85,0.77945,0.71644,298.27,298.15,1.9716,54.0505480027469
3.7662,0.77935,0.7152,298.26,298.15,19.512,54.0522558244918
3.686,0.77901,0.70966,298.34,298.15,65.52,54.0517597052873
3.6161,0.77812,0.69717,298.66,298.15,142.21,54.0459556618759
3.5563,0.77649,0.67776,299.41,298.15,238.22,53.7979027204064
3.5096,0.77407,0.65475,300.69,298.15,333.01,53.5406187987474
3.5017,0.77135,0.63945,302.13,298.15,339.92,53.2752331748784
3.4977,0.76858,0.62853,303.43,298.15,339.92,53.0098693320117
3.4942,0.76582,0.61994,304.55,298.15,339.92,52.5108325549083
3.4908,0.76305,0.6127,305.53,298.15,339.92,52.2463455682197
3.4873,0.76028,0.60643,306.38,298.15,339.92,51.9821976140352
3.4839,0.75751,0.60079,307.13,298.15,339.92,51.7183907338211
3.4803,0.75474,0.59564,307.78,298.15,339.92,51.2207665716553
3.4767,0.75196,0.59064,308.37,298.15,339.92,50.9576798905459
3.4882,0.74936,0.58921,308.73,298.15,302.48,50.6949275546878
3.5069,0.74711,0.59071,308.75,298.15,254.11,50.4352131170605
3.5231,0.74521,0.59316,308.47,298.15,217.58,50.179337448884
3.5395,0.74359,0.59612,308.01,298.15,184.82,49.9264240165293
3.5521,0.74218,0.59889,307.44,298.15,162.18,49.6762520585411
3.5559,0.74089,0.60025,306.87,298.15,154.97,49.6622642986684
3.553,0.7396,0.60021,306.37,298.15,158.37,49.4148287966278
3.5382,0.7382,0.59755,306.01,298.15,180.7,49.4014208458283
3.5233,0.73662,0.59318,305.85,298.15,202.73,49.1521477004594
3.5088,0.73486,0.58782,305.85,298.15,224.59,48.9012682593459
3.49,0.73289,0.58098,306.03,298.15,255.95,48.6488725970508
3.478,0.7307,0.574,306.38,298.15,273.13,48.628488499526
3.4786,0.72851,0.56956,306.72,298.15,263.37,48.1387902561712
3.4857,0.72646,0.56775,306.9,298.15,242.21,48.1184128558804
3.4993,0.72463,0.56809,306.89,298.15,210.89,47.8655973131145
3.5112,0.72302,0.56945,306.68,298.15,186.63,47.6152334570621
3.5101,0.7215,0.56925,306.43,298.15,187.4,47.366780503025
3.5,0.71989,0.56683,306.28,298.15,203.9,47.3524818675609
3.4832,0.71809,0.56199,306.3,298.15,233.09,47.1028878192225
3.4605,0.71597,0.5543,306.58,298.15,277.31,46.8512644220063
3.4469,0.71359,0.54644,307.09,298.15,302.82,46.5967216000037
3.4445,0.71111,0.54067,307.62,298.15,302.5,46.3407718412953
3.4719,0.70897,0.54224,307.81,298.15,233.85,46.0851355290199
3.4628,0.70696,0.54024,307.83,298.15,253,45.8342649908078
3.456,0.70483,0.53668,307.94,298.15,265.56,45.5820545935787
3.4639,0.70276,0.5353,308.01,298.15,243.54,45.3291617599716
3.4774,0.70091,0.53621,307.88,298.15,212.15,45.0778784548796
3.4713,0.69913,0.53499,307.7,298.15,223.77,44.8287799770608
3.5091,0.69764,0.53935,307.34,298.15,149.99,44.5789039768507
3.5524,0.69669,0.54702,306.61,298.15,90.335,44.5685699513486
3.582,0.6961,0.55429,305.74,298.15,62.648,44.5628330972611
3.5933,0.69562,0.55932,304.91,298.15,55.119,44.325299303397
3.5932,0.69516,0.56259,304.18,298.15,56.75,44.3226610725974
3.5936,0.69469,0.56491,303.56,298.15,57.532,44.3199675328786
3.6182,0.6943,0.56835,302.98,298.15,40.689,44.3173001472722
3.631,0.694,0.57173,302.44,298.15,34.383,44.3162675003712
3.6901,0.69381,0.57643,301.91,298.15,12.73,44.081731010539
3.7539,0.69377,0.58124,301.4,298.15,2.3965,44.0835576565027
3.6786,0.69368,0.58339,300.97,298.15,17.642,44.0865016847852
3.6289,0.69343,0.58276,300.67,298.15,40.791,44.0878786674824
3.5598,0.6928,0.57619,300.59,298.15,100.58,44.0870235756322
3.5142,0.69169,0.56603,300.83,298.15,157.28,44.0807698288263
3.4816,0.69016,0.55424,301.37,298.15,205.59,43.8357145336279
3.4592,0.6883,0.54289,302.12,298.15,243.62,43.8212418162989
3.4412,0.68615,0.53161,303.04,298.15,278.69,43.5700469713052
3.438,0.68386,0.52326,303.97,298.15,282.53,43.3166805335026
3.4393,0.68158,0.51762,304.77,298.15,277.02,43.0633401507305
3.4332,0.67925,0.51153,305.5,298.15,290.45,42.8105638988922
3.4417,0.677,0.5088,306.07,298.15,267.79,42.5571191764987
3.4505,0.67492,0.5076,306.4,298.15,245.65,42.3052906858622
3.4623,0.67304,0.5081,306.51,298.15,218.52,42.0549478822082
3.4802,0.67142,0.51048,306.4,298.15,181.55,41.806405101454
3.517,0.67022,0.51652,305.98,298.15,120.32,41.5603388116577
3.5433,0.6694,0.52295,305.35,298.15,87.581,41.5527952317742
3.5801,0.66884,0.52984,304.63,298.15,53.317,41.3135695007998
3.6395,0.66857,0.53769,303.85,298.15,21.075,41.3113761907384
3.7296,0.66849,0.54497,303.09,298.15,2.3285,41.3120825616347
3.7422,0.66847,0.55036,302.41,298.15,1.1897,41.3146727857113
3.7458,0.66846,0.55462,301.82,298.15,1.1047,41.3174469747899
3.7441,0.66845,0.55818,301.31,298.15,1.5976,41.3202920796452
3.7439,0.66843,0.56119,300.88,298.15,1.8866,41.3231342766838
3.747,0.66842,0.5639,300.5,298.15,1.7676,41.3259832334963
3.7508,0.6684,0.56644,300.17,298.15,1.5636,41.3288701596693
3.752,0.66839,0.56873,299.9,298.15,1.6486,41.3317919456178
3.7537,0.66838,0.57079,299.66,298.15,1.6486,41.3347061100971
3.7554,0.66836,0.57275,299.44,298.15,1.6486,41.3376121809392
3.7572,0.66835,0.5746,299.26,298.15,1.6316,41.3405018445052
3.7584,0.66834,0.57635,299.1,298.15,1.6826,41.3433696695964
3.7588,0.66832,0.57792,298.98,298.15,1.8016,41.3462018352135
3.7622,0.6683,0.57943,298.86,298.15,1.5636,41.3489857986793
3.7626,0.66829,0.58088,298.76,298.15,1.6826,41.3517564269479
3.7654,0.66828,0.58232,298.68,298.15,1.5127,41.3544705924844
3.768,0.66826,0.58372,298.6,298.15,1.3597,41.3571574410467
3.7715,0.66826,0.58509,298.54,298.15,1.1047,41.3598125693673
3.7649,0.66824,0.58629,298.48,298.15,2.0225,41.3624453173529
3.7484,0.66822,0.58721,298.44,298.15,4.283,41.3649250144833
3.659,0.66807,0.58549,298.43,298.15,27.704,41.3671090277595
3.5909,0.66766,0.57983,298.53,298.15,72.081,41.3668617555847
3.5444,0.66684,0.57053,298.85,298.15,118,41.3624326401023
3.5072,0.66565,0.55927,299.37,298.15,164.32,41.3540285236732
3.4817,0.66409,0.547,300.11,298.15,200.32,41.1077962651331
3.4658,0.66231,0.53623,300.94,298.15,225.37,40.8589189275171
3.4588,0.66044,0.5278,301.75,298.15,236.11,40.6083725790367
3.4506,0.65845,0.51963,302.56,298.15,251.24,40.591436902617
3.4432,0.65633,0.51175,303.35,298.15,265.48,40.339486936036
3.4385,0.6541,0.5045,304.13,298.15,274.66,40.0868147545781
3.4433,0.65191,0.50008,304.78,298.15,261.59,39.8337992671015
3.455,0.64993,0.49855,305.17,298.15,233.43,39.5818506479833
3.4713,0.64818,0.49945,305.3,298.15,198.29,39.3318635796333
3.4922,0.64674,0.50224,305.19,298.15,158.98,39.0842716549251
3.5147,0.64561,0.5064,304.86,298.15,123.24,39.0735771308188
3.5241,0.64467,0.50962,304.43,298.15,110.12,38.8313522101271
3.5229,0.64377,0.51105,304.03,298.15,111.39,38.8243096119445
3.5139,0.64282,0.51059,303.71,298.15,123.02,38.5830972055121
3.5038,0.64175,0.50852,303.52,298.15,136.43,38.5753011071833
3.4941,0.64057,0.50556,303.43,298.15,149.91,38.3324585225627
3.4926,0.63934,0.50312,303.39,298.15,150.52,38.3229615291225
3.4918,0.6381,0.50106,303.37,298.15,150.42,38.0793609785021
3.4929,0.63689,0.49954,303.34,298.15,147.17,38.0700395696043
3.4884,0.63566,0.49748,303.31,298.15,153.42,37.8268673093522
3.4856,0.63439,0.49515,303.33,298.15,156.53,37.8175003216291
3.4821,0.63308,0.49273,303.36,298.15,161.21,37.5738565320845
3.4794,0.63175,0.4902,303.41,298.15,164.44,37.3299505742849
3.4825,0.63043,0.48855,303.45,298.15,157.88,37.320119879071
3.4891,0.62919,0.48796,303.43,298.15,146,37.0766151009132
3.4948,0.62803,0.48804,303.35,298.15,136.51,37.0681571915471
3.5029,0.62698,0.48875,303.21,298.15,123.94,36.8262172659766
3.5115,0.62602,0.49001,303.02,298.15,111.66,36.8193766219886
3.5125,0.62514,0.49086,302.8,298.15,110.08,36.5792540222488
3.5159,0.62426,0.49113,302.61,298.15,105.21,36.5734782829972
3.5151,0.6234,0.4913,302.43,298.15,106.02,36.5680750373447
3.5032,0.62248,0.48969,302.31,298.15,121.47,36.3284869687224
3.4946,0.62143,0.48687,302.3,298.15,132.88,36.3220078961425
3.4921,0.6203,0.48422,302.34,298.15,135.43,36.0806031091861
3.4922,0.61921,0.48283,302.36,298.15,134.63,36.0732737649514
3.4985,0.61815,0.48211,302.35,298.15,124.68,35.8318490233329
3.5038,0.61718,0.48237,302.29,298.15,117.04,35.8253462555194
3.5132,0.61629,0.48316,302.18,298.15,104.34,35.8193676506066
3.533,0.61554,0.48579,302,298.15,81.378,35.5801686601217
3.5533,0.61498,0.48944,301.72,298.15,62.121,35.5768212996154
3.572,0.61454,0.49308,301.42,298.15,47.759,35.5749309702091
3.6227,0.61428,0.49827,301.07,298.15,21.279,35.5741739507303
3.6578,0.61416,0.5032,300.7,298.15,11.336,35.3414706284497
3.689,0.6141,0.50743,300.36,298.15,5.7787,35.3438042227174
3.7223,0.61407,0.51115,300.06,298.15,1.6316,35.3466361720053
3.7172,0.61406,0.51412,299.8,298.15,2.3625,35.3498457817422
3.7058,0.61403,0.51655,299.57,298.15,3.9261,35.3529483547671
3.7201,0.61403,0.51912,299.38,298.15,2.2775,35.3558606207704
3.6708,0.61403,0.52116,299.2,298.15,10.096,35.5930662969024
3.7084,0.61394,0.5225,299.07,298.15,3.9601,35.3611341396975
3.6615,0.61379,0.52239,298.98,298.15,12.39,35.36392353479
3.5527,0.61338,0.51683,299,298.15,70.874,35.3658571273328
3.5046,0.61256,0.50764,299.25,298.15,123.83,35.3627219238364
3.456,0.61118,0.49331,299.84,298.15,199.65,35.355528512942
3.4234,0.60922,0.47644,300.81,298.15,265.34,35.1089839839912
3.4212,0.60705,0.46532,301.85,298.15,269.13,34.8585614822158
3.4492,0.60513,0.46305,302.57,298.15,207.52,34.6082274553708
3.4912,0.60378,0.46741,302.75,298.15,134.35,34.3616938025654
3.5785,0.60315,0.47861,302.44,298.15,42.83,34.3540152636567
3.5435,0.60265,0.48174,302.05,298.15,72.166,34.3529620843916
3.4767,0.60163,0.47414,302,298.15,158.63,34.1154255758234
3.4521,0.60014,0.46495,302.31,298.15,200.32,34.1060970305072
3.4437,0.59844,0.45741,302.74,298.15,215.22,33.8601634004042
3.435,0.59659,0.4502,303.23,298.15,232,33.6135267201919
3.4379,0.59472,0.44542,303.67,298.15,224.28,33.6002607794045
3.4436,0.59296,0.44285,303.98,298.15,211.36,33.353455454208
3.4428,0.59123,0.44002,304.2,298.15,212.2,33.107488345693
3.4414,0.58948,0.4369,304.4,298.15,213.71,32.861562844252
3.4435,0.58776,0.43437,304.56,298.15,208.12,32.6156644922811
3.4457,0.5861,0.43264,304.64,298.15,202.34,32.6043630842536
3.453,0.5845,0.43175,304.67,298.15,186.72,32.3593222282744
3.464,0.58308,0.43256,304.57,298.15,165.37,32.1152203708168
3.4746,0.58182,0.4341,304.36,298.15,146.51,32.106546129136
3.4802,0.58067,0.43528,304.1,298.15,136.77,31.8648778181746
3.4859,0.5796,0.43638,303.83,298.15,127.44,31.8579805346746
3.4902,0.5786,0.43746,303.54,298.15,120.45,31.6175757442973
3.499,0.57765,0.43862,303.26,298.15,107.82,31.6118101669014
3.5121,0.57685,0.44104,302.94,298.15,91.218,31.3727462441654
3.5321,0.5762,0.44454,302.56,298.15,69.956,31.3689874655068
3.5585,0.57573,0.449,302.15,298.15,48.048,31.3667046937186
3.5929,0.57544,0.4542,301.7,298.15,28.061,31.3660242226094
3.6122,0.57525,0.45868,301.26,298.15,20.429,31.13273129172
3.6164,0.57511,0.4623,300.87,298.15,19.257,31.1342510112104
3.6072,0.57494,0.46464,300.54,298.15,22.86,31.1358923502764
3.5868,0.5747,0.46561,300.28,298.15,32.361,31.1372602292066
3.559,0.57436,0.4649,300.1,298.15,49.833,31.1378808417784
3.5285,0.57383,0.46172,300.03,298.15,75.684,31.137158236175
3.5047,0.57307,0.45684,300.1,298.15,101.25,31.1345368780944
3.4898,0.57215,0.45167,300.26,298.15,119.55,30.8959771654899
3.4782,0.5711,0.44672,300.48,298.15,135.22,30.8904311816575
3.4688,0.56993,0.44153,300.76,298.15,148.85,30.8838815343862
3.4712,0.56874,0.43805,301.02,298.15,144.54,30.6423917373277
3.4812,0.56762,0.43678,301.19,298.15,129.05,30.4011842148358
3.4921,0.56664,0.43705,301.25,298.15,113.86,30.3951696482554
3.5002,0.56579,0.43809,301.22,298.15,103.34,30.3900933516009
3.5052,0.56497,0.43847,301.17,298.15,97.116,30.1515503835095
3.5122,0.56422,0.43926,301.09,298.15,89.009,30.1475895948212
3.5127,0.5635,0.43981,301,298.15,88.346,30.1441629805534
3.5056,0.56275,0.43889,300.93,298.15,96.334,29.9066379441126
3.4969,0.5619,0.43688,300.93,298.15,106.65,29.9027646005665
3.5019,0.56106,0.43606,300.93,298.15,100.06,29.8982207240965
3.5092,0.5603,0.4365,300.89,298.15,91.303,29.6599898810788
3.5085,0.55956,0.43645,300.83,298.15,92.051,29.6565043123357
3.5118,0.55883,0.43642,300.78,298.15,88.125,29.6529547691294
3.5199,0.55815,0.43718,300.71,298.15,79.423,29.4155298875119
3.5234,0.55754,0.43817,300.61,298.15,75.888,29.4128626193815
3.5195,0.5569,0.43799,300.53,298.15,79.814,29.4104224330692
3.5327,0.5563,0.43903,300.45,298.15,66.965,29.1735401520419
3.5644,0.55585,0.44215,300.31,298.15,42.507,29.1717437466088
3.6224,0.55564,0.44755,300.08,298.15,16.316,29.1716829458828
3.6383,0.55554,0.45176,299.83,298.15,12.288,29.1736129303023
3.6278,0.55541,0.45417,299.63,298.15,15.246,29.1758370713214
3.6089,0.55526,0.45577,299.46,298.15,21.636,29.1777909045977
3.5661,0.55499,0.45491,299.35,298.15,43.425,29.1792010251935
3.5322,0.55451,0.45135,299.36,298.15,69.837,29.1788909072054
3.5149,0.55385,0.44739,299.45,298.15,86.646,29.1766326156079
3.4941,0.55302,0.44227,299.62,298.15,110.56,28.9390621108947
3.4719,0.55197,0.43527,299.91,298.15,140.66,28.9340728064084
3.461,0.55071,0.42817,300.3,298.15,156.7,28.6930245354095
3.4551,0.54939,0.4226,300.68,298.15,166.17,28.6852637076908
3.4563,0.54804,0.4184,301.02,298.15,163.6,28.4428297646596
3.4736,0.54684,0.41777,301.24,298.15,135.77,28.4347672307316
3.5081,0.54594,0.42127,301.23,298.15,90.538,28.1942084857396
3.5302,0.54534,0.42559,301.05,298.15,68.036,28.1905951883866
3.5265,0.54479,0.42758,300.86,298.15,71.809,28.1884306100177
3.5182,0.54417,0.42758,300.73,298.15,80.018,27.9518600369165
3.5062,0.54345,0.4261,300.67,298.15,92.799,27.9489479241323
3.4998,0.54266,0.42418,300.66,298.15,99.886,27.9452212481159
3.5063,0.54188,0.42369,300.65,298.15,91.915,27.7069072354055
3.5133,0.54117,0.42396,300.6,298.15,84.046,27.703323383656
3.5616,0.54066,0.42812,300.47,298.15,42.83,27.7002449025191
3.622,0.54045,0.43411,300.21,298.15,15.738,27.6999835806862
3.5879,0.54028,0.43685,299.97,298.15,28.927,27.7017288442685
3.6538,0.54014,0.44072,299.76,298.15,8.5831,27.7024358645047
3.5822,0.53996,0.44134,299.57,298.15,32.259,27.7047531211577
3.5373,0.53955,0.4385,299.51,298.15,62.767,27.4710175155432
3.5327,0.53901,0.43637,299.52,298.15,66.489,27.4692553324191
3.5087,0.53835,0.43267,299.58,298.15,90.131,27.4672511024349
3.4812,0.53746,0.42646,299.76,298.15,123.66,27.4636410202545
3.482,0.53643,0.42196,300.02,298.15,121.78,27.2237679056052
3.5165,0.5356,0.42312,300.14,298.15,80.307,27.2182369052328
3.5692,0.53515,0.42833,300.04,298.15,38.224,27.2153297215447
3.6247,0.53497,0.43415,299.83,298.15,15.11,26.9811354868275
3.701,0.53493,0.43956,299.6,298.15,1.8526,26.9828193848986
3.7147,0.53493,0.44335,299.4,298.15,0.4249,26.9855675071254
3.7016,0.53492,0.44614,299.23,298.15,1.9716,26.9884089152715
3.7073,0.5349,0.44844,299.08,298.15,1.3937,26.9910783988777
3.7056,0.53489,0.45057,298.95,298.15,1.6486,26.9937644724109
3.7073,0.53488,0.4524,298.84,298.15,1.5127,27.2305596755008
3.7078,0.53487,0.45413,298.75,298.15,1.5127,27.2331572718378
3.708,0.53485,0.45572,298.66,298.15,1.5466,27.2357099822494
3.709,0.53484,0.45719,298.59,298.15,1.4787,27.2382125350206
3.7088,0.53483,0.45853,298.53,298.15,1.5466,27.2406726048184
3.7113,0.53481,0.45984,298.48,298.15,1.3087,27.2430765464577
3.707,0.5348,0.46105,298.43,298.15,1.8526,27.2454514248574
3.7084,0.53478,0.46223,298.39,298.15,1.7336,27.2477253632116
3.7096,0.53477,0.46334,298.36,298.15,1.6316,27.2499594749822
3.711,0.53475,0.4644,298.33,298.15,1.5127,27.2521519576691
3.7116,0.53474,0.4654,298.3,298.15,1.4787,27.2543044332357
3.7124,0.53473,0.46642,298.28,298.15,1.4277,27.2564094199747
3.7123,0.53471,0.46739,298.27,298.15,1.4787,27.2584690590567
3.7011,0.53471,0.46834,298.25,298.15,2.8723,27.2604747249955
3.6436,0.53463,0.46792,298.24,298.15,13.019,27.2623060239641
3.5887,0.53442,0.46539,298.28,298.15,33.601,27.2632175748955
3.5513,0.53403,0.46114,298.37,298.15,57.736,27.2624417849704
3.5275,0.53345,0.45573,298.54,298.15,78.097,27.0256655819304
3.5141,0.53273,0.45047,298.77,298.15,91.252,27.0216470601992
3.5102,0.53195,0.44628,299,298.15,94.923,27.0167461285825
3.5106,0.5312,0.44354,299.19,298.15,94.142,27.0116247950294
3.5092,0.53042,0.44082,299.36,298.15,95.263,26.7724535650863
3.5019,0.52961,0.43765,299.53,298.15,103.47,26.7674073809836
3.4914,0.52871,0.43365,299.72,298.15,116,26.7618426253735
3.4792,0.52769,0.42851,299.95,298.15,132.08,26.5213925510757
3.4706,0.52654,0.42304,300.23,298.15,143.97,26.5141545465125
3.4655,0.52534,0.4183,300.51,298.15,151.21,26.2721326673836
3.4585,0.52406,0.41339,300.8,298.15,161.92,26.26392218058
3.4525,0.52267,0.40784,301.12,298.15,171.3,26.0210460466969
3.4509,0.52126,0.40335,301.41,298.15,173.55,25.7777252844173
3.4515,0.51985,0.39978,301.67,298.15,171.9,25.7685778540084
3.4549,0.51848,0.39706,301.86,298.15,165.42,25.525448557667
3.4663,0.51722,0.39639,301.96,298.15,146.05,25.5169093524497
3.4749,0.51611,0.3967,301.95,298.15,132.3,25.2753704247498
3.4811,0.51509,0.39698,301.89,298.15,122.88,25.2687883401045
3.4887,0.51412,0.39725,301.8,298.15,111.94,25.0286732444337
3.4944,0.51325,0.39812,301.67,298.15,104.14,25.0233999707674
3.4964,0.51241,0.39833,301.53,298.15,101.16,24.7844860189452
3.498,0.5116,0.39829,301.4,298.15,98.578,24.7799927084283
3.5017,0.51082,0.39846,301.27,298.15,93.785,24.7757007876561
3.5012,0.51008,0.3988,301.14,298.15,94.074,24.5376063587095
3.5023,0.50929,0.39816,301.04,298.15,92.238,24.5337229914692
3.4961,0.50849,0.39689,300.97,298.15,99.037,24.5299901140115
3.4885,0.50764,0.39508,300.93,298.15,107.96,24.291749918413
3.4852,0.50672,0.39287,300.94,298.15,111.66,24.2872182292797
3.4835,0.5058,0.39098,300.96,298.15,113.35,24.2825061124632
3.4809,0.50487,0.38928,300.97,298.15,116.39,24.0436134305536
3.4835,0.50394,0.38805,300.98,298.15,112.57,24.0387383355148
3.4867,0.50304,0.38723,300.98,298.15,107.99,23.7999580458571
3.4847,0.50216,0.38617,300.97,298.15,110.29,23.7956477428502
3.4813,0.50123,0.38458,300.97,298.15,114.32,23.7912141149816
3.4764,0.50027,0.3824,301.01,298.15,120.47,23.5524564030084
3.4762,0.49928,0.38052,301.05,298.15,120.26,23.5475464742147
3.4801,0.49832,0.3796,301.07,298.15,114.67,23.3085266103285
3.4833,0.49741,0.37904,301.06,298.15,110.17,23.3040213188444
3.4851,0.49653,0.37858,301.03,298.15,107.57,23.0655970769247
3.4863,0.49566,0.37793,301.01,298.15,105.72,23.0615505552647
3.4812,0.49478,0.37681,300.98,298.15,111.92,23.0576118666301
3.4739,0.49381,0.37425,301.01,298.15,121.35,22.8191882629316
3.4634,0.49275,0.37091,301.09,298.15,135.95,22.814474039677
3.4622,0.49163,0.36798,301.2,298.15,137.38,22.5748373300546
3.4719,0.49057,0.36716,301.26,298.15,122.9,22.5693779579504
3.502,0.48973,0.36985,301.2,298.15,85.27,22.5646689365663
3.558,0.48925,0.37629,300.96,298.15,38.666,22.3278952134253
3.6359,0.48909,0.38372,300.61,298.15,9.8068,22.3280918928143
3.5401,0.48881,0.38392,300.35,298.15,51.345,22.3302519170726
3.519,0.4883,0.38226,300.22,298.15,68.715,22.3296040856758
3.5234,0.48776,0.38215,300.12,298.15,64.636,22.3279251372078
3.541,0.4873,0.38367,300.01,298.15,50.377,22.3265227176117
3.5763,0.48699,0.38688,299.85,298.15,29.233,22.0918735183802
3.6188,0.48683,0.39107,299.65,298.15,13.988,22.0927744969452
3.6609,0.48678,0.39518,299.45,298.15,5.7617,22.0947259499389
3.7095,0.48676,0.39859,299.27,298.15,0.084981,22.0972700537654
3.7012,0.48676,0.40124,299.12,298.15,1.0028,22.1002417209636
3.6975,0.48675,0.40346,298.98,298.15,1.4447,22.1030979688085
3.7047,0.48674,0.40554,298.87,298.15,0.71384,22.1058781414482
3.7059,0.48674,0.40745,298.77,298.15,0.62886,22.1086765948985
3.7051,0.48673,0.40915,298.68,298.15,0.74783,22.1114349312287
3.7074,0.48673,0.41068,298.61,298.15,0.54388,22.1141332846509
3.7085,0.48672,0.4122,298.55,298.15,0.4589,22.350970242922
3.7094,0.48672,0.41363,298.49,298.15,0.39091,22.3535927128446
3.7082,0.48672,0.41495,298.44,298.15,0.54388,22.3561655255033
3.7082,0.48671,0.41618,298.4,298.15,0.57787,22.3586689020462
3.7102,0.48671,0.4174,298.37,298.15,0.39091,22.3611129079684
3.7101,0.48671,0.41859,298.34,298.15,0.4249,22.3635163386005
3.7101,0.48671,0.41972,298.31,298.15,0.4589,22.3658600306729
3.7092,0.48671,0.42076,298.29,298.15,0.57787,22.3681444657954
3.7093,0.4867,0.42175,298.27,298.15,0.59487,22.3703630332977
3.7103,0.48669,0.42267,298.25,298.15,0.50988,22.3725254594106
3.7123,0.48668,0.42352,298.23,298.15,0.30593,22.3746413548596
3.7107,0.48667,0.42436,298.22,298.15,0.50988,22.3767217100623
3.7117,0.48666,0.42524,298.21,298.15,0.4249,22.3787321275981
3.7126,0.48666,0.42612,298.2,298.15,0.33992,22.3806990389656
3.7133,0.48666,0.427,298.2,298.15,0.28893,22.3826234289252
3.7094,0.48666,0.42784,298.19,298.15,0.74783,22.3845034152807
3.7077,0.48668,0.4288,298.18,298.15,0.96878,22.3862964031758
3.6815,0.48669,0.42957,298.18,298.15,4.215,22.3880252187756
3.6723,0.48667,0.43004,298.17,298.15,5.5577,22.3894389607941
3.66,0.48661,0.43009,298.17,298.15,7.5803,22.3907074615219
3.652,0.48651,0.42978,298.18,298.15,9.0589,22.3917804525525
3.6576,0.48638,0.42927,298.19,298.15,8.0052,22.3927071856581
3.6829,0.4863,0.42997,298.2,298.15,4.0791,22.3936912715569
3.6991,0.48627,0.43097,298.19,298.15,2.0565,22.3949647815503
3.7109,0.48628,0.4323,298.19,298.15,0.71384,22.3963722470774
3.7131,0.48632,0.43382,298.17,298.15,0.50988,22.3978571526391
3.7126,0.48632,0.43424,298.17,298.15,0.57787,22.3993216359187
3.7152,0.48632,0.43478,298.17,298.15,0.28893,22.4007434409203
3.7139,0.48631,0.43541,298.17,298.15,0.4589,22.4021547497906
3.7138,0.48631,0.43614,298.16,298.15,0.49289,22.4035167346113
3.7102,0.48631,0.43677,298.16,298.15,0.93479,22.4048427247634
3.6877,0.48629,0.43711,298.16,298.15,3.7392,22.4060990409816
3.6251,0.4862,0.43591,298.16,298.15,16.265,22.4070901214427
3.5859,0.486,0.43362,298.2,298.15,31.579,22.4070675379864
3.5567,0.48567,0.43005,298.28,298.15,48.609,22.4059025542088
3.5291,0.48516,0.42518,298.42,298.15,70.109,22.4035425350142
3.4967,0.48443,0.41781,298.64,298.15,103.05,22.3997511209862
3.4765,0.48347,0.40967,298.96,298.15,127.95,22.1597294585124
3.4637,0.48233,0.40188,299.35,298.15,145.83,22.1524902349002
3.4578,0.48109,0.39487,299.75,298.15,154.55,21.9101189092835
3.4463,0.47976,0.38791,300.15,298.15,173.38,21.9015699639628
3.4393,0.47824,0.38002,300.62,298.15,185.41,21.6579267673652
3.4384,0.47672,0.37413,301.03,298.15,186.8,21.6479640484875
3.4408,0.47521,0.36966,301.37,298.15,182.39,21.4039256845487
3.4409,0.47373,0.36552,301.65,298.15,181.79,21.1602189491114
3.4465,0.47229,0.36256,301.87,298.15,171.19,21.1508312020163
3.4527,0.47096,0.36103,301.98,298.15,160.14,20.9079497145312
3.4543,0.46968,0.35931,302.05,298.15,156.62,20.6657013465472
3.4532,0.46841,0.35708,302.1,298.15,157.66,20.65793222439
3.4489,0.46709,0.35385,302.17,298.15,163.93,20.4160541208987
3.4438,0.46572,0.3502,302.26,298.15,171.61,20.4081683683081
3.438,0.46427,0.34598,302.39,298.15,180.96,20.1659014326315
3.4334,0.46275,0.3416,302.55,298.15,188.23,19.923321092197
3.4366,0.46125,0.33865,302.68,298.15,181.33,19.9147440337458
3.4503,0.45989,0.33813,302.71,298.15,156.4,19.6724444502228
3.4687,0.45875,0.3399,302.6,298.15,127.18,19.4313497159657
3.5061,0.45791,0.34479,302.34,298.15,80.341,19.4259205988282
3.5548,0.45747,0.35201,301.91,298.15,40.094,19.4229412755462
3.5965,0.45724,0.3585,301.45,298.15,20.174,19.4223279330985
3.6454,0.45713,0.36405,301.02,298.15,7.8012,19.4230468285898
3.6349,0.45706,0.36799,300.63,298.15,9.8578,19.4246914216188
3.5463,0.45681,0.36717,300.35,298.15,45.941,19.4262516716626
3.5115,0.45629,0.36374,300.21,298.15,74.222,19.1913274725707
3.5085,0.45567,0.36143,300.15,298.15,76.636,19.1889953560933
3.5363,0.45515,0.36262,300.05,298.15,52.263,19.1865952897188
3.6714,0.45496,0.36896,299.85,298.15,3.9261,19.1856673412061
3.5003,0.45452,0.36399,299.74,298.15,84.964,19.1879486967036
3.4525,0.45351,0.35369,299.93,298.15,146.05,19.1850588232547
3.4326,0.45217,0.34387,300.3,298.15,178.14,18.9449121030627
3.4188,0.45059,0.33421,300.8,298.15,203.15,18.7033399838084
3.412,0.44887,0.32605,301.32,298.15,216.12,18.6949651881003
3.4136,0.44713,0.3201,301.8,298.15,212.28,18.4520079832082
3.4097,0.44537,0.31454,302.22,298.15,219.49,18.2093083566505
3.4069,0.44354,0.30899,302.63,298.15,224.08,17.9664080189564
3.4163,0.4418,0.30645,302.92,298.15,204.04,17.7234445257447
3.4388,0.44034,0.30782,303,298.15,162.21,17.7155375420735
3.4677,0.43922,0.31186,302.85,298.15,118.04,17.4751581153076
3.5127,0.4385,0.31877,302.49,298.15,67.101,17.4708796706325
3.6152,0.43822,0.32862,301.98,298.15,12.764,17.4691224225697
3.5542,0.43802,0.33269,301.5,298.15,37.103,17.4705772237345
3.5011,0.4375,0.33057,301.2,298.15,79.049,17.2364112950207
3.482,0.43675,0.32737,301.06,298.15,99.461,17.2341950115815
3.4968,0.43602,0.32728,300.94,298.15,82.227,17.2310358760404
3.5524,0.43556,0.33189,300.73,298.15,37.392,17.2288295063043
3.5713,0.43531,0.33618,300.44,298.15,27.789,17.2291580614335
3.4869,0.43477,0.33208,300.29,298.15,93.054,16.9959200331092
3.4377,0.43368,0.32182,300.45,298.15,159.61,16.9932176229778
3.4032,0.43208,0.3087,300.92,298.15,220.66,16.9874266608564
3.379,0.43003,0.29474,301.65,298.15,270.53,16.7451623040371
3.3673,0.42768,0.28271,302.53,298.15,294.66,16.5013595163736
3.3596,0.42521,0.27279,303.41,298.15,309.65,16.2570751989947
3.3679,0.42279,0.26749,304.14,298.15,285.43,16.0126093158904
3.3784,0.42059,0.26519,304.6,298.15,258.56,15.5348148278522
3.3874,0.41859,0.26421,304.85,298.15,237.08,15.5261653925348
3.396,0.41675,0.26402,304.93,298.15,217.7,15.2840063402815
3.4013,0.41503,0.26363,304.92,298.15,205.38,15.0424676984188
3.3955,0.41331,0.26155,304.9,298.15,214.85,14.8013547738034
3.3983,0.41158,0.2598,304.9,298.15,206.5,14.5600332041611
3.4106,0.41,0.26011,304.8,298.15,181.67,14.5532586457369
3.4202,0.4086,0.26124,304.59,298.15,163.93,14.3131782729608
3.421,0.40728,0.26144,304.36,298.15,161.58,14.0737117769966
3.4196,0.40595,0.26072,304.15,298.15,162.59,14.0685945791878
3.4204,0.40462,0.25978,303.98,298.15,159.53,13.8293603205796
3.4244,0.40334,0.2594,303.81,298.15,151.59,13.8245011115909
3.4308,0.40216,0.25987,303.6,298.15,140.83,13.585844837865
3.4501,0.40113,0.26211,303.33,298.15,113.31,13.5818051569821
3.4814,0.40037,0.26693,302.94,298.15,77.91,13.344705259185
3.5125,0.39987,0.27259,302.46,298.15,51.753,13.3433106057909
3.5323,0.39951,0.27757,301.98,298.15,39.244,13.3431874594695
3.5573,0.39924,0.28208,301.54,298.15,26.786,13.3437725790893
3.6026,0.39909,0.28707,301.1,298.15,12.288,13.345113163933
3.6925,0.39905,0.29225,300.7,298.15,0.16996,13.3473718579634
3.5621,0.39895,0.29367,300.37,298.15,26.208,13.3504829635001
3.5093,0.39858,0.29138,300.17,298.15,58.331,13.3520009386488
3.4758,0.39795,0.28688,300.11,298.15,89.06,13.3518322335811
3.4622,0.39713,0.28234,300.18,298.15,103.25,13.3502103171906
3.4567,0.39625,0.27885,300.27,298.15,108.67,13.1138495551404
3.4563,0.39536,0.27649,300.36,298.15,108.23,13.1114449488086
3.4796,0.3946,0.27742,300.37,298.15,81.87,13.1090520696375
3.5439,0.39416,0.28288,300.23,298.15,33.482,12.8737021357705
3.5755,0.39397,0.28812,300,298.15,20.395,12.8749430459603
3.4753,0.39348,0.28403,299.89,298.15,88.703,12.8768919147224
3.4236,0.39244,0.27408,300.09,298.15,153.8,12.8752720418537
3.3822,0.39087,0.26054,300.61,298.15,221.17,12.636763267537
3.3509,0.38876,0.24529,301.48,298.15,279.67,12.6302263740828
3.3294,0.38627,0.23108,302.57,298.15,321.48,12.3880522675974
3.3238,0.38362,0.22079,303.69,298.15,326.62,11.9110190902723
3.3238,0.38099,0.21397,304.64,298.15,320.17,11.6683600527254
3.3278,0.37846,0.20953,305.4,298.15,305.4,11.4260075522339
3.332,0.37603,0.20654,305.96,298.15,291.48,11.1840553090709
3.3345,0.3737,0.20403,306.37,298.15,282.14,10.9424509413329
3.3303,0.37138,0.20063,306.71,298.15,288.08,10.701108861349
3.3235,0.36898,0.19627,307.07,298.15,299.2,10.4598030286613
3.3226,0.36655,0.19263,307.42,298.15,295.75,10.2185252718035
3.3316,0.36425,0.19131,307.62,298.15,270.56,9.97749122378996
3.3446,0.36218,0.19197,307.61,298.15,239.87,9.73691193846561
3.348,0.36027,0.19203,307.47,298.15,231.23,9.49681558908008
3.3481,0.35839,0.19118,307.32,298.15,228.41,9.25687456320479
3.3553,0.3566,0.19105,307.13,298.15,211.6,9.01705342313152
3.3678,0.35498,0.19233,306.84,298.15,186.67,8.77760412485308
3.3898,0.35362,0.19556,306.4,298.15,149.79,8.77285201756825
3.4332,0.35266,0.20217,305.75,298.15,93.275,8.53483307894751
3.5614,0.35228,0.21381,304.87,298.15,14.022,8.53260428979667
3.4615,0.3519,0.2161,304.07,298.15,70.602,8.53361252687279
3.4147,0.35107,0.21234,303.61,298.15,122.08,8.53229789119306
3.407,0.35003,0.2092,303.37,298.15,129.32,8.29528033846435
3.4203,0.34906,0.20923,303.14,298.15,110.34,8.29241535068384
3.4712,0.34838,0.21409,302.76,298.15,59.045,8.05609537456825
3.6185,0.34817,0.22303,302.2,298.15,4.555,8.05592319541042
3.4889,0.34791,0.22432,301.72,298.15,49.527,8.0583732805053
3.465,0.34741,0.22337,301.41,298.15,68.342,8.0586784276144
3.4537,0.3468,0.22203,301.21,298.15,78.165,8.05831706397753
3.4292,0.34605,0.21885,301.11,298.15,103.13,8.05765220246175
3.4002,0.34505,0.2131,301.18,298.15,137.57,8.05611084907268
3.3727,0.34375,0.20526,301.45,298.15,174.67,7.81931841766598
3.3487,0.34215,0.19626,301.91,298.15,210.29,7.8157291418388
3.3311,0.34031,0.18732,302.52,298.15,237.01,7.57721174490261
3.3244,0.33834,0.18026,303.17,298.15,243.88,7.33828539150606
3.3315,0.33644,0.17668,303.69,298.15,225.28,7.09940037047353
3.3493,0.33476,0.17669,303.97,298.15,190.65,6.86095373394002
3.3717,0.33337,0.17914,303.98,298.15,154.29,6.85738013435716
3.405,0.33231,0.18394,303.76,298.15,109.98,6.62040563123846
3.453,0.33164,0.19114,303.31,298.15,62.988,6.61873165118468
3.5404,0.33134,0.20017,302.72,298.15,17.302,6.61857456665516
3.5977,0.33126,0.20769,302.1,298.15,6.1526,6.6203569014349
3.4949,0.33105,0.20928,301.62,298.15,39.788,6.62275429998301
3.4375,0.3305,0.20604,301.35,298.15,85.185,6.62359511034145
3.3979,0.32959,0.19965,301.33,298.15,128.83,6.62272601762927
3.3854,0.32846,0.19413,301.48,298.15,141.93,6.38637875913275
3.3903,0.32734,0.19139,301.62,298.15,132.38,6.38392569409853
3.4085,0.32636,0.19179,301.65,298.15,108.32,6.14763499670769
3.4654,0.32573,0.19713,301.47,298.15,54.626,6.14626840673707
3.5793,0.3255,0.20538,301.1,298.15,8.753,6.14678245619442
3.6134,0.32546,0.21159,300.7,298.15,4.419,6.14934528127056
3.5058,0.32528,0.21242,300.39,298.15,34.315,6.1521215717744
3.4295,0.32473,0.20718,300.29,298.15,93.377,6.15341042422717
3.3715,0.32361,0.19608,300.55,298.15,163.86,6.15237435538585
3.3386,0.32204,0.18422,301.12,298.15,211.28,6.14921898387388
3.33,0.32028,0.17554,301.8,298.15,219.23,5.91095084019875
3.3382,0.31859,0.17136,302.36,298.15,199.45,5.67268276119431
3.3678,0.31718,0.17246,302.63,298.15,150.35,5.43490344458711
3.4162,0.31624,0.17833,302.52,298.15,91.099,5.43239543650193
3.4782,0.31574,0.18641,302.15,298.15,42.065,5.19731807257374
3.5664,0.31556,0.19482,301.66,298.15,10.198,5.19809727258312
3.6425,0.31552,0.20128,301.18,298.15,1.0878,5.20026077092355
3.6247,0.31551,0.20582,300.77,298.15,2.9403,5.43711112114653
3.6241,0.31548,0.20935,300.41,298.15,3.1953,5.43970228175653
3.6313,0.31546,0.21247,300.1,298.15,2.6514,5.44228820780381
3.6396,0.31544,0.21525,299.83,298.15,2.0225,5.444906205422
3.6434,0.31543,0.21776,299.6,298.15,1.8016,5.68174995436185
3.6454,0.31541,0.22003,299.39,298.15,1.7336,5.6844391211581
3.6443,0.31539,0.22201,299.22,298.15,1.9376,5.6871064003801
3.6472,0.31538,0.22386,299.08,298.15,1.7676,5.68972852256183
3.6491,0.31536,0.22565,298.95,298.15,1.6826,5.92651710318621
3.6491,0.31535,0.22737,298.84,298.15,1.7676,5.9291217690817
3.6542,0.31535,0.22902,298.74,298.15,1.3937,5.93167374847989
3.6518,0.31534,0.23053,298.66,298.15,1.6826,5.93419851147313
3.6521,0.31533,0.23194,298.59,298.15,1.7336,6.1708234693716
3.6512,0.31531,0.23323,298.52,298.15,1.8866,6.17326390089284
3.6544,0.31529,0.23443,298.47,298.15,1.6486,6.1756385112213
3.6541,0.31527,0.23559,298.43,298.15,1.7336,6.17797139361532
3.6572,0.31526,0.23682,298.39,298.15,1.5127,6.18024130001063
3.6533,0.31524,0.23794,298.36,298.15,1.9376,6.18246770122715
3.6438,0.31522,0.23889,298.33,298.15,2.9403,6.41881822965923
3.5968,0.31517,0.2391,298.31,298.15,9.5688,6.42088147442699
3.5217,0.31497,0.23669,298.34,298.15,34.57,6.42249740157733
3.4546,0.31446,0.22981,298.48,298.15,82.125,6.42274744556639
3.4019,0.31352,0.21879,298.85,298.15,138.74,6.42082561330497
3.3635,0.31213,0.20571,299.48,298.15,190.05,6.18265048805165
3.3255,0.31029,0.19037,300.37,298.15,251.19,6.17714833682837
3.2866,0.30789,0.17225,301.64,298.15,324.85,5.93612877862764
3.2746,0.30517,0.15859,303.09,298.15,339.92,5.45987867906508
3.2702,0.30241,0.14916,304.41,298.15,339.92,5.21816614164907
3.2667,0.29965,0.14179,305.56,298.15,339.92,4.97704261334647
3.2638,0.29688,0.13561,306.57,298.15,339.92,4.73642162469862
3.2613,0.29411,0.1302,307.45,298.15,339.92,4.49634564346876
3.2593,0.29134,0.12538,308.21,298.15,339.92,4.25683160167141
3.2676,0.28868,0.12289,308.77,298.15,314.82,4.01785861501969
3.275,0.2862,0.12162,309.08,298.15,293.95,3.77934303886363
3.2719,0.28379,0.11908,309.29,298.15,298.06,3.54115932243315
3.2832,0.28149,0.1183,309.38,298.15,267.88,3.30319169247205
3.3065,0.27953,0.12084,309.15,298.15,216.75,3.06563338581375
3.3422,0.27804,0.12635,308.57,298.15,154.34,2.82856585434315
3.3987,0.27711,0.13503,307.66,298.15,84.131,2.59228392796722
3.4902,0.2767,0.14546,306.54,298.15,24.033,2.35727469527001
3.4654,0.27644,0.15131,305.47,298.15,37.816,2.12364107490588
3.4005,0.27589,0.15016,304.69,298.15,90.114,2.12366901344104
3.4022,0.27515,0.14952,304.15,298.15,86.34,2.12236977371878
3.4298,0.27457,0.15212,303.6,298.15,61.186,1.88718534083754
3.4326,0.27408,0.15417,303.06,298.15,59.436,1.88686557339552
3.4476,0.27365,0.15655,302.56,298.15,48.898,1.88659848862953
3.4601,0.27328,0.159,302.1,298.15,41.522,1.88663673718462
3.4339,0.27286,0.15904,301.72,298.15,59.639,1.88688997421469
3.414,0.27229,0.15737,301.48,298.15,75.548,1.88670234788721
3.4125,0.27166,0.15626,301.31,298.15,75.803,1.88620006638237
3.4452,0.27115,0.15823,301.11,298.15,49.918,1.88576408730993
3.5503,0.27094,0.16397,300.78,298.15,9.2969,1.88600634250267
3.4951,0.2708,0.16659,300.45,298.15,25.511,1.88738754730947
3.4524,0.27049,0.16574,300.24,298.15,48.167,1.88820967242984
3.4136,0.26995,0.16227,300.18,298.15,77.536,1.88842572936344
3.3905,0.26921,0.15775,300.25,298.15,98.034,1.88796824526526
3.3753,0.26833,0.15326,300.41,298.15,112.17,1.88711759830123
3.3655,0.26737,0.14926,300.61,298.15,120.98,1.88602431141904
3.3584,0.26635,0.14563,300.83,298.15,127.13,1.6506707276357
3.3546,0.2653,0.1426,301.04,298.15,129.51,1.64949955944396
3.364,0.2643,0.14144,301.2,298.15,116.32,1.64831780905085
3.4087,0.26357,0.14486,301.17,298.15,71.214,1.41336007539471
3.5423,0.26329,0.1533,300.88,298.15,9.5178,1.41339056508321
3.4208,0.26295,0.15303,300.62,298.15,65.656,1.64889814253546
3.3413,0.26201,0.1435,300.74,298.15,149.02,1.64882589446893
3.295,0.26048,0.13058,301.32,298.15,213.56,1.41317549843568
3.2836,0.25866,0.12078,302.09,298.15,227.32,1.17685300666197
3.2985,0.25695,0.11708,302.7,298.15,197.21,0.940812479418471
3.3312,0.25559,0.11893,302.94,298.15,145.15,0.939644598739276
3.3794,0.25468,0.1247,302.81,298.15,88.125,0.705094564589696
3.4495,0.25421,0.13289,302.4,298.15,36.627,0.705256254197141
3.5713,0.25408,0.14146,301.86,298.15,4.266,0.705913692925708
3.5858,0.25405,0.14731,301.35,298.15,3.1953,0.941188465390849
3.6053,0.25403,0.1517,300.91,298.15,1.7166,0.942260867467988
3.6076,0.25403,0.1553,300.53,298.15,1.7166,1.17758364076579
3.6078,0.254,0.15814,300.2,298.15,1.8526,1.17874264491884
3.6129,0.25399,0.16074,299.92,298.15,1.5636,1.41411832352675
3.6123,0.25398,0.16305,299.67,298.15,1.7336,1.41537339329024
3.6163,0.25396,0.16509,299.46,298.15,1.5127,1.65079731229418
3.6171,0.25395,0.16704,299.28,298.15,1.5466,1.65214895759915
3.6166,0.25394,0.16888,299.12,298.15,1.6826,1.65345681043712
3.618,0.25393,0.17049,298.99,298.15,1.6486,1.88901527675328
3.621,0.25391,0.17202,298.87,298.15,1.4787,1.89040042742578
3.6211,0.2539,0.17348,298.77,298.15,1.5466,1.89174943057668
3.6218,0.25389,0.17489,298.68,298.15,1.5636,2.12736063019705
3.6251,0.25388,0.17627,298.61,298.15,1.3597,2.12876439004835
3.6231,0.25388,0.17756,298.55,298.15,1.5976,2.13013196685274
3.6223,0.25387,0.17877,298.49,298.15,1.7336,2.3657043029434
3.624,0.25386,0.17991,298.44,298.15,1.6486,2.3670928358063
3.6243,0.25384,0.18094,298.4,298.15,1.6826,2.36844008056185
3.6244,0.25382,0.18189,298.37,298.15,1.7336,2.36974159732928
3.6285,0.2538,0.18286,298.34,298.15,1.4277,2.60526217932864
3.6247,0.25378,0.18384,298.31,298.15,1.8186,2.60659455320667
3.6246,0.25377,0.18481,298.29,298.15,1.8866,2.60786480914409
3.5301,0.25368,0.18389,298.29,298.15,17.778,2.60908992174804
3.4452,0.25332,0.17852,298.38,298.15,60.37,2.60963383997925
3.3712,0.25249,0.16722,298.71,298.15,130.04,2.60872585781606
3.3027,0.25097,0.14912,299.5,298.15,223.94,2.60593452070757
3.2451,0.24864,0.1265,300.88,298.15,326.95,2.36720311553917
3.2365,0.24593,0.1108,302.53,298.15,339.92,2.12737415282123
3.236,0.24316,0.10011,304,298.15,339.92,1.8881470952435
3.2356,0.2404,0.091905,305.27,298.15,339.92,1.64972556306254
3.2346,0.23764,0.085089,306.35,298.15,339.92,1.41206972179771
3.2332,0.23487,0.079206,307.29,298.15,339.92,1.17513604946797
3.2312,0.2321,0.073965,308.1,298.15,339.92,0.938861759963005
3.2287,0.22933,0.069156,308.8,298.15,339.92,0.469032230825862
3.2258,0.22656,0.064706,309.41,298.15,339.92,0
3.2242,0.2238,0.060759,309.93,298.15,335.84,0
3.2403,0.22126,0.060328,310.19,298.15,292.08,0
3.2576,0.21905,0.061696,310.09,298.15,252.61,0
3.2763,0.21716,0.064102,309.72,298.15,215.05,0
3.2912,0.21553,0.066563,309.18,298.15,187.81,0
3.3029,0.21409,0.068752,308.55,298.15,167.6,0
3.3046,0.21274,0.069742,307.93,298.15,163.38,0
3.2894,0.21131,0.067761,307.46,298.15,184.03,0
3.2719,0.20969,0.0637,307.2,298.15,208.27,0
3.2558,0.20789,0.058561,307.15,298.15,229.63,0
3.2361,0.20589,0.052278,307.3,298.15,257.02,0
3.2202,0.20371,0.046002,307.61,298.15,274.2,0
3.2176,0.20151,0.04193,307.94,298.15,264.8,0
3.225,0.19945,0.0404,308.11,298.15,242.11,0
3.2412,0.19762,0.040989,308.05,298.15,211.18,0
3.2558,0.196,0.042251,307.8,298.15,187.77,0
3.2553,0.19447,0.042231,307.49,298.15,187.23,0
3.244,0.19288,0.040304,307.27,298.15,199.53,0
