3.82421909743645,0.9168,0.9168,0,0.9168,0.0173012142471025,-15.001,20.4
3.82068576774874,0.916781249898955,0.911942382786247,0.00108313837432316,0.915139495240204,0.0171275013270492,-14.999,20.4
3.81712863382533,0.916725565623353,0.907157342778626,0.00216267183678366,0.913479211866283,0.016957943908644,-15.001,20.4
3.81368133692488,0.916633778110118,0.902441956816585,0.00323890072230729,0.911818707106486,0.0167923984469068,-14.999,20.4
3.81025808746446,0.916506699639294,0.897795948100556,0.00431154677099353,0.910158423732566,0.0166308131141044,-14.998,20.4
3.80684109149238,0.916345127928003,0.8932174369223,0.00538069363400703,0.908498251051583,0.0164730822863391,-14.999,20.4
3.80344560902048,0.916149839005767,0.88870425955384,0.00644649689966785,0.906837967677662,0.0163190934870508,-15.001,20.5
3.80015124742491,0.915921587711893,0.884254619786134,0.00750903945479788,0.905177462917865,0.0161687482832252,-14.999,20.5
3.79682770598754,0.915661115662306,0.879868378429174,0.00856804289934846,0.903517179543945,0.0160219996059233,-15.001,20.5
3.79356968520372,0.915369147750061,0.875542818829617,0.00962380735801783,0.901856674784148,0.0158787232197484,-15.001,20.5
3.79037560949836,0.915046390097291,0.871277218409931,0.0106761987701722,0.900196170024352,0.0157388558446758,-14.999,20.5
3.7871815972911,0.914693537920392,0.867070875830143,0.0117250835034862,0.898535886650431,0.015602334358959,-14.999,20.5
3.78401776734952,0.914311270775687,0.862921815231802,0.0127706171702197,0.896875603276511,0.0154690607432971,-14.999,20.6
3.78088305461139,0.91390025044969,0.858828747868208,0.0138128104766466,0.89521531990259,0.0153389577344321,-14.999,20.6
3.77776123133301,0.913461123839845,0.854790413987258,0.0148516740948354,0.893555036528669,0.0152119499072181,-15,20.6
3.77463634620246,0.912994522039588,0.850805258359564,0.01588729086717,0.891894642461811,0.0150879554637168,-15.003,20.7
3.77162739145548,0.912501058203506,0.846871434435775,0.0169198155757737,0.890233916316139,0.0149668871621388,-15,20.8
3.7686290073784,0.911981336709836,0.842989722786421,0.0179488248729679,0.88857352224928,0.0148487232256926,-14.998,20.9
3.76562571761555,0.911435954532289,0.839158634626022,0.0189744021945008,0.886913349568297,0.014733385836079,-14.998,20.9
3.76261686358792,0.91086549147336,0.835376388354266,0.0199967029139641,0.885253176887314,0.0146207921916025,-15,21
3.75965983134617,0.910270509310175,0.831641237473002,0.0210158819085489,0.883592782820456,0.0145108625450717,-15,21
3.75672497118886,0.909651557199725,0.827952765074733,0.0220318047429857,0.881932388753597,0.0144035483540378,-15,21
3.75384017826813,0.909009174424863,0.824309920973356,0.0230444818203335,0.880271994686739,0.0142987873965416,-14.998,21.1
3.75091954452327,0.908343890635348,0.82071232624928,0.0240537791015915,0.878611822005756,0.0141965324033234,-15,21.2
3.74807529433926,0.907656221045987,0.817157672571404,0.0250599962024666,0.876951427938897,0.0140966968128597,-14.998,21.3
3.74519476031579,0.906946669317912,0.813646284136998,0.0260628541461368,0.875291255257915,0.0139992493789258,-15,21.4
3.74237470881842,0.906215727742964,0.810175897254582,0.0270626524823701,0.873630861191056,0.0139041076097321,-14.999,21.4
3.73955933438439,0.905463876325113,0.806746555937174,0.0280591843730278,0.871970577817135,0.0138112356104825,-14.999,21.5
3.7367618117836,0.904691586740571,0.803357015400543,0.0290525324584405,0.870310294443215,0.0137205731207142,-14.999,21.6
3.73398162492275,0.903899318813166,0.800006380195131,0.0300427069105015,0.868650011069294,0.0136320675803494,-14.999,21.7
3.73121827939822,0.903087522021471,0.796693775017468,0.0310297178686057,0.866989727695373,0.013545667679771,-14.999,21.8
3.72848476277699,0.902256635731564,0.793418344256914,0.032013575439754,0.865329444321452,0.0134613233300769,-14.998,21.8
3.72571376785629,0.901407090674457,0.790179575372169,0.0329942174942452,0.863669271640469,0.0133789910577664,-15.001,21.9
3.72303765472766,0.900539304131237,0.786975350745836,0.033971943122932,0.862008766880673,0.0132986015630927,-14.998,22
3.72029768467167,0.899653686532504,0.783806828637283,0.0349463284169928,0.86034859419969,0.0132201404030244,-15.001,22.1
3.71763767544538,0.898750639018205,0.780671270354716,0.0359178172748821,0.858688089439894,0.0131435306887358,-14.999,22.2
3.71496609262015,0.897830552510065,0.77756954589497,0.0368860579283251,0.857027806065973,0.0130687537306101,-14.999,22.2
3.71232141210128,0.896893812837289,0.774500251396532,0.0378512051637856,0.855367522692052,0.0129957558405732,-14.998,22.3
3.70966458706893,0.895940795917545,0.771462981060248,0.0388131966599683,0.85370735001107,0.0129244993934454,-14.999,22.4
3.70700796177788,0.894971867951633,0.768456369248476,0.0397721869079214,0.852047066637149,0.0128549335769482,-15.001,22.5
3.7044150489681,0.893987383170576,0.76547939988684,0.0407282577007007,0.850386561877353,0.0127870139232407,-14.999,22.5
3.7017714357571,0.892987691595022,0.762532696368301,0.0416811295479856,0.848726278503432,0.0127207191686668,-15.002,22.6
3.69919021031884,0.891973134083048,0.759613963646112,0.0426311736920973,0.847065663050698,0.012655988926098,-15.001,22.6
3.69660854792617,0.89094404262131,0.756723860232184,0.0435781103495781,0.845405158290901,0.0125928032360418,-15.001,22.7
3.69406365055583,0.889900745439319,0.753861420686846,0.0445220216529033,0.843744653531105,0.0125311210910115,-14.999,22.8
3.69150560525474,0.888843564641354,0.751026670259445,0.0454627728589102,0.842084370157184,0.0124709146541289,-14.999,22.9
3.68895873246646,0.887772815066007,0.748218343333827,0.0464005184725704,0.840424086783263,0.0124121406986511,-14.999,22.9
3.68643513822352,0.886688801987583,0.745435845426355,0.0473352680964071,0.838763803409343,0.012354765151448,-14.998,23
3.68389782106059,0.88559182506216,0.742678919247815,0.0482669590978534,0.83710363072836,0.0122987584395961,-14.999,23.1
3.68135851795137,0.884482175944697,0.739946344329288,0.0491957456576802,0.835443347354439,0.0122440806253224,-15.001,23.2
3.67889000604598,0.883360135997537,0.737237246499071,0.050121709259657,0.833782842594643,0.0121906967575857,-14.998,23.3
3.6763714222794,0.882225985261987,0.73455271167979,0.0510444979007541,0.83212266991366,0.0121385935558784,-15,23.4
3.67389850401498,0.881079997431681,0.73189057561908,0.0519644827466647,0.830462275846801,0.0120877233119093,-14.999,23.4
3.67139929110307,0.879922437589989,0.729251300861022,0.052881456141959,0.82880199247288,0.0120380668336646,-15.001,23.5
3.66895703778307,0.878753564828025,0.726633404097095,0.053795644321111,0.827141487713084,0.0119895855151885,-14.999,23.5
3.66650056175204,0.877573633686053,0.724037694656396,0.0547067673649218,0.825481204339163,0.0119422641784999,-14.999,23.6
3.66402934827356,0.876382895439685,0.721463030703751,0.0556149794749704,0.823820920965243,0.0118960688481028,-15.001,23.7
3.66161398597131,0.875181590730455,0.718908291112522,0.0565204343601795,0.822160416205446,0.011850966802091,-14.999,23.8
3.6591841693256,0.873969957304611,0.716374317916058,0.0574228520119212,0.820500132831526,0.0118069439204576,-14.999,23.9
3.65676290627747,0.872748230021585,0.713860001247646,0.0583223865426312,0.818839849457605,0.0117639685959354,-14.999,23.9
3.65436176301019,0.871516635975916,0.711364898868996,0.0592190471635511,0.817179566083684,0.0117220159144714,-14.998,24
3.65191068898322,0.870275398402825,0.708888902310979,0.060112770852082,0.815519393402701,0.0116810642526062,-15.002,24.1
3.64954828212922,0.869024730505986,0.706429965117883,0.0610039280134431,0.813858777949967,0.0116410765076995,-14.999,24.2
3.64713652961612,0.867764843239424,0.703989960258459,0.0618920214165156,0.812198494576046,0.0116020482549453,-15.001,24.3
3.64477838793139,0.866495945244794,0.701566850160957,0.0627774218717129,0.81053798981625,0.0115639437560774,-14.999,24.3
3.64240536296208,0.865218239266969,0.699161545019539,0.0636598491650495,0.808877706442329,0.0115267510818729,-14.999,24.3
3.64001692079954,0.863931925951477,0.696773001594802,0.0645394572042599,0.807217423068408,0.0114904435290321,-15.001,24.4
3.63768125680667,0.862637196448861,0.694400195137645,0.0654163994053606,0.805556918308612,0.0114549953796693,-14.999,24.5
3.63529630180523,0.861334240127839,0.692044061890621,0.0662903954677538,0.803896634934691,0.0114203955362129,-15.002,24.6
3.63299752183156,0.860023240808954,0.689702612618001,0.0671618158260718,0.802236019481957,0.0113866124823014,-14.998,24.6
3.63065005952582,0.858704380724173,0.687377776221163,0.0680301632785147,0.800575846800974,0.0113536423170311,-14.999,24.7
3.62832064777333,0.857377840439286,0.6850675698026,0.0688958086647216,0.798915563427054,0.0113214546925376,-14.999,24.8
3.62599811050156,0.856043791505193,0.682771985541959,0.0697586884130732,0.797255280053133,0.0112900331737384,-14.999,24.9
3.62368234459787,0.854702402853671,0.680490694465671,0.0706188113594657,0.795594996679212,0.0112593595448101,-14.999,24.9
3.62136202051616,0.853353839615819,0.678223375001513,0.0714761863115655,0.793934713305291,0.0112294160235151,-15,25
3.61905921491047,0.851998261957648,0.675969388992528,0.0723308942533111,0.792274319238433,0.0112001833254269,-15,25
3.61677406342741,0.850635826451149,0.673728757787915,0.0731828715010836,0.790613925171574,0.0111716465219351,-14.999,25.1
3.61447327382073,0.849266688636115,0.671501504746957,0.0740320545747262,0.788953641797654,0.0111437909022941,-15,25.2
3.61218963834425,0.847890999293589,0.669286683735114,0.0748785968101278,0.787293247730795,0.0111165966013348,-15,25.3
3.60991221708767,0.846508904581268,0.667084336382133,0.0757224344400528,0.785632853663937,0.011090049731476,-15,25.3
3.6076409253983,0.845120548609025,0.664894182052004,0.076563576105406,0.783972459597078,0.0110641349009055,-15,25.4
3.60535360319128,0.843726072244509,0.662715946422548,0.0774020304194853,0.78231206553022,0.0110388370842849,-15.002,25.5
3.60312678590821,0.842325610686242,0.660548713704249,0.0782379503768928,0.780651450077485,0.0110141383608293,-14.999,25.6
3.60085171673756,0.840919299859669,0.658393850467399,0.0790709830525513,0.778991166703565,0.0109900325839705,-15.001,25.6
3.59862578455843,0.83950727258492,0.656249466793212,0.0799014986930517,0.777330661943768,0.0109664976802202,-14.999,25.7
3.59638424739936,0.838089657491201,0.654116617206869,0.0807292165223879,0.775670378569848,0.0109435262818693,-14.999,25.7
3.59414837252731,0.836666582775846,0.651994399552789,0.0815542898880687,0.774010095195927,0.0109211018963051,-14.999,25.7
3.59195078695674,0.835238171271015,0.649882574630663,0.0823767272388525,0.772349811822006,0.0108992115237871,-14.996,25.8
3.58967252346384,0.83380454679512,0.647781880080459,0.0831963203832711,0.770689860526899,0.010877846696972,-15.001,25.9
3.58745261429684,0.83236582410292,0.645689482402558,0.0840136560435286,0.769029355767102,0.0108569837336295,-15.001,26
3.58523810186336,0.83092211169318,0.6436068015773,0.0848283804099716,0.767368851007306,0.0108366177457555,-15.001,26
3.58303973851356,0.829473521826016,0.641533618992103,0.0856405018253849,0.76570834624751,0.0108167369238324,-15,26
3.58085772040403,0.82802016548581,0.639470044772357,0.0864499564014875,0.764047952180651,0.0107973310178893,-14.998,26.1
3.57865990904944,0.826562153650386,0.637416189056218,0.0872566804541141,0.762387779499668,0.0107783899308198,-14.998,26.3
3.57647799499019,0.825099593541387,0.635371190535649,0.0880608271157972,0.760727606818685,0.0107599000650537,-14.997,26.4
3.57427995749438,0.823632588737121,0.633335173758442,0.0888623324165943,0.75906754483064,0.0107418518923573,-14.998,26.4
3.57209737945831,0.822161239226191,0.631307291502003,0.0896613492041735,0.757407372149657,0.0107242325445202,-14.998,26.4
3.56989835241713,0.820685641516595,0.629287682082673,0.0904578132246382,0.755747199468674,0.0107070330269582,-15,26.5
3.56772504703632,0.819205888685695,0.627275511736633,0.0912518770426096,0.754086805401816,0.0106902411584163,-15,26.6
3.56556727846139,0.817722071735665,0.625271255755763,0.092043403917637,0.752426411334957,0.0106738495247252,-14.999,26.7
3.56341460583471,0.816234283352164,0.623275059899929,0.0928323297505513,0.750766127961036,0.0106578496763557,-14.998,26.7
3.56125633208958,0.814742615376059,0.621286745320493,0.0936186628513841,0.749105955280053,0.0106422322610616,-14.998,26.7
3.55912401182462,0.813247156332034,0.619305813373046,0.0944024837080287,0.74744578259907,0.0106269871471044,-14.996,26.8
3.55694385767902,0.811747994012486,0.617332745600103,0.0951836559379949,0.745785831303963,0.0106121074588548,-14.999,26.9
3.55479922129985,0.810245210465972,0.615365750954181,0.0959625490253981,0.744125547930042,0.0105975796457716,-14.999,27
3.55265914078282,0.808738883442477,0.613405656787773,0.0967389536386039,0.742465264556122,0.0105833982990806,-14.999,27
3.5505235686124,0.807229092664176,0.611452307851882,0.0975128777280022,0.740804981182201,0.01056955519809,-14.999,27.1
3.54837134599414,0.805715916059634,0.609505552390348,0.0982843292185825,0.73914469780828,0.0105560423182187,-15.001,27.2
3.54626512595465,0.804199427304309,0.607564594422144,0.0990534604188374,0.737484193048484,0.0105428500886505,-14.999,27.3
3.54414280967746,0.802679700934824,0.605630593811012,0.0998199899241835,0.735823909674563,0.0105299743800386,-14.999,27.4
3.54200378444496,0.801156812272922,0.603702751369991,0.100584070455561,0.734163626300642,0.010517405948522,-15.001,27.4
3.53991047335277,0.799630829964931,0.601780280911659,0.101345854245983,0.732503121540846,0.010505135892352,-14.999,27.4
3.53778002568727,0.798101823631493,0.599864351873017,0.102105059815629,0.730842838166925,0.0104931603709499,-15.001,27.5
3.53567414631302,0.796569861289122,0.597953526785868,0.102861984219264,0.729182333407129,0.0104814692468642,-15.001,27.6
3.5335933688979,0.795035006962011,0.596048333478338,0.103616490336131,0.727521828647333,0.0104700573576394,-14.999,27.6
3.53147546949143,0.793497328214723,0.59414929288413,0.104368441483554,0.725861545273412,0.010458919553807,-15.001,27.6
3.52940283995923,0.791956888572993,0.592254976280272,0.105118134642015,0.724201040513616,0.010448046407183,-14.999,27.7
3.52729309557318,0.790413750171121,0.59036656768249,0.105865288207884,0.722540757139695,0.0104374345146349,-15.001,27.8
3.52521802797035,0.788867973707707,0.588482643873306,0.106610199112515,0.720880252379899,0.0104270748932556,-15,27.8
3.52315763659239,0.787319617303595,0.586604070430516,0.107352657907718,0.71921985831304,0.0104169636347722,-14.998,27.8
3.52108094752521,0.785768742743367,0.584731053289981,0.108092600223291,0.717559685632057,0.0104070954786667,-14.998,27.8
3.5189873356509,0.784215409162189,0.582862824786079,0.108830178507921,0.715899512951074,0.0103974633412999,-15,27.9
3.51690734576491,0.782659669383985,0.580998629543549,0.109565544723238,0.714239118884216,0.0103880604018091,-15.001,27.9
3.51484123879273,0.781101573813196,0.579138695659659,0.110298633732141,0.712578614124419,0.0103788819049593,-15.001,28
3.51278927327826,0.779541174210649,0.577283248590277,0.11102938060563,0.710918109364623,0.0103699231638608,-15,28
3.51073098305149,0.777978523663047,0.575432511209305,0.111757720622148,0.709257715297764,0.0103611795604697,-15,28
3.50867638757124,0.776413674053285,0.573586056227643,0.112483733675741,0.707597321230906,0.0103526454218598,-15,28
3.50661510665421,0.774846674856504,0.571743787298625,0.113207427200787,0.705936927164047,0.0103443158010601,-15.001,28.2
3.50459849095271,0.773277573184815,0.56990528642366,0.113928880812325,0.704276422404251,0.0103361853342686,-14.998,28.2
3.5025553922966,0.771706418849603,0.568071761615806,0.114647812848979,0.702616249723268,0.0103282514378743,-14.998,28.2
3.50049519822349,0.770133261753725,0.566242136934584,0.115364447980124,0.700956077042285,0.0103205078684631,-15,28.3
3.49845853314958,0.768558144456026,0.56441567699469,0.116078937952933,0.699295682975426,0.0103129491431356,-15,28.4
3.49644596389934,0.766981108576742,0.562592953253168,0.116791145212118,0.697635288908568,0.0103055719258442,-14.998,28.5
3.49441685811059,0.765402199780526,0.560774529291057,0.117500932641867,0.695975116227585,0.010298372888983,-14.998,28.5
3.49236028755529,0.763821462685766,0.558959665712352,0.118208452382078,0.694314943546602,0.0102913468654032,-15.001,28.5
3.49034731448346,0.762238934676285,0.557147310955833,0.118913928290996,0.692654438786806,0.0102844884289468,-15,28.6
3.48831744588311,0.760654653573091,0.55533869638432,0.11961707808078,0.690994044719947,0.0102777954673582,-15.001,28.6
3.48631113097658,0.759068658808352,0.553533092701324,0.120318053591938,0.689333539960151,0.010271263208594,-15,28.7
3.48429814588917,0.75748098894597,0.551731077315715,0.121016717362218,0.687673145893292,0.0102648887377353,-15,28.8
3.48228841251011,0.755891682913258,0.549932248167777,0.121713148981779,0.686012751826434,0.0102586679196554,-15,28.8
3.48028189838453,0.754300777521252,0.548136533572607,0.122407355582088,0.684352357759575,0.0102525971491428,-15,28.8
3.47830931125615,0.752708308752804,0.546343863458089,0.123099344271824,0.682691963692716,0.0102466729080277,-14.997,28.9
3.47626911570932,0.751114315530982,0.54455514078729,0.123788905523726,0.681031901704671,0.0102408929052906,-15.001,28.9
3.47428197613924,0.749518830875124,0.54276801748376,0.124476552524058,0.679371396944875,0.0102352511073558,-15,28.9
3.47228801025505,0.747921884627957,0.540984066700658,0.125161930366577,0.677711002878016,0.0102297461675662,-15,28.9
3.47031755276464,0.746323510913266,0.53920289573254,0.125845118505395,0.676050608811158,0.0102243745152931,-14.998,29
3.46830986436231,0.744723744346477,0.537425089677436,0.126525979527541,0.674390436130175,0.0102191337282764,-15,29.1
3.46632497502793,0.743122616245495,0.53564928253312,0.127204809685531,0.672730042063316,0.010214019372063,-15,29.2
3.46433284224767,0.741520154761553,0.53387607198583,0.127881471058923,0.671069647996458,0.0102090291908292,-15.001,29.2
3.46236374264912,0.739916388643566,0.53210507579701,0.128556042781144,0.669409143236661,0.0102041599727133,-15,29.2
3.46040805932918,0.738311347253018,0.530336889296096,0.129228387119569,0.667748749169803,0.0101994095458734,-14.998,29.3
3.45842528388163,0.736705063021685,0.528571775579872,0.129898438986023,0.66608857648882,0.010194775439947,-14.999,29.4
3.45643484152394,0.735097565142395,0.526808699038059,0.130566422317924,0.664428293114899,0.0101902540320586,-15.001,29.4
3.45449751413211,0.733488877179829,0.525047287527753,0.131232415928416,0.662767788355103,0.0101858424352113,-14.998,29.5
3.4525231763591,0.73187902717764,0.523289117705583,0.131896065152372,0.66110761567412,0.0101815395540107,-14.999,29.5
3.45054109163723,0.730268043751246,0.521532828832073,0.132557666297486,0.659447332300199,0.0101773417270887,-15.001,29.5
3.4485814456936,0.728655948660429,0.519778052279132,0.133217298111546,0.657786827540403,0.0101732462745358,-15.001,29.6
3.44662449139515,0.727042764434781,0.518025396680445,0.133874822477516,0.656126322780606,0.0101692513907461,-15.001,29.7
3.44469052870878,0.725428515577977,0.516274814318167,0.134530246128452,0.65446581802081,0.0101653547617804,-14.999,29.7
3.44271917361811,0.723813228542243,0.51452690618714,0.135183431367075,0.652805534646889,0.0101615546311602,-15.001,29.7
3.44079041774216,0.722196926665943,0.512780321824296,0.1358346741625,0.651145029887093,0.0101578477845317,-14.999,29.7
3.43885470107173,0.720579632800145,0.511036321744548,0.136483691902967,0.649484746513172,0.0101542330642378,-14.998,29.7
3.43690152610424,0.718961372993797,0.509294528967186,0.137130563901682,0.647824573832189,0.0101507081092999,-14.999,29.8
3.43494038758619,0.717342168969467,0.507554248682961,0.137775441422868,0.646164290458268,0.0101472704091012,-15.001,29.8
3.43300138093189,0.715722038230121,0.505815120553401,0.138418403043062,0.644503785698472,0.01014391777038,-15.001,29.8
3.43108510232472,0.714100999144305,0.504077761315309,0.139059310474526,0.642843280938676,0.0101406487163128,-14.999,29.8
3.42912117888347,0.71247907464811,0.50234277881077,0.139698025871335,0.641182997564755,0.0101374617740365,-15.002,29.9
3.42721949885948,0.710856283392944,0.500608505450346,0.140334917258847,0.639522382112021,0.0101343540443117,-14.999,30
3.42529072408278,0.709232644907736,0.498876860725657,0.140969557238092,0.6378620987381,0.0101313249718663,-14.999,30.1
3.42336426530266,0.707608181975151,0.497146821509419,0.141602169615298,0.636201815364179,0.0101283721747413,-14.999,30.1
3.42144009176581,0.705982913143845,0.495418351680435,0.142232760868419,0.634541531990259,0.0101254939446712,-14.999,30.2
3.41952829534474,0.704356856545163,0.493691415930174,0.142861337454717,0.632881248616338,0.0101226886167091,-14.998,30.3
3.41760891692049,0.702730031152448,0.491966303564044,0.143487833606409,0.631221075935355,0.0101199547482063,-14.998,30.4
3.41568161002109,0.70110245550273,0.490242652229862,0.144112328174657,0.629560903254372,0.0101172905688589,-14.999,30.4
3.41376626088726,0.699474145225587,0.488520105237346,0.144734899758703,0.627900619880451,0.0101146943674489,-14.999,30.4
3.41185304232916,0.697845115608402,0.486798959069852,0.145355482297849,0.626240336506531,0.0101121648228571,-14.999,30.5
3.40994192311452,0.696215382835097,0.485079182211212,0.145974082146866,0.62458005313261,0.0101097004727674,-14.999,30.5
3.40805308650905,0.694584962725483,0.483360743854316,0.146590705640221,0.622919769758689,0.0101072998927643,-14.997,30.5
3.40611639276662,0.692953873243298,0.481644261524282,0.147205214683322,0.621259707770644,0.0101049620031912,-15,30.5
3.40422116006472,0.69132212817947,0.479928077096853,0.147817977053653,0.619599313703786,0.0101026846797541,-14.999,30.5
3.40231812006941,0.689689739811951,0.478213471676762,0.148428709513986,0.617939030329865,0.0101004672263609,-14.999,30.5
3.40040692337399,0.688056723854456,0.476500088409885,0.149037490754064,0.616278746955944,0.0100983082083345,-15,30.6
3.39850741623284,0.686423093176762,0.474787575980303,0.149644399212223,0.614618352889086,0.010096206240583,-15,30.6
3.39664007287555,0.684788860368544,0.473076236124823,0.150249368667375,0.612957958822227,0.0100941602551784,-14.997,30.6
3.39472506776903,0.683154042726482,0.471367013921209,0.150852188701179,0.611297896834182,0.0100921694637333,-14.999,30.6
3.39282132446963,0.681518654629926,0.469658250099323,0.151453227202846,0.609637613460261,0.0100902320480462,-15,30.7
3.39093922119702,0.679882705182246,0.467950253185113,0.152052417659757,0.607977219393402,0.0100883470354306,-14.999,30.7
3.38903901360891,0.678246207022329,0.466243651073185,0.15264962156738,0.606316936019482,0.0100865135898831,-15,30.8
3.38715028800313,0.676609172485818,0.464537767234153,0.153244989681335,0.604656541952623,0.010084730409457,-15,30.8
3.38527333076426,0.67497161239979,0.462832906837262,0.15383845566236,0.602996147885765,0.01008299658992,-14.999,30.8
3.38335801820485,0.673333539838136,0.461129370676373,0.154429953383143,0.601335864511844,0.010081311242637,-15.002,30.8
3.38149376452101,0.671694963821389,0.459425836170602,0.155019777949694,0.59967524905911,0.0100796729564214,-15,30.9
3.37961158347709,0.67005589445484,0.457723914909304,0.155607573685492,0.598014854992251,0.0100780813383614,-15,31
3.37773095316234,0.668416345318973,0.456022927938919,0.156193491481242,0.596354460925393,0.0100765352504075,-15,31
3.3758820645268,0.666776327207779,0.454322854239499,0.156777537336747,0.594694066858535,0.0100750338026161,-14.997,31
3.37398524703943,0.665135854422171,0.452624644722686,0.157359500619409,0.593034004870489,0.0100735764183043,-14.999,31
3.37209930006529,0.663494938413135,0.450926645820965,0.157939749004865,0.591373721496569,0.0100721617690952,-15,31
3.37023458468545,0.66185358542156,0.449229171634612,0.158518215767604,0.58971332742971,0.0100707891490014,-14.999,31
3.36836149748033,0.660211805288252,0.447532855507145,0.159094762190884,0.588053044055789,0.0100694579524686,-14.999,31
3.36647968118428,0.658569608863649,0.44583735005506,0.159669466614381,0.586392760681869,0.0100681673222096,-15,31
3.36460891533806,0.65692700426367,0.444142313219987,0.160242407127485,0.58473236661501,0.0100669164354627,-15,31.1
3.3627293552199,0.655283999431084,0.442448055788002,0.160813517161276,0.583071972548152,0.0100657046620745,-15.001,31.1
3.36086077442745,0.653640602120518,0.440754236404307,0.161382874768337,0.581411467788355,0.0100645312304154,-15.001,31.2
3.35900345952811,0.651996819921578,0.439061166542722,0.161950413343059,0.579750963028559,0.0100633955502365,-15,31.2
3.35714763132517,0.650352662743517,0.437369153159839,0.162516066492631,0.5780905689617,0.010062297043316,-14.999,31.2
3.35527312692406,0.648708141513127,0.435678174977096,0.163079840240771,0.57643028558778,0.0100612350739135,-15,31.3
3.35338932500756,0.647063264411518,0.433987563555541,0.163641885000773,0.574769891520921,0.0100602088934335,-15.002,31.3
3.35154616673983,0.64541803570486,0.432296984333712,0.164202278500968,0.573109276068187,0.010059217858082,-15,31.3
3.34968455535907,0.643772463322555,0.430607726884606,0.164760737199296,0.571448882001328,0.0100582616667066,-15,31.3
3.34783397520627,0.642126557477674,0.428919118812278,0.165317411686051,0.56978848793447,0.0100573396398761,-14.999,31.3
3.3459745964126,0.64048032692248,0.427231469326421,0.165872235457172,0.568128204560549,0.0100564513107815,-14.999,31.3
3.34410605485229,0.638833780202877,0.425544435531319,0.166425286629896,0.566467921186628,0.0100555961117458,-15,31.3
3.34224809865485,0.637186923182102,0.423857679755424,0.166976643071882,0.56480752711977,0.0100547735033872,-15,31.3
3.34042112201216,0.635539761600923,0.422171517072935,0.167526237993191,0.563147133052911,0.0100539830772915,-14.997,31.4
3.33851546797166,0.633892306061197,0.420486905598944,0.168073860408444,0.561487071064866,0.0100532245344456,-15.002,31.4
3.3366792885878,0.632244560648309,0.418801227348638,0.168620094254863,0.559826455612132,0.0100524970475869,-15,31.5
3.33483440940344,0.630596528181363,0.41711676060757,0.169164438537887,0.558166061545274,0.0100518005550258,-14.999,31.5
3.33298045881582,0.628948218849466,0.415433159280096,0.169706971498867,0.556505778171353,0.010051134608776,-14.999,31.5
3.33112711837975,0.627299640122085,0.413750082566731,0.17024777112918,0.554845494797432,0.0100504987871158,-14.999,31.6
3.32929444594001,0.625650798060158,0.412067518664555,0.170786842966619,0.553185211423512,0.0100498927335436,-14.997,31.7
3.32741270356117,0.624001701088108,0.410386103675311,0.171324048122461,0.551525149435466,0.0100493161840618,-15,31.7
3.32555055765979,0.622352353672165,0.408704197633427,0.171859753582598,0.549864755368608,0.010048768627823,-15.001,31.7
3.32371867383466,0.620702756475529,0.407022451754662,0.172393819729562,0.548204250608812,0.0100482498450312,-14.999,31.8
3.32185770245872,0.619052916377208,0.405341831403897,0.172926035187538,0.546543967234891,0.0100477596491751,-15,31.8
3.32001685068207,0.617402840073108,0.403661344780799,0.173456622482498,0.544883573168032,0.0100472976688396,-14.999,31.9
3.31818668326387,0.6157525328869,0.401981634025442,0.173985442407414,0.543223289794111,0.0100468637118576,-14.997,31.9
3.31631724655807,0.614102003753363,0.40030300799209,0.174512428404421,0.541563227806066,0.0100464575616475,-14.999,31.9
3.3144574096525,0.612451257647042,0.398624151978915,0.175037875150352,0.539902944432146,0.01004607888919,-15,32
3.31261750607459,0.610800295718574,0.396945389998828,0.175561715358528,0.538242550365287,0.0100457275235955,-14.999,32
3.31075796679002,0.609149122833033,0.39526736508496,0.176083809752829,0.536582266991366,0.010045403323547,-15,32
3.30890821959236,0.607497743727148,0.393589415505866,0.176604308319754,0.534921872924508,0.0100451060737617,-15,32
3.30708863824612,0.605846161800046,0.391911860895797,0.177123143953377,0.533261478857649,0.0100448356407347,-14.997,32.1
3.30520976105802,0.604194385364628,0.390235663827307,0.177640105353346,0.531601416869604,0.0100445919304962,-15,32.1
3.30339008370964,0.602542418768663,0.388558858311875,0.178155631734091,0.529941022802746,0.0100443747213893,-14.997,32.1
3.30151101680669,0.600890266318775,0.386883393484672,0.178669294453864,0.5282809608147,0.0100441839919968,-15,32.1
3.29967095741825,0.599237932168023,0.385207303736351,0.179181532693319,0.526620566747842,0.0100440195734546,-14.999,32.2
3.29781092477351,0.597585417932856,0.383531890933602,0.179692062185861,0.524960283373921,0.0100438814380517,-15,32.3
3.2959603325635,0.595932727655418,0.381856494697588,0.180201032799562,0.523299889307063,0.0100437695062321,-15,32.3
3.29410941985366,0.594279864055884,0.380181435984745,0.180708377310452,0.521639495240204,0.0100436837426167,-15,32.3
3.29226817735767,0.592626831033702,0.378506707201378,0.181214100913743,0.519979101173346,0.0100436241174046,-14.999,32.3
3.29041679728749,0.590973633650517,0.376832624744197,0.181718136583637,0.518318817799425,0.0100435906178154,-14.999,32.4
3.28856493266507,0.589320276844648,0.375158852742809,0.182220561917299,0.516658534425504,0.0100435832405215,-14.999,32.5
3.28668239777483,0.587666764202835,0.37348538421249,0.18272138205957,0.514998251051583,0.0100436020027133,-15.002,32.5
3.2848484827313,0.586013095481349,0.371811240866981,0.183220818752085,0.513337635598849,0.010043646948885,-15,32.5
3.28300455196947,0.584359272970127,0.370138049515062,0.183718515392752,0.511677241531991,0.0100437181153039,-14.999,32.6
3.28114016328961,0.582705303860056,0.368465469899748,0.184214549745249,0.51001695815807,0.0100438155632415,-15,32.6
3.27929475964079,0.581051191439915,0.366792843109295,0.184709071529218,0.508356564091212,0.0100439393859136,-14.999,32.7
3.27742878176513,0.57939693894338,0.365120815353778,0.18520194116832,0.506696280717291,0.0100440896629093,-15,32.7
3.27558167015565,0.577742549512486,0.36344872800722,0.185693308349791,0.505035886650432,0.0100442665263313,-14.999,32.7
3.27371386455855,0.576088026237467,0.361777227559033,0.186183033464989,0.503375603276512,0.0100444700806879,-15,32.8
3.27185475858285,0.574433372120142,0.360105655656289,0.186671266168949,0.501715209209653,0.0100447004973502,-15,32.8
3.26999458657296,0.572778588863761,0.358434335235753,0.187157939025344,0.500054815142795,0.0100449579241035,-15,32.8
3.26814333064641,0.571123679373732,0.356763260639503,0.187643057017708,0.498394421075936,0.0100452425377511,-14.999,32.8
3.26628117570524,0.569468647740019,0.355092750156473,0.188126552909242,0.496734137702015,0.0100455545098372,-14.999,32.8
3.26443785127891,0.567813497951126,0.353422469765923,0.188608504086783,0.495073854328095,0.0100458940682338,-14.997,32.7
3.26254365028993,0.566158235165189,0.351753061930283,0.189088771076694,0.49341379234005,0.0100462613886188,-15,32.7
3.26068721124112,0.564502860655635,0.350082892901564,0.189567720281817,0.491753398273191,0.0100466568396412,-14.999,32.7
3.25878946748176,0.562847374464543,0.348413267612344,0.190045067094679,0.49009311489927,0.0100470805818939,-15.002,32.7
3.25696954503995,0.561191776595264,0.346742881041576,0.190521105452384,0.488432499446536,0.0100475330117901,-14.997,32.7
3.25509950834225,0.559536072088549,0.345074333402065,0.190995261900007,0.486772437458491,0.0100480141773433,-14.997,32.7
3.25320769686994,0.557880269545949,0.343405976675212,0.191467903472091,0.485112375470446,0.0100485245370326,-14.999,32.7
3.25133354435883,0.556224368673259,0.341737158926689,0.191939179417312,0.483452092096525,0.010049064495079,-14.999,32.8
3.24945757515361,0.55456836920178,0.34006853318701,0.19240894968987,0.481791808722604,0.0100496343337338,-14.999,32.8
3.24756966463574,0.552912273349816,0.338400095136306,0.192877219100216,0.480131525348684,0.0100502344195693,-15,32.9
3.24571964406428,0.55125608203584,0.336731516732336,0.193344064647844,0.478471131281825,0.0100508651806872,-14.997,32.9
3.24381836814252,0.549599799916876,0.335064093920644,0.193809202064188,0.47681106929378,0.0100515268463974,-14.999,33
3.24193437266222,0.547943430257471,0.333396189075786,0.194272997828587,0.475150785919859,0.010052220056826,-14.999,33
3.24001801771596,0.546286972546176,0.331728455701001,0.194735311818644,0.473490502545938,0.0100529451677003,-15.002,32.9
3.23814860051375,0.544630425014239,0.330059918479827,0.195196365381691,0.471829887093204,0.0100537027951855,-15,32.9
3.23628758451073,0.542973788460883,0.328392207124024,0.195655801522592,0.470169493026346,0.0100544931713379,-14.997,32.9
3.23436484708319,0.541317071119663,0.326725631853398,0.196113553204414,0.468509431038301,0.0100553167282722,-15,32.8
3.23246868442305,0.539660274779835,0.325058231661822,0.196570059035279,0.466849036971442,0.0100561743172046,-15,32.8
3.23057996432527,0.538003397497297,0.323390989096079,0.197025106382304,0.465188642904584,0.0100570663193086,-14.999,32.7
3.22867883799423,0.536346442343044,0.321724224429419,0.197478627700766,0.463528359530663,0.010057993235269,-14.999,32.7
3.22676485865188,0.534689412309536,0.32005760558077,0.197930700070563,0.461868076156742,0.0100589557083958,-15,32.7
3.22486775894875,0.533032307831505,0.318390805449916,0.198381400325333,0.460207682089884,0.0100599544132999,-14.999,32.7
3.222927797793,0.53137513059327,0.316724473264116,0.198830588440001,0.458547398715963,0.0100609898458642,-15.002,32.7
3.22103400401811,0.529717879722519,0.315057305707568,0.199278558063328,0.456886783263229,0.0100620629414388,-15,32.7
3.21911764272683,0.52806055565427,0.313390933201278,0.199724952066198,0.45522638919637,0.0100631740209198,-15,32.7
3.21720808512872,0.526403162516298,0.31172469519966,0.20016991989136,0.453565995129512,0.0100643239230316,-14.999,32.8
3.21530559380512,0.524745703112477,0.310058912496148,0.200613393890878,0.451905711755591,0.0100655132891895,-14.997,32.8
3.21336009524542,0.523088182674002,0.308393901157273,0.201055306632941,0.450245649767546,0.0100667427742872,-14.999,32.8
3.21143043782952,0.521430602555157,0.306728353531216,0.201495951923233,0.448585366393625,0.0100680134771701,-14.999,32.9
3.20948704188125,0.519772961617693,0.305062924341836,0.201935189402297,0.446925083019704,0.0100693260328455,-15,33
3.20757978900012,0.51811525998,0.303397287104951,0.202373095772337,0.445264688952846,0.010070681355145,-14.997,33
3.20560931892061,0.516457501517022,0.301732739289111,0.202809386468451,0.443604626964801,0.0100720799222697,-15,33
3.20366397145383,0.514799687478896,0.300067320938052,0.203244499878998,0.441944232897942,0.0100735231689152,-15,33.1
3.20172459597113,0.513141815394533,0.298402015624802,0.203678223152038,0.440283838831084,0.0100750117223598,-14.999,33.1
3.19976121872838,0.511483887819796,0.296737144625764,0.204110488524489,0.438623555457163,0.0100765464093179,-15,33.1
3.19780321351821,0.50982590599368,0.295072053020891,0.204541445063,0.436963161390304,0.0100781283934816,-15,33.1
3.19585083562983,0.508167869896269,0.293407067102597,0.204971024744733,0.435302767323446,0.0100797585622998,-14.999,33.1
3.19387409367222,0.506509781998498,0.291742508312674,0.205399159764176,0.433642483949525,0.0100814378200954,-15,33.2
3.19190236248919,0.504851643456342,0.290077721892744,0.205825999145684,0.431982089882667,0.0100831674390323,-15,33.2
3.18993589405142,0.503193454168734,0.288413034293254,0.20625147482426,0.430321695815808,0.0100849483881261,-14.999,33.2
3.1879547644456,0.501535216527284,0.28674876711047,0.206675518952366,0.428661412441887,0.01008678165439,-14.999,33.2
3.18596855171822,0.49987693286035,0.285084589556579,0.207098208308055,0.427001129067967,0.0100886684979965,-14.999,33.2
3.18396703223154,0.498218604203425,0.283420499615082,0.207519547219668,0.425340845694046,0.0100906100951983,-15,33.3
3.18200015153961,0.496560230318784,0.281756171495292,0.207939612206131,0.423680451627187,0.0100926077911408,-14.997,33.3
3.17997845309442,0.494901814733266,0.280092903343648,0.208358118519845,0.422020389639142,0.0100946622863235,-14.999,33.3
3.17796045061904,0.493243359606658,0.278429059686088,0.208775432162645,0.420360106265221,0.0100967755398755,-15,33.3
3.17593628897013,0.491584862097686,0.276764972309267,0.209191484740568,0.418699712198363,0.010098948744695,-15.001,33.4
3.17392602424233,0.489926320669479,0.275100644206049,0.209606280282572,0.417039207438567,0.0101011832662585,-15,33.4
3.17192018191216,0.488267736319589,0.273436725941084,0.210019678395921,0.415378813371708,0.0101034801979238,-14.998,33.4
3.16986846983548,0.486609113754007,0.271773534603674,0.210431611340826,0.413718640690725,0.0101058407973582,-15,33.4
3.16786013585214,0.48495045381363,0.270109763541755,0.210842372615979,0.412058246623867,0.0101082671634295,-14.997,33.5
3.16580599459208,0.483291758608141,0.268447039915134,0.211251604942673,0.410398184635821,0.0101107599901224,-14.998,33.5
3.16375486635023,0.481633031402456,0.266784052351273,0.21165960202337,0.408738011954838,0.010113321479656,-14.998,33.5
3.1616968669139,0.479974271676048,0.265121128117467,0.212066295600127,0.407077839273855,0.0101159530611694,-14.998,33.6
3.15963182680846,0.478315480160576,0.263458265788898,0.212471689837491,0.405417666592872,0.0101186563711348,-14.998,33.6
3.15753933008914,0.47665665757124,0.261795463972803,0.212875788886701,0.403757493911889,0.0101214330904028,-15,33.7
3.15545889184311,0.474997802107302,0.260132073668636,0.213278741294558,0.402097099845031,0.0101242853306341,-15,33.8
3.15337088586681,0.473338912027427,0.258468750774689,0.213680406315628,0.400436705778172,0.0101272144999655,-15,33.8
3.15127512739635,0.471679988110416,0.256805493774346,0.214080788062963,0.398776311711314,0.0101302224195032,-15,33.8
3.14916129434182,0.470021031117545,0.255142301185115,0.214479890636476,0.397115917644455,0.0101333109591088,-15.001,33.9
3.1470591930368,0.468362040543041,0.253478847738296,0.214877790327393,0.395455412884659,0.0101364822527622,-15,33.9
3.14492889138644,0.46670301715188,0.251815784451455,0.215274346569963,0.3937950188178,0.0101397378486543,-15.001,33.8
3.14280993208182,0.465043961672934,0.250152457397943,0.215669708065172,0.392134514058004,0.0101430802043864,-15,33.8
3.14066235512851,0.463384874837569,0.248489517660777,0.216063734221278,0.390474119991146,0.0101465109512811,-15.001,33.8
3.13854601379864,0.461725757341805,0.246826311377283,0.216456573713359,0.388813615231349,0.0101500326787892,-14.998,33.8
3.13637099148912,0.460066612384742,0.245164137332135,0.216847941515027,0.387153442550366,0.0101536466172026,-15,33.8
3.13422637266658,0.458407441805799,0.243501360675141,0.217238203350219,0.385493048483508,0.0101573562073197,-14.998,33.7
3.13205266366675,0.456748246200316,0.241839285261473,0.217627073934727,0.383832875802525,0.0101611627636943,-14.998,33.7
3.12986911165567,0.455089028612304,0.240177252656039,0.21801470212226,0.382172703121542,0.0101650691384302,-14.998,33.7
3.12765514308395,0.453429789536333,0.238515261895727,0.218401091882133,0.380512530440559,0.0101690777572432,-15,33.6
3.12544017254507,0.451770526955997,0.236852664399974,0.218786391579805,0.3788521363737,0.0101731916648013,-15.001,33.6
3.12323456278923,0.450111237669224,0.235189792658047,0.219170532493488,0.377191631613904,0.0101774131734313,-15,33.6
3.12099820680989,0.448451922286308,0.233527297988732,0.21955337391654,0.375531237547045,0.0101817443419107,-15.001,33.6
3.11877071311144,0.446792581384924,0.231864526759823,0.21993506440951,0.373870732787249,0.0101861884377108,-15,33.6
3.11655269965084,0.445133215548638,0.230202130342157,0.220315463240662,0.372210338720391,0.0101907476278747,-14.997,33.5
3.11426322329317,0.443473830328691,0.22854075043264,0.220694430127888,0.370550276732346,0.0101954240882897,-15,33.5
3.11199112910346,0.441814426132848,0.226878428715426,0.22107240287255,0.368889882665487,0.0102002225936057,-15,33.6
3.10972727302843,0.440154999666599,0.225216150367051,0.221449168037588,0.367229488598628,0.0102051451995024,-14.998,33.6
3.10741100905332,0.438495553930836,0.223554562050909,0.221824585072256,0.365569315917645,0.0102101942802291,-15,33.6
3.10510151164163,0.436836089340201,0.22189235794502,0.222198947101323,0.363908921850787,0.010215374317019,-15,33.6
3.10277894731548,0.43517660383794,0.220230194561917,0.222572113086587,0.362248527783928,0.010220687860859,-15,33.7
3.10045322906781,0.433517097894527,0.218568070985405,0.222944086849272,0.36058813371707,0.0102261382102538,-14.999,33.7
3.09811426932984,0.431857573219778,0.216906310139465,0.223314799993981,0.358927850343149,0.0102317283710662,-14.998,33.7
3.0957515045067,0.430198032725518,0.21524490635368,0.223684256548244,0.357267677662166,0.0102374617844387,-14.998,33.7
3.09332315566008,0.428538478008136,0.21358353026565,0.224052532731135,0.355607504981183,0.010243342376217,-15.003,33.7
3.09094949593897,0.426878903138013,0.211920562154424,0.224419993335861,0.353946778835511,0.010249375831784,-15.001,33.7
3.0885514570986,0.425219304866003,0.210258292122711,0.224786135537223,0.352286274075715,0.0102555631263529,-15,33.8
3.08613846202921,0.423559687449491,0.208596385626159,0.225151035751779,0.350625880008856,0.0102619084664153,-14.999,33.7
3.08368960417153,0.421900053809597,0.20693483697625,0.225514697947535,0.348965596634936,0.0102684157580891,-15,33.7
3.08124462738941,0.420240404301874,0.20527299297333,0.225877270488642,0.347305202568077,0.0102750899077392,-14.999,33.7
3.07877327403937,0.418580739292766,0.203611505411052,0.226238612447599,0.345644919194156,0.0102819341669667,-14.999,33.8
3.07628493784402,0.416921060371507,0.201950044940956,0.226598799960386,0.343984635820236,0.0102889532221223,-14.999,33.8
3.07376890896495,0.415261367851095,0.200288610953511,0.226957836715327,0.342324352446315,0.0102961514285809,-15,33.8
3.07124486579306,0.413601660787566,0.198626879033345,0.227315798593373,0.340663958379456,0.010303533751171,-15,33.9
3.06870256436374,0.411941938267636,0.196965177212593,0.22767261682422,0.339003564312598,0.0103111042972218,-15,33.9
3.06617251314753,0.410282200639047,0.195303504814068,0.22802829506169,0.337343170245739,0.0103188677646747,-14.997,34
3.06356285934009,0.408622451991489,0.193642832634501,0.228382620334698,0.335683108257694,0.0103268273587698,-15,34
3.06099404213238,0.406962692544536,0.191981202724521,0.228736030192279,0.334022714190836,0.0103349912033502,-14.997,34
3.05835493295201,0.405302922569489,0.190320572077578,0.229088094332611,0.33236265220279,0.0103433610965541,-14.999,34
3.05568380967992,0.403643143524802,0.18865930658537,0.229439178077164,0.33070236882887,0.010351945001321,-15.002,34.1
3.05305213871815,0.401983349383799,0.186997091730466,0.229789356762601,0.329041753376136,0.0103607489238079,-14.999,34.1
3.05036927937807,0.400323540514456,0.185335884318056,0.230138200054015,0.327381470002215,0.0103697748048323,-14.999,34.1
3.04765383464266,0.39866372096957,0.183674697694934,0.23048592883107,0.325721186628294,0.0103790299826744,-15,34.1
3.04492547490062,0.397003889739401,0.182013207573815,0.230832618858924,0.324060792561436,0.0103885208399473,-15,34.3
3.04220496954087,0.395344045846367,0.180351742112045,0.23117820125185,0.322400398494577,0.0103982526561634,-14.997,34.3
3.03943095545584,0.393684193325133,0.178691272213508,0.231522462935381,0.320740336506532,0.010408229448757,-14.997,34.3
3.03661157276666,0.392024336091254,0.17703081149226,0.231865624742265,0.319080274518487,0.0104184593275642,-14.999,34.4
3.03378677276931,0.390364471750909,0.175369712102708,0.232207834595306,0.317419991144566,0.010428950053696,-14.999,34.4
3.03092572752133,0.388704597983024,0.173708631072114,0.232548951127064,0.315759707770645,0.0104397067880358,-15,34.4
3.02805854502003,0.38704471374978,0.172047244167873,0.232889050034987,0.314099313703787,0.0104507369482553,-14.999,34.5
3.02514385939538,0.385384819296075,0.170386203420335,0.233227990161444,0.312439030329866,0.0104620459062425,-15,34.5
3.02221121076236,0.383724914842406,0.16872485589285,0.233565919617431,0.310778636263008,0.0104736421865223,-15,34.4
3.01928143506051,0.382064999373276,0.1670635298166,0.233902769427514,0.309118242196149,0.0104855322392046,-14.997,34.4
3.01627161961321,0.380405076886286,0.165403196167648,0.234238326427804,0.307458180208104,0.010497720972346,-14.999,34.4
3.01324102566288,0.378745148760914,0.163742220991482,0.234572955770736,0.305797896834183,0.0105102199810461,-15,34.5
3.01019998058316,0.377085211393133,0.162080937560125,0.234906588215658,0.304137502767325,0.0105230362787801,-14.999,34.5
3.00710676080745,0.375425265000326,0.16041999795751,0.235239082538722,0.302477219393404,0.0105361761069751,-15,34.5
3.0040014661583,0.373765309776097,0.158758749299359,0.235570586784921,0.300816825326545,0.010549649369905,-14.999,34.6
3.00084223875345,0.372105345928582,0.157097843687611,0.235900959708613,0.299156541952625,0.0105634626288355,-15,34.6
2.99765862963334,0.370445373642346,0.155436628255592,0.236230349333067,0.297496147885766,0.0105776262955497,-15,34.6
2.99445035220041,0.368785391866766,0.153775431302885,0.236558686595401,0.295835753818907,0.0105921482477064,-14.999,34.5
2.9911958953838,0.36712540206526,0.152114576233297,0.236885902653378,0.294175470444987,0.0106070364896247,-14.999,34.5
2.98789361158563,0.365465405658877,0.150453734025885,0.237212073293531,0.292515187071066,0.010622301212746,-15,34.5
2.98459498901636,0.363805401546291,0.148792580571712,0.23753727406026,0.290854793004207,0.0106379529424446,-14.997,34.5
2.9811951631736,0.36214539241017,0.147132415661135,0.237861219234555,0.289194731016162,0.0106539971341109,-15,34.5
2.97778494705086,0.360485378335202,0.14547128160746,0.238184346054358,0.287534336949304,0.0106704501606383,-15,34.5
2.97434390338274,0.358825355711065,0.143810164202224,0.238506440520984,0.285873942882445,0.0106873190596426,-14.999,34.5
2.97083946247346,0.357165325980025,0.142149386890425,0.238827433728271,0.284213659508525,0.0107046131288204,-15,34.6
2.96727970826611,0.35550528929253,0.140488296871824,0.239147473603439,0.282553265441666,0.0107223454032103,-15.002,34.6
2.96371634267212,0.353845242064763,0.13882657487183,0.239466635396688,0.280892649988932,0.0107405281992521,-15,34.6
2.96009720715087,0.352185184552753,0.137165525406377,0.239784633095742,0.279232255922073,0.0107591679487603,-14.999,34.6
2.95642024336934,0.350525120718757,0.135504814505832,0.240101542624161,0.277571972548153,0.0107782773192764,-14.999,34.6
2.95271571148809,0.348865051945487,0.133844113223905,0.240417439662936,0.275911689174232,0.010797869391351,-14.997,34.7
2.94890799333936,0.347204980843917,0.132184068983314,0.240732183038033,0.274251627186187,0.0108179536057295,-15,34.7
2.94508926239726,0.345544906197615,0.130523052884757,0.241046137457333,0.272591233119328,0.0108385491677386,-14.999,34.7
2.94117421549136,0.34388482561482,0.128862374600409,0.241359016623813,0.270930949745407,0.0108596634611028,-15.002,34.7
2.93723420847992,0.3422247367198,0.127200733742193,0.241671112790428,0.269270334292673,0.0108813153226513,-15.002,34.8
2.9332590635157,0.340564635978132,0.125539115953847,0.24198221184554,0.267609718839939,0.0109035140173215,-15,34.8
2.92921593589087,0.338904526156192,0.123878168355459,0.242292172565981,0.265949324773081,0.0109262702478776,-14.999,34.8
2.92510223376228,0.337244411189149,0.122217557030145,0.242601070793014,0.26428904139916,0.0109495994792386,-14.999,34.9
2.92091526058239,0.33558429243324,0.120556953083176,0.242908982125593,0.262628758025239,0.0109735176802544,-15,34.9
2.91670719896609,0.333924168723784,0.118896032528994,0.243215981921145,0.260968363958381,0.0109980413422009,-14.997,34.9
2.91238034206584,0.332264042681518,0.117236095278555,0.243521784274281,0.259308301970335,0.0110231790121957,-14.999,34.9
2.90799447602515,0.330603915580515,0.115575507582615,0.243826754032749,0.257648018596415,0.0110489546021759,-15,34.9
2.90354828113279,0.328943783713716,0.11391460291384,0.244130821652182,0.255987624529556,0.0110753825732245,-15,34.8
2.89901818586012,0.327283645947864,0.112253709732735,0.2444339178104,0.254327230462698,0.0111024776229172,-15.001,34.8
2.89443427486837,0.325623501165753,0.110592503961289,0.244736117815521,0.252666725702901,0.0111302584348938,-15,34.9
2.88976250453401,0.323963349534683,0.108931637780967,0.24503728012183,0.251006331636043,0.0111587385390258,-15,34.8
2.88499936689008,0.322303192449222,0.107270782222391,0.245337480249066,0.249345937569184,0.0111879374319678,-15.001,34.8
2.88019728358847,0.320643028782161,0.10560961322703,0.245636793475692,0.247685432809388,0.011217875248004,-14.998,34.8
2.87525625124108,0.318982861190867,0.103949430634513,0.24593493381761,0.246025260128405,0.01124856242407,-15,34.8
2.87026983193022,0.317322690985216,0.10228860062587,0.246232266044107,0.244364866061546,0.0112800281526855,-14.998,34.9
2.8651712464278,0.315662518242918,0.100628428064291,0.246528503919376,0.242704693380563,0.0113122835571095,-14.998,34.9
2.85994391691676,0.314002345501999,0.0989682555000254,0.246823795348566,0.24104452069958,0.0113453527849945,-15.001,34.9
2.85467228798471,0.312342169012658,0.0973071114744553,0.247118359968696,0.239384015939784,0.0113792632117888,-14.999,34.9
2.84927843075742,0.31068198763764,0.0956466294703919,0.247411839079783,0.237723732565863,0.0114140246507564,-14.999,35
2.84376798839108,0.309021803967821,0.0939861519351673,0.247704380558726,0.236063449191943,0.0114496631281852,-15,35
2.8381589790098,0.307361616804907,0.0923253549486807,0.247996059605564,0.234403055125084,0.0114862032158266,-15,35
2.83243703384192,0.305701424987007,0.0906645670271972,0.248286806771257,0.232742661058226,0.0115236652346169,-15,35
2.8266095455136,0.304041228618852,0.0890037879667697,0.248576625033058,0.231082266991367,0.0115620724239671,-14.999,35.1
2.82063856856705,0.302381029052736,0.0873433413875993,0.248865445154299,0.229421983617446,0.0116014459516876,-15,35.1
2.81455198105917,0.300720826351165,0.0856825746607085,0.249153414732745,0.227761589550588,0.0116418154933764,-15,35.1
2.80831114188883,0.299060619344203,0.0840218163180316,0.249440464281374,0.226101195483729,0.0116832034995534,-15.002,35.1
2.80195526292769,0.297400405628865,0.082360418531819,0.249726741148397,0.224440580030995,0.011725641373431,-15.002,35.2
2.795481575008,0.295740182875122,0.0806990383467728,0.25001210339362,0.222779964578261,0.0117691499981749,-15,35.2
2.78883996260945,0.29407995378617,0.079038323006016,0.250296409530334,0.221119570511402,0.0118137503501677,-15,35.2
2.78204557199053,0.292419720985497,0.077377614893373,0.250579807341506,0.219459176444544,0.0118594758253535,-15,35.2
2.77509218625147,0.29075948455661,0.0757169138462234,0.250862299729133,0.217798782377685,0.0119063547892047,-15,35.2
2.76800911243661,0.289099244581138,0.0740562197056059,0.251143889585939,0.216138388310827,0.0119544163227377,-14.997,35.2
2.76070993041482,0.287439004888644,0.072396503774814,0.251424363182173,0.214478326322782,0.0120036802625309,-14.998,35.3
2.75322962167434,0.285778767944273,0.0707364562387656,0.251704012901804,0.212818153641799,0.0120541900598271,-14.999,35.3
2.74557248687381,0.284118531195794,0.0690760820676105,0.251982841377024,0.211157870267878,0.0121059772913205,-14.999,35.3
2.73771973104921,0.282458293398323,0.0674157099392379,0.252260779027204,0.209497586893957,0.0121590707524988,-14.999,35.3
2.72966270160771,0.28079805457546,0.0657553398076889,0.252537828698427,0.207837303520036,0.012213503375034,-14.999,35.4
2.72139222744773,0.279137814750274,0.0640949716280382,0.252813993227685,0.206177020146116,0.0122693089212114,-14.999,35.4
2.71289857876454,0.277477573945316,0.0624346053563716,0.253089275442905,0.204516736772195,0.012326522004872,-14.999,35.4
2.70417142301631,0.275817332182629,0.0607742409497626,0.253363678162978,0.202856453398274,0.0123851781128812,-14.999,35.4
2.69519977661388,0.27415708948376,0.0591138783662506,0.253637204197792,0.201196170024354,0.01244531362714,-14.999,35.4
2.68599696577143,0.272496845869772,0.0574535175648191,0.253909856348256,0.199535886650433,0.0125069658471515,-14.997,35.5
2.67646647866917,0.270836603861101,0.0557938061444934,0.254181492997506,0.197875824662388,0.012570164479584,-15,35.4
2.66669891728376,0.269176362152815,0.0541331153783143,0.25445247841201,0.196215430595529,0.0126349699554464,-14.999,35.4
2.65661180531483,0.267516118266646,0.0524727551069225,0.254722525854742,0.194555147221608,0.0127014055059706,-15,35.4
2.64623692128903,0.265855872242146,0.0508120727460328,0.254991782731239,0.19289475315475,0.0127695212028772,-14.999,35.5
2.63551095961393,0.264195624136869,0.0491517206908258,0.255260107158445,0.191234469780829,0.0128393502128196,-15,35.5
2.62446378046748,0.262535373988185,0.0474910463612708,0.255527646524253,0.189574075713971,0.0129109451651102,-14.999,35.6
2.61302934227119,0.260875121851512,0.0458307021567071,0.25579425892802,0.18791379234005,0.0129843409204896,-15,35.6
2.6012220969395,0.25921486776213,0.0441700355011693,0.256060091740107,0.186253398273191,0.0130595927964657,-15,35.8
2.58900967258031,0.257554610523494,0.042509374978411,0.256325075246809,0.184593004206333,0.0131367426420171,-15,35.8
2.57636883511635,0.255894350206457,0.0408487204504552,0.256589212161558,0.182932610139474,0.013215838316183,-15,35.8
2.56326121415801,0.254234086880277,0.0391880717824289,0.256852505189121,0.181272216072616,0.0132969288850666,-15.001,35.9
2.54968366425404,0.252573819362732,0.0375271050229343,0.257115029230029,0.179611711312819,0.0133800702639746,-15.001,35.9
2.53560948841929,0.250913546507642,0.0358661486576434,0.257376714536698,0.177951206553023,0.0134653086965927,-15,36
2.52099631798478,0.249253269685016,0.034205526272264,0.257637491584375,0.176290812486164,0.0135526911682852,-14.999,36
2.5057825810303,0.247592991474519,0.0325452328432208,0.257897363274843,0.174630529112244,0.0136422714503468,-15,36
2.48996564132273,0.245932711897929,0.0308846158208411,0.258156476909437,0.172970135045385,0.0137341170582975,-15,36
2.47350753255923,0.244272429745504,0.0292240038145797,0.25841476270565,0.171309740978527,0.013828279069121,-14.999,36
2.45633910014216,0.24261214632512,0.027563720531142,0.258672151103916,0.169649457604606,0.0139248093788261,-14.999,36
2.43840793141923,0.24095186290578,0.0259034372456686,0.258928717175732,0.167989174230685,0.0140237740604601,-15,35.9
2.41972691183121,0.239291578237539,0.0242428301386456,0.259184535752748,0.166328780163827,0.0141252413464499,-14.997,35.9
2.40011017103098,0.237631294857786,0.0225831992833412,0.259439320405479,0.164668718175781,0.0142292465991441,-15,35.9
2.37961179468229,0.235971012709198,0.0209225872696079,0.259693507663662,0.163008324108923,0.0143358959495004,-14.999,35.9
2.35810347888294,0.234310729292564,0.0192623039788666,0.259946810618259,0.161348040735002,0.014445227628525,-14.999,35.9
2.33550100214096,0.232650445876891,0.0176020206862538,0.26019930429893,0.159687757361081,0.014557316471513,-15,35.8
2.3117544206116,0.230990161212233,0.0159414135722521,0.260451063495624,0.158027363294223,0.0146722397594691,-14.999,35.8
2.28671488476414,0.229329875336137,0.0142811350710067,0.260701946146111,0.156367079920302,0.0147900534502172,-15,35.8
2.26030586059894,0.227669588266412,0.0126205326405749,0.260952099459678,0.154706685853444,0.0149108463383549,-15,35.8
2.23239255848506,0.226009298789434,0.0109599348979674,0.261201453562061,0.153046291786585,0.0150346855988741,-15,35.8
2.20283448793302,0.224349006959362,0.00929934173771616,0.261450011006648,0.151385897719727,0.0151616480538961,-15,35.8
2.17147282096777,0.222688712829138,0.00763875305672608,0.261697774338671,0.149725503652868,0.0152918124629707,-15,35.8
2.13814270735504,0.22102841645051,0.00597816875422141,0.261944746095228,0.14806510958601,0.0154252595719343,-14.999,35.8
2.10261485961852,0.219368119123987,0.00431791255125331,0.2621908566009,0.146404826212089,0.0155620629281101,-14.999,35.8
2.0646475362942,0.217707822111373,0.00265765573698521,0.262436180811696,0.144744542838168,0.0157023161705447,-15,35.8
2.02400931293469,0.216047524155684,0.000997074505610702,0.262680793444151,0.14308414877131,0.0158461159984659,-14.999,35.8
