1462,SBT4050,1,5,4.1713396,-9.80E-05,2408.637,
1462,SBT4050,1,5,3.958196,-10,2411.121,21.9
1462,SBT4050,1,5,3.9442616,-10,2413.898,21.9
1462,SBT4050,1,5,3.9334812,-10,2416.676,21.9
1462,SBT4050,1,5,3.9243032,-9.999,2419.453,21.8
1462,SBT4050,1,5,3.916234,-9.999,2422.231,21.8
1462,SBT4050,1,5,3.90882,-10,2425.009,21.8
1462,SBT4050,1,5,3.902018,-9.999,2427.786,21.9
1462,SBT4050,1,5,3.8955788,-10.002,2430.564,21.9
1462,SBT4050,1,5,3.8898216,-9.999,2433.342,21.9
1462,SBT4050,1,5,3.8843928,-9.997,2436.119,21.9
1462,SBT4050,1,5,3.8790884,-9.999,2438.897,21.9
1462,SBT4050,1,5,3.8742856,-10,2441.675,22
1462,SBT4050,1,5,3.8695532,-10,2444.452,22
1462,SBT4050,1,5,3.865138,-10,2447.23,21.9
1462,SBT4050,1,5,3.8610488,-10,2450.007,22
1462,SBT4050,1,5,3.856746,-10,2452.785,22
1462,SBT4050,1,5,3.8528296,-10,2455.563,22.1
1462,SBT4050,1,5,3.8493248,-9.999,2458.34,22.1
1462,SBT4050,1,5,3.8453012,-9.999,2461.118,22
1462,SBT4050,1,5,3.8419636,-10,2463.896,22
1462,SBT4050,1,5,3.8387692,-10,2466.673,22.1
1462,SBT4050,1,5,3.835348,-10,2469.451,22.2
1462,SBT4050,1,5,3.8321828,-9.999,2472.229,22.2
1462,SBT4050,1,5,3.8291328,-10,2475.006,22.1
1462,SBT4050,1,5,3.8263196,-9.999,2477.784,22.2
1462,SBT4050,1,5,3.8236396,-9.999,2480.561,22.3
1462,SBT4050,1,5,3.820898,-10,2483.339,22.3
1462,SBT4050,1,5,3.8181228,-10,2486.117,22.3
1462,SBT4050,1,5,3.815584,-9.999,2488.894,22.3
1462,SBT4050,1,5,3.8132344,-10,2491.672,22.3
1462,SBT4050,1,5,3.8107904,-9.999,2494.45,22.4
1462,SBT4050,1,5,3.8082632,-10,2497.227,22.5
1462,SBT4050,1,5,3.8063296,-10,2500.005,22.5
1462,SBT4050,1,5,3.803934,-10,2502.783,22.4
1462,SBT4050,1,5,3.8016824,-10.002,2505.56,22.5
1462,SBT4050,1,5,3.7996444,-10.002,2508.338,22.6
1462,SBT4050,1,5,3.7981128,-9.999,2511.115,22.6
1462,SBT4050,1,5,3.7962804,-10.001,2513.893,22.6
1462,SBT4050,1,5,3.7938488,-9.998,2516.671,22.6
1462,SBT4050,1,5,3.7922944,-9.999,2519.448,22.7
1462,SBT4050,1,5,3.790578,-9.999,2522.226,22.8
1462,SBT4050,1,5,3.7884168,-10.001,2525.004,22.8
1462,SBT4050,1,5,3.7869028,-10.001,2527.781,22.8
1462,SBT4050,1,5,3.7853664,-9.999,2530.559,22.8
1462,SBT4050,1,5,3.7835544,-9.998,2533.337,22.9
1462,SBT4050,1,5,3.7818128,-10.001,2536.114,23
1462,SBT4050,1,5,3.7802208,-9.999,2538.892,23
1462,SBT4050,1,5,3.7786952,-9.999,2541.67,23.1
1462,SBT4050,1,5,3.7775,-10.001,2544.447,23.2
1462,SBT4050,1,5,3.7759504,-9.999,2547.225,23.2
1462,SBT4050,1,5,3.7742308,-9.999,2550.003,23.2
1462,SBT4050,1,5,3.7733604,-9.999,2552.78,23.2
1462,SBT4050,1,5,3.7715392,-10.001,2555.558,23.3
1462,SBT4050,1,5,3.7701412,-9.998,2558.336,23.4
1462,SBT4050,1,5,3.7689376,-10.001,2561.113,23.4
1462,SBT4050,1,5,3.767572,-9.999,2563.891,23.4
1462,SBT4050,1,5,3.766356,-9.999,2566.668,23.4
1462,SBT4050,1,5,3.7649172,-9.999,2569.446,23.5
1462,SBT4050,1,5,3.7635704,-9.999,2572.224,23.6
1462,SBT4050,1,5,3.7621192,-10.001,2575.001,23.6
1462,SBT4050,1,5,3.7611896,-9.999,2577.779,23.6
1462,SBT4050,1,5,3.7600256,-9.999,2580.557,23.7
1462,SBT4050,1,5,3.758888,-10.001,2583.334,23.8
1462,SBT4050,1,5,3.7573864,-9.999,2586.112,23.8
1462,SBT4050,1,5,3.756234,-10.001,2588.889,23.8
1462,SBT4050,1,5,3.7552324,-9.999,2591.667,23.9
1462,SBT4050,1,5,3.75395,-9.999,2594.445,24
1462,SBT4050,1,5,3.7531276,-10.001,2597.222,24
1462,SBT4050,1,5,3.75184,-10.001,2600,24
1462,SBT4050,1,5,3.7509024,-10.001,2602.778,24.1
1462,SBT4050,1,5,3.7496148,-9.998,2605.555,24.2
1462,SBT4050,1,5,3.7488616,-9.999,2608.333,24.3
1462,SBT4050,1,5,3.7476816,-10.001,2611.11,24.2
1462,SBT4050,1,5,3.7465436,-9.998,2613.888,24.2
1462,SBT4050,1,5,3.745554,-9.999,2616.666,24.3
1462,SBT4050,1,5,3.7445372,-10.001,2619.443,24.4
1462,SBT4050,1,5,3.743696,-9.999,2622.221,24.5
1462,SBT4050,1,5,3.7425636,-9.999,2624.999,24.5
1462,SBT4050,1,5,3.741644,-9.999,2627.776,24.5
1462,SBT4050,1,5,3.7406308,-9.999,2630.554,24.5
1462,SBT4050,1,5,3.7396016,-9.999,2633.332,24.7
1462,SBT4050,1,5,3.738672,-10.001,2636.109,24.7
1462,SBT4050,1,5,3.7377164,-9.999,2638.887,24.7
1462,SBT4050,1,5,3.7369532,-10.001,2641.664,24.8
1462,SBT4050,1,5,3.7359448,-9.999,2644.442,24.9
1462,SBT4050,1,5,3.7350116,-9.999,2647.22,25
1462,SBT4050,1,5,3.734082,-9.998,2649.997,25
1462,SBT4050,1,5,3.7330724,-10.001,2652.775,25
1462,SBT4050,1,5,3.7323928,-9.998,2655.553,25
1462,SBT4050,1,5,3.731504,-9.999,2658.33,25.1
1462,SBT4050,1,5,3.7303476,-9.999,2661.108,25.2
1462,SBT4050,1,5,3.729468,-9.999,2663.886,25.3
1462,SBT4050,1,5,3.7288776,-10.001,2666.663,25.2
1462,SBT4050,1,5,3.727888,-10.001,2669.441,25.3
1462,SBT4050,1,5,3.7266992,-9.999,2672.218,25.4
1462,SBT4050,1,5,3.7257932,-10.001,2674.996,25.5
1462,SBT4050,1,5,3.7249804,-10.001,2677.774,25.5
1462,SBT4050,1,5,3.7242772,-10.001,2680.551,25.5
1462,SBT4050,1,5,3.7231324,-9.999,2683.329,25.5
1462,SBT4050,1,5,3.722444,-9.998,2686.107,25.6
1462,SBT4050,1,5,3.7216572,-9.998,2688.884,25.7
1462,SBT4050,1,5,3.7208204,-10.001,2691.662,25.8
1462,SBT4050,1,5,3.7199144,-9.999,2694.44,25.7
1462,SBT4050,1,5,3.7191792,-10.001,2697.217,25.7
1462,SBT4050,1,5,3.718214,-10.001,2699.995,25.9
1462,SBT4050,1,5,3.7174748,-10,2702.773,26
1462,SBT4050,1,5,3.7164856,-10,2705.55,26
1462,SBT4050,1,5,3.7156032,-10.001,2708.328,26
1462,SBT4050,1,5,3.7148588,-9.999,2711.106,26.1
1462,SBT4050,1,5,3.7138456,-9.999,2713.883,26.2
1462,SBT4050,1,5,3.7130396,-9.999,2716.661,26.2
1462,SBT4050,1,5,3.7123128,-9.998,2719.439,26.2
1462,SBT4050,1,5,3.7113888,-9.999,2722.216,26.2
1462,SBT4050,1,5,3.7107092,-9.999,2724.994,26.3
1462,SBT4050,1,5,3.7096284,-9.999,2727.772,26.4
1462,SBT4050,1,5,3.708874,-10,2730.549,26.5
1462,SBT4050,1,5,3.7078252,-10,2733.327,26.5
1462,SBT4050,1,5,3.7072884,-10.002,2736.105,26.5
1462,SBT4050,1,5,3.7062276,-10,2738.882,26.7
1462,SBT4050,1,5,3.7053776,-10,2741.66,26.7
1462,SBT4050,1,5,3.7046624,-10,2744.438,26.7
1462,SBT4050,1,5,3.7035052,-10,2747.215,26.7
1462,SBT4050,1,5,3.7028852,-10,2749.993,26.7
1462,SBT4050,1,5,3.7021556,-9.999,2752.77,26.9
1462,SBT4050,1,5,3.7012632,-10,2755.548,27
1462,SBT4050,1,5,3.7004644,-9.999,2758.326,27
1462,SBT4050,1,5,3.6995756,-10,2761.103,26.9
1462,SBT4050,1,5,3.698622,-9.999,2763.881,27.1
1462,SBT4050,1,5,3.6978792,-9.999,2766.659,27.2
1462,SBT4050,1,5,3.6969732,-10,2769.436,27.2
1462,SBT4050,1,5,3.696196,-10,2772.214,27.2
1462,SBT4050,1,5,3.6954604,-9.999,2774.992,27.2
1462,SBT4050,1,5,3.6944232,-9.999,2777.769,27.3
1462,SBT4050,1,5,3.6936176,-9.999,2780.547,27.4
1462,SBT4050,1,5,3.6927832,-9.999,2783.325,27.4
1462,SBT4050,1,5,3.6921152,-9.999,2786.102,27.4
1462,SBT4050,1,5,3.6911856,-9.999,2788.88,27.5
1462,SBT4050,1,5,3.6904004,-9.999,2791.657,27.6
1462,SBT4050,1,5,3.6894592,-10,2794.435,27.7
1462,SBT4050,1,5,3.6886604,-9.999,2797.213,27.6
1462,SBT4050,1,5,3.687702,-9.999,2799.99,27.7
1462,SBT4050,1,5,3.68713,-10.001,2802.768,27.8
1462,SBT4050,1,5,3.6862624,-9.999,2805.546,27.9
1462,SBT4050,1,5,3.6852256,-9.999,2808.323,27.9
1462,SBT4050,1,5,3.6843976,-10,2811.101,27.8
1462,SBT4050,1,5,3.6836108,-10.002,2813.879,27.9
1462,SBT4050,1,5,3.6827532,-9.999,2816.656,28
1462,SBT4050,1,5,3.6818096,-9.999,2819.434,28.1
1462,SBT4050,1,5,3.6809516,-9.999,2822.211,28.1
1462,SBT4050,1,5,3.6800984,-10,2824.989,28
1462,SBT4050,1,5,3.6795144,-9.999,2827.767,28.2
1462,SBT4050,1,5,3.67852,-10,2830.544,28.3
1462,SBT4050,1,5,3.6775904,-9.999,2833.322,28.3
1462,SBT4050,1,5,3.676924,-9.999,2836.1,28.3
1462,SBT4050,1,5,3.6760888,-9.999,2838.877,28.3
1462,SBT4050,1,5,3.6751232,-9.998,2841.655,28.4
1462,SBT4050,1,5,3.674542,-10,2844.433,28.5
1462,SBT4050,1,5,3.6734096,-9.998,2847.21,28.5
1462,SBT4050,1,5,3.6725868,-10,2849.988,28.5
1462,SBT4050,1,5,3.6719072,-10,2852.765,28.5
1462,SBT4050,1,5,3.6709108,-9.998,2855.543,28.6
1462,SBT4050,1,5,3.6701476,-10,2858.32,28.7
1462,SBT4050,1,5,3.669492,-10,2861.098,28.7
1462,SBT4050,1,5,3.6685268,-10,2863.876,28.7
1462,SBT4050,1,5,3.6675852,-9.998,2866.653,28.9
1462,SBT4050,1,5,3.6666628,-10,2869.431,28.9
1462,SBT4050,1,5,3.6660072,-10,2872.208,28.9
1462,SBT4050,1,5,3.6649848,-10,2874.986,28.9
1462,SBT4050,1,5,3.6641864,-10,2877.764,29
1462,SBT4050,1,5,3.6634328,-9.998,2880.541,29.1
1462,SBT4050,1,5,3.6626684,-9.998,2883.319,29.1
1462,SBT4050,1,5,3.66181,-9.998,2886.096,29.1
1462,SBT4050,1,5,3.6607784,-10,2888.874,29.1
1462,SBT4050,1,5,3.6597772,-10.001,2891.652,29.3
1462,SBT4050,1,5,3.6592172,-10,2894.429,29.3
1462,SBT4050,1,5,3.6583232,-10,2897.207,29.3
1462,SBT4050,1,5,3.6574616,-9.998,2899.984,29.3
1462,SBT4050,1,5,3.6566012,-9.998,2902.762,29.4
1462,SBT4050,1,5,3.65591,-9.998,2905.54,29.5
1462,SBT4050,1,5,3.654892,-10,2908.317,29.5
1462,SBT4050,1,5,3.654034,-10,2911.095,29.5
1462,SBT4050,1,5,3.6532912,-9.998,2913.872,29.5
1462,SBT4050,1,5,3.6523496,-9.998,2916.65,29.6
1462,SBT4050,1,5,3.6516704,-10,2919.428,29.7
1462,SBT4050,1,5,3.6507856,-10,2922.205,29.7
1462,SBT4050,1,5,3.6499752,-10,2924.983,29.8
1462,SBT4050,1,5,3.6489944,-10,2927.761,29.9
1462,SBT4050,1,5,3.6479336,-9.998,2930.538,29.9
1462,SBT4050,1,5,3.6472684,-10,2933.316,29.9
1462,SBT4050,1,5,3.6465652,-10,2936.094,29.9
1462,SBT4050,1,5,3.6455016,-10,2938.871,30
1462,SBT4050,1,5,3.644548,-10,2941.649,30
1462,SBT4050,1,5,3.643744,-10,2944.427,30.1
1462,SBT4050,1,5,3.6429844,-10,2947.204,30.1
1462,SBT4050,1,5,3.6422216,-9.998,2949.982,30.1
1462,SBT4050,1,5,3.6411868,-10,2952.76,30.1
1462,SBT4050,1,5,3.6404956,-10.001,2955.537,30.3
1462,SBT4050,1,5,3.6395408,-10.001,2958.315,30.3
1462,SBT4050,1,5,3.6388256,-10,2961.093,30.3
1462,SBT4050,1,5,3.6378192,-10,2963.871,30.3
1462,SBT4050,1,5,3.6370776,-10,2966.648,30.4
1462,SBT4050,1,5,3.636434,-10,2969.426,30.5
1462,SBT4050,1,5,3.6352116,-10.001,2972.204,30.5
1462,SBT4050,1,5,3.6344848,-9.998,2974.981,30.4
1462,SBT4050,1,5,3.6338236,-10,2977.759,30.5
1462,SBT4050,1,5,3.632894,-9.998,2980.537,30.6
1462,SBT4050,1,5,3.6320844,-10.001,2983.314,30.7
1462,SBT4050,1,5,3.6310952,-10,2986.092,30.6
1462,SBT4050,1,5,3.630288,-10,2988.87,30.7
1462,SBT4050,1,5,3.62953,-10,2991.647,30.8
1462,SBT4050,1,5,3.6284812,-10,2994.425,30.9
1462,SBT4050,1,5,3.6277052,-10,2997.203,30.9
1462,SBT4050,1,5,3.6267756,-9.998,2999.98,30.8
1462,SBT4050,1,5,3.6258,-9.998,3002.758,30.9
1462,SBT4050,1,5,3.6251564,-10,3005.535,31
1462,SBT4050,1,5,3.6244176,-10,3008.313,31.1
1462,SBT4050,1,5,3.6234528,-10,3011.091,31.1
1462,SBT4050,1,5,3.6227616,-10,3013.868,31
1462,SBT4050,1,5,3.6217456,-9.998,3016.646,31.1
1462,SBT4050,1,5,3.6208752,-9.998,3019.423,31.2
1462,SBT4050,1,5,3.6203316,-10.001,3022.201,31.2
1462,SBT4050,1,5,3.619414,-9.998,3024.979,31.2
1462,SBT4050,1,5,3.6184064,-10,3027.756,31.2
1462,SBT4050,1,5,3.6175216,-9.998,3030.534,31.3
1462,SBT4050,1,5,3.6166752,-10,3033.311,31.4
1462,SBT4050,1,5,3.615772,-10.001,3036.089,31.4
1462,SBT4050,1,5,3.6152236,-9.998,3038.867,31.4
1462,SBT4050,1,5,3.6141532,-10.001,3041.644,31.4
1462,SBT4050,1,5,3.6132712,-9.998,3044.422,31.5
1462,SBT4050,1,5,3.6122748,-9.998,3047.199,31.6
1462,SBT4050,1,5,3.6115,-10,3049.977,31.6
1462,SBT4050,1,5,3.6107248,-10,3052.754,31.6
1462,SBT4050,1,5,3.609972,-10,3055.532,31.7
1462,SBT4050,1,5,3.6089708,-10,3058.31,31.8
1462,SBT4050,1,5,3.6082248,-9.997,3061.087,31.8
1462,SBT4050,1,5,3.6071996,-9.997,3063.865,31.8
1462,SBT4050,1,5,3.6063688,-10.001,3066.643,31.7
1462,SBT4050,1,5,3.6056536,-10,3069.42,31.8
1462,SBT4050,1,5,3.6049668,-10,3072.198,31.9
1462,SBT4050,1,5,3.6038856,-10,3074.975,32
1462,SBT4050,1,5,3.602956,-10,3077.753,31.9
1462,SBT4050,1,5,3.6021488,-9.998,3080.531,31.9
1462,SBT4050,1,5,3.601386,-10,3083.308,32.1
1462,SBT4050,1,5,3.6005936,-9.998,3086.086,32.2
1462,SBT4050,1,5,3.5995208,-9.998,3088.863,32.1
1462,SBT4050,1,5,3.5986472,-9.998,3091.641,32.1
1462,SBT4050,1,5,3.5978172,-9.998,3094.419,32.2
1462,SBT4050,1,5,3.5970188,-10,3097.196,32.3
1462,SBT4050,1,5,3.59596,-10.001,3099.974,32.3
1462,SBT4050,1,5,3.595376,-10,3102.752,32.3
1462,SBT4050,1,5,3.5943108,-10,3105.529,32.3
1462,SBT4050,1,5,3.5934048,-10,3108.307,32.3
1462,SBT4050,1,5,3.5925336,-10,3111.084,32.4
1462,SBT4050,1,5,3.5916996,-9.998,3113.862,32.5
1462,SBT4050,1,5,3.5909868,-9.998,3116.64,32.5
1462,SBT4050,1,5,3.5901464,-9.998,3119.417,32.5
1462,SBT4050,1,5,3.5889304,-9.998,3122.195,32.5
1462,SBT4050,1,5,3.5885984,-9.998,3124.973,32.7
1462,SBT4050,1,5,3.5873228,-10.001,3127.75,32.7
1462,SBT4050,1,5,3.5864288,-10.001,3130.528,32.6
1462,SBT4050,1,5,3.5855944,-10,3133.305,32.6
1462,SBT4050,1,5,3.5849228,-10.001,3136.083,32.7
1462,SBT4050,1,5,3.584044,-10,3138.861,32.8
1462,SBT4050,1,5,3.5831384,-10,3141.638,32.8
1462,SBT4050,1,5,3.5821688,-9.998,3144.416,32.8
1462,SBT4050,1,5,3.5812032,-10,3147.194,32.8
1462,SBT4050,1,5,3.5807528,-10,3149.971,33
1462,SBT4050,1,5,3.579668,-10,3152.749,33
1462,SBT4050,1,5,3.5787836,-10.001,3155.527,33
1462,SBT4050,1,5,3.5780088,-9.998,3158.304,33
1462,SBT4050,1,5,3.5770212,-10,3161.082,33
1462,SBT4050,1,5,3.5760876,-10,3163.86,33.1
1462,SBT4050,1,5,3.5754084,-10,3166.638,33.2
1462,SBT4050,1,5,3.5743204,-10,3169.415,33.2
1462,SBT4050,1,5,3.5735456,-10,3172.193,33.1
1462,SBT4050,1,5,3.5724252,-10,3174.971,33.2
1462,SBT4050,1,5,3.57171,-10,3177.748,33.3
1462,SBT4050,1,5,3.570696,-10,3180.526,33.3
1462,SBT4050,1,5,3.56987,-10,3183.304,33.3
1462,SBT4050,1,5,3.5689048,-10,3186.081,33.3
1462,SBT4050,1,5,3.5679048,-10,3188.859,33.4
1462,SBT4050,1,5,3.567106,-10,3191.637,33.5
1462,SBT4050,1,5,3.5661872,-10,3194.414,33.4
1462,SBT4050,1,5,3.5654124,-9.998,3197.192,33.4
1462,SBT4050,1,5,3.5644516,-10,3199.97,33.5
1462,SBT4050,1,5,3.56365,-10,3202.748,33.6
1462,SBT4050,1,5,3.5626248,-10,3205.525,33.6
1462,SBT4050,1,5,3.5618268,-10,3208.303,33.6
1462,SBT4050,1,5,3.56073,-10,3211.08,33.7
1462,SBT4050,1,5,3.5598912,-10,3213.858,33.8
1462,SBT4050,1,5,3.5590688,-10,3216.636,33.8
1462,SBT4050,1,5,3.5579968,-10,3219.413,33.7
1462,SBT4050,1,5,3.5570076,-9.998,3222.191,33.8
1462,SBT4050,1,5,3.5565632,-9.998,3224.968,33.8
1462,SBT4050,1,5,3.5551808,-9.998,3227.746,33.9
1462,SBT4050,1,5,3.5543824,-10,3230.524,33.9
1462,SBT4050,1,5,3.5534624,-9.998,3233.301,33.9
1462,SBT4050,1,5,3.5524848,-10,3236.079,33.9
1462,SBT4050,1,5,3.5518356,-9.999,3238.856,34
1462,SBT4050,1,5,3.5508104,-9.999,3241.634,34
1462,SBT4050,1,5,3.5498912,-10,3244.412,34
1462,SBT4050,1,5,3.5489048,-10,3247.189,34.1
1462,SBT4050,1,5,3.5480464,-10,3249.967,34.2
1462,SBT4050,1,5,3.547172,-10,3252.745,34.2
1462,SBT4050,1,5,3.5464448,-10,3255.522,34.2
1462,SBT4050,1,5,3.545422,-10,3258.3,34.2
1462,SBT4050,1,5,3.544528,-9.997,3261.078,34.2
1462,SBT4050,1,5,3.543658,-10,3263.855,34.3
1462,SBT4050,1,5,3.5427212,-9.999,3266.633,34.4
1462,SBT4050,1,5,3.5417556,-10.001,3269.411,34.3
1462,SBT4050,1,5,3.5407616,-10,3272.188,34.3
1462,SBT4050,1,5,3.5398796,-9.999,3274.966,34.5
1462,SBT4050,1,5,3.5388308,-10,3277.744,34.5
1462,SBT4050,1,5,3.5382228,-10.001,3280.522,34.5
1462,SBT4050,1,5,3.5370596,-10,3283.299,34.4
1462,SBT4050,1,5,3.5359632,-10.002,3286.077,34.5
1462,SBT4050,1,5,3.5353292,-10,3288.854,34.6
1462,SBT4050,1,5,3.5341604,-10,3291.632,34.6
1462,SBT4050,1,5,3.533338,-10,3294.41,34.6
1462,SBT4050,1,5,3.5323676,-10,3297.188,34.6
1462,SBT4050,1,5,3.5313424,-9.999,3299.965,34.6
1462,SBT4050,1,5,3.53063,-10,3302.743,34.7
1462,SBT4050,1,5,3.5295932,-9.999,3305.521,34.8
1462,SBT4050,1,5,3.5286596,-10,3308.298,34.7
1462,SBT4050,1,5,3.5276956,-10,3311.076,34.8
1462,SBT4050,1,5,3.5266468,-9.999,3313.854,34.9
1462,SBT4050,1,5,3.5256036,-10,3316.631,35
1462,SBT4050,1,5,3.5248648,-10,3319.409,34.9
1462,SBT4050,1,5,3.5238928,-10.002,3322.187,34.9
1462,SBT4050,1,5,3.5229512,-9.999,3324.964,34.9
1462,SBT4050,1,5,3.5220136,-10.002,3327.742,35.1
1462,SBT4050,1,5,3.5210492,-9.999,3330.52,35.1
1462,SBT4050,1,5,3.5202864,-10,3333.297,35.1
1462,SBT4050,1,5,3.5192276,-10,3336.075,35.1
1462,SBT4050,1,5,3.5182976,-9.999,3338.853,35.2
1462,SBT4050,1,5,3.5174476,-9.999,3341.63,35.3
1462,SBT4050,1,5,3.5166132,-10,3344.408,35.3
1462,SBT4050,1,5,3.5157,-10,3347.186,35.2
1462,SBT4050,1,5,3.5146152,-9.999,3349.964,35.2
1462,SBT4050,1,5,3.5137588,-10,3352.741,35.3
1462,SBT4050,1,5,3.5127408,-10,3355.519,35.4
1462,SBT4050,1,5,3.5115372,-10,3358.297,35.4
1462,SBT4050,1,5,3.5107392,-9.999,3361.074,35.4
1462,SBT4050,1,5,3.5096904,-9.999,3363.852,35.3
1462,SBT4050,1,5,3.5087136,-9.999,3366.63,35.4
1462,SBT4050,1,5,3.508034,-9.999,3369.407,35.5
1462,SBT4050,1,5,3.5069736,-10,3372.185,35.5
1462,SBT4050,1,5,3.5059396,-10,3374.963,35.5
1462,SBT4050,1,5,3.5048548,-10,3377.74,35.5
1462,SBT4050,1,5,3.5040884,-10,3380.518,35.6
1462,SBT4050,1,5,3.5030872,-10,3383.296,35.6
1462,SBT4050,1,5,3.5022728,-9.999,3386.073,35.6
1462,SBT4050,1,5,3.5012,-10,3388.851,35.6
1462,SBT4050,1,5,3.5001928,-9.999,3391.629,35.6
1462,SBT4050,1,5,3.4992628,-9.997,3394.406,35.7
1462,SBT4050,1,5,3.4983372,-10,3397.184,35.7
1462,SBT4050,1,5,3.497286,-9.999,3399.962,35.7
1462,SBT4050,1,5,3.4962608,-10,3402.739,35.8
1462,SBT4050,1,5,3.4953072,-10,3405.517,35.8
1462,SBT4050,1,5,3.49464,-9.999,3408.295,35.9
1462,SBT4050,1,5,3.4934312,-9.999,3411.072,35.8
1462,SBT4050,1,5,3.4925016,-10,3413.85,35.9
1462,SBT4050,1,5,3.491482,-9.999,3416.628,35.9
1462,SBT4050,1,5,3.4906408,-10,3419.405,36
1462,SBT4050,1,5,3.4898184,-9.999,3422.183,36
1462,SBT4050,1,5,3.4887512,-10,3424.96,35.9
1462,SBT4050,1,5,3.4878452,-9.999,3427.738,35.9
1462,SBT4050,1,5,3.4868176,-9.999,3430.516,36
1462,SBT4050,1,5,3.4859596,-10,3433.293,36.1
1462,SBT4050,1,5,3.4849332,-10,3436.071,36
1462,SBT4050,1,5,3.4838596,-10,3438.848,36
1462,SBT4050,1,5,3.4829772,-9.999,3441.626,36.1
1462,SBT4050,1,5,3.4819992,-9.999,3444.404,36.2
1462,SBT4050,1,5,3.4811528,-9.999,3447.181,36.2
1462,SBT4050,1,5,3.48022,-9.999,3449.959,36.2
1462,SBT4050,1,5,3.4792904,-10,3452.737,36.2
1462,SBT4050,1,5,3.4781608,-10,3455.514,36.3
1462,SBT4050,1,5,3.4772668,-9.997,3458.292,36.3
1462,SBT4050,1,5,3.4762356,-9.999,3461.069,36.4
1462,SBT4050,1,5,3.475232,-9.999,3463.847,36.3
1462,SBT4050,1,5,3.47435,-10,3466.625,36.4
1462,SBT4050,1,5,3.4733452,-10,3469.402,36.4
1462,SBT4050,1,5,3.4724632,-10,3472.18,36.5
1462,SBT4050,1,5,3.471504,-9.999,3474.957,36.4
1462,SBT4050,1,5,3.4706816,-9.999,3477.735,36.4
1462,SBT4050,1,5,3.4697044,-10,3480.513,36.5
1462,SBT4050,1,5,3.468838,-10,3483.29,36.6
1462,SBT4050,1,5,3.4678604,-9.999,3486.068,36.6
1462,SBT4050,1,5,3.4668224,-9.999,3488.846,36.5
1462,SBT4050,1,5,3.4659764,-9.999,3491.623,36.5
1462,SBT4050,1,5,3.4650204,-9.999,3494.401,36.6
1462,SBT4050,1,5,3.4642336,-9.999,3497.179,36.7
1462,SBT4050,1,5,3.4633456,-10,3499.956,36.7
1462,SBT4050,1,5,3.4622956,-10,3502.734,36.6
1462,SBT4050,1,5,3.4612944,-10,3505.511,36.7
1462,SBT4050,1,5,3.4601812,-10,3508.289,36.8
1462,SBT4050,1,5,3.4595016,-10.001,3511.067,36.8
1462,SBT4050,1,5,3.4584128,-10.001,3513.844,36.8
1462,SBT4050,1,5,3.4576024,-10,3516.622,36.7
1462,SBT4050,1,5,3.4565968,-9.999,3519.4,36.8
1462,SBT4050,1,5,3.4555836,-9.999,3522.177,36.9
1462,SBT4050,1,5,3.454944,-10,3524.955,36.9
1462,SBT4050,1,5,3.453918,-9.999,3527.732,36.9
1462,SBT4050,1,5,3.4531072,-10,3530.51,36.9
1462,SBT4050,1,5,3.4521048,-10,3533.288,37
1462,SBT4050,1,5,3.451032,-10,3536.065,37
1462,SBT4050,1,5,3.450058,-9.999,3538.843,37
1462,SBT4050,1,5,3.4492596,-9.999,3541.621,37
1462,SBT4050,1,5,3.4482636,-9.997,3544.398,37
1462,SBT4050,1,5,3.4475684,-9.999,3547.176,37.1
1462,SBT4050,1,5,3.4465912,-10,3549.953,37.1
1462,SBT4050,1,5,3.4456268,-10,3552.731,37.1
1462,SBT4050,1,5,3.4447924,-9.999,3555.509,37.1
1462,SBT4050,1,5,3.4438964,-9.999,3558.286,37.1
1462,SBT4050,1,5,3.4430504,-9.999,3561.064,37.2
1462,SBT4050,1,5,3.4420784,-10,3563.842,37.2
1462,SBT4050,1,5,3.4413516,-9.999,3566.619,37.1
1462,SBT4050,1,5,3.4404932,-9.999,3569.397,37.2
1462,SBT4050,1,5,3.4392112,-9.999,3572.174,37.2
1462,SBT4050,1,5,3.438508,-9.999,3574.952,37.3
1462,SBT4050,1,5,3.4377916,-9.997,3577.73,37.3
1462,SBT4050,1,5,3.436826,-9.999,3580.507,37.3
1462,SBT4050,1,5,3.4359684,-9.999,3583.285,37.3
1462,SBT4050,1,5,3.4349788,-9.999,3586.063,37.3
1462,SBT4050,1,5,3.4342764,-9.999,3588.84,37.4
1462,SBT4050,1,5,3.4332712,-10,3591.618,37.4
1462,SBT4050,1,5,3.4323296,-10,3594.395,37.4
1462,SBT4050,1,5,3.4314108,-9.998,3597.173,37.4
1462,SBT4050,1,5,3.4307792,-10,3599.951,37.5
1462,SBT4050,1,5,3.4296188,-10,3602.728,37.6
1462,SBT4050,1,5,3.4290228,-10,3605.506,37.5
1462,SBT4050,1,5,3.4281428,-10,3608.283,37.5
1462,SBT4050,1,5,3.4272136,-10,3611.061,37.5
1462,SBT4050,1,5,3.426248,-9.999,3613.839,37.5
1462,SBT4050,1,5,3.4257496,-9.999,3616.616,37.6
1462,SBT4050,1,5,3.4248556,-9.999,3619.394,37.7
1462,SBT4050,1,5,3.4237984,-10,3622.172,37.6
1462,SBT4050,1,5,3.4228448,-10,3624.949,37.6
1462,SBT4050,1,5,3.421886,-9.999,3627.727,37.7
1462,SBT4050,1,5,3.4214688,-9.999,3630.504,37.8
1462,SBT4050,1,5,3.4203464,-10,3633.282,37.8
1462,SBT4050,1,5,3.4196156,-9.999,3636.06,37.7
1462,SBT4050,1,5,3.4186856,-9.999,3638.837,37.7
1462,SBT4050,1,5,3.4178536,-9.999,3641.615,37.7
1462,SBT4050,1,5,3.4170788,-9.999,3644.393,37.8
1462,SBT4050,1,5,3.4162296,-9.997,3647.17,37.9
1462,SBT4050,1,5,3.4153236,-9.999,3649.948,37.8
1462,SBT4050,1,5,3.4146196,-10.002,3652.725,37.8
1462,SBT4050,1,5,3.4137092,-9.999,3655.503,37.8
1462,SBT4050,1,5,3.4130296,-10,3658.281,37.9
1462,SBT4050,1,5,3.4121224,-9.999,3661.058,37.9
1462,SBT4050,1,5,3.4111808,-10,3663.836,37.8
1462,SBT4050,1,5,3.4103744,-9.999,3666.614,37.8
1462,SBT4050,1,5,3.409576,-10,3669.391,37.9
1462,SBT4050,1,5,3.4088464,-10,3672.169,38
1462,SBT4050,1,5,3.407942,-10,3674.947,38
1462,SBT4050,1,5,3.4072028,-10,3677.724,38
1462,SBT4050,1,5,3.4062668,-10.002,3680.502,37.9
1462,SBT4050,1,5,3.4055396,-9.999,3683.28,38
1462,SBT4050,1,5,3.4047092,-10,3686.058,38.1
1462,SBT4050,1,5,3.4040892,-9.998,3688.835,38.1
1462,SBT4050,1,5,3.4030196,-9.999,3691.613,38.1
1462,SBT4050,1,5,3.402388,-9.999,3694.39,38.1
1462,SBT4050,1,5,3.4013084,-9.997,3697.168,38.2
1462,SBT4050,1,5,3.4008816,-10,3699.946,38.2
1462,SBT4050,1,5,3.3999044,-9.997,3702.723,38.2
1462,SBT4050,1,5,3.3991812,-10,3705.501,38.2
1462,SBT4050,1,5,3.3986452,-9.998,3708.279,38.2
1462,SBT4050,1,5,3.3977264,-10.002,3711.056,38.3
1462,SBT4050,1,5,3.3969156,-10,3713.834,38.3
1462,SBT4050,1,5,3.3959948,-9.999,3716.612,38.3
1462,SBT4050,1,5,3.3951828,-10,3719.39,38.3
1462,SBT4050,1,5,3.3944556,-9.999,3722.167,38.4
1462,SBT4050,1,5,3.3938504,-10,3724.945,38.4
1462,SBT4050,1,5,3.3929208,-9.999,3727.723,38.4
1462,SBT4050,1,5,3.3921912,-9.999,3730.5,38.4
1462,SBT4050,1,5,3.3912972,-10,3733.278,38.5
1462,SBT4050,1,5,3.39069,-10,3736.056,38.5
1462,SBT4050,1,5,3.389968,-9.999,3738.833,38.5
1462,SBT4050,1,5,3.3892172,-9.999,3741.611,38.5
1462,SBT4050,1,5,3.3881704,-9.999,3744.389,38.5
1462,SBT4050,1,5,3.3873956,-10,3747.166,38.6
1462,SBT4050,1,5,3.3866112,-9.999,3749.944,38.6
1462,SBT4050,1,5,3.3860748,-10,3752.722,38.5
1462,SBT4050,1,5,3.385338,-10.002,3755.499,38.6
1462,SBT4050,1,5,3.38448,-10,3758.277,38.7
1462,SBT4050,1,5,3.383672,-10,3761.055,38.7
1462,SBT4050,1,5,3.383244,-10,3763.833,38.6
1462,SBT4050,1,5,3.3822904,-9.999,3766.61,38.6
1462,SBT4050,1,5,3.3812368,-10,3769.388,38.7
1462,SBT4050,1,5,3.3808672,-9.999,3772.166,38.8
1462,SBT4050,1,5,3.380068,-10,3774.943,38.8
1462,SBT4050,1,5,3.3792696,-10,3777.721,38.7
1462,SBT4050,1,5,3.378428,-9.999,3780.499,38.7
1462,SBT4050,1,5,3.3775728,-9.999,3783.276,38.8
1462,SBT4050,1,5,3.3769888,-10,3786.054,38.9
1462,SBT4050,1,5,3.3761888,-9.998,3788.832,38.8
1462,SBT4050,1,5,3.3754736,-10,3791.609,38.9
1462,SBT4050,1,5,3.37489,-10,3794.387,38.9
1462,SBT4050,1,5,3.3738172,-10,3797.165,39
1462,SBT4050,1,5,3.3733036,-10,3799.942,39
1462,SBT4050,1,5,3.3727172,-10,3802.72,38.9
1462,SBT4050,1,5,3.3718232,-9.998,3805.498,39
1462,SBT4050,1,5,3.3710344,-10,3808.275,39
1462,SBT4050,1,5,3.3704744,-9.998,3811.053,39.1
1462,SBT4050,1,5,3.3694768,-10,3813.83,39
1462,SBT4050,1,5,3.3690004,-9.998,3816.608,39.1
1462,SBT4050,1,5,3.3682512,-9.998,3819.386,39.2
1462,SBT4050,1,5,3.3674524,-10,3822.163,39.2
1462,SBT4050,1,5,3.3668388,-10,3824.941,39.1
1462,SBT4050,1,5,3.3661112,-10,3827.718,39.1
1462,SBT4050,1,5,3.36536,-9.998,3830.496,39.2
1462,SBT4050,1,5,3.3645888,-9.998,3833.274,39.2
1462,SBT4050,1,5,3.3639216,-9.998,3836.051,39.2
1462,SBT4050,1,5,3.3632332,-10,3838.829,39.2
1462,SBT4050,1,5,3.3624468,-10,3841.606,39.2
1462,SBT4050,1,5,3.361874,-10,3844.384,39.2
1462,SBT4050,1,5,3.3610884,-10,3847.162,39.3
1462,SBT4050,1,5,3.3601708,-10,3849.939,39.2
1462,SBT4050,1,5,3.3595592,-9.999,3852.717,39.3
1462,SBT4050,1,5,3.3588916,-9.999,3855.495,39.3
1462,SBT4050,1,5,3.358174,-10,3858.273,39.4
1462,SBT4050,1,5,3.3575068,-9.999,3861.05,39.4
1462,SBT4050,1,5,3.356868,-9.999,3863.828,39.3
1462,SBT4050,1,5,3.3561172,-10,3866.606,39.3
1462,SBT4050,1,5,3.3551902,-9.999,3869.383,39.4
1462,SBT4050,1,5,3.3547086,-10,3872.161,39.5
1462,SBT4050,1,5,3.354065,-10,3874.939,39.4
1462,SBT4050,1,5,3.3532214,-9.999,3877.716,39.4
1462,SBT4050,1,5,3.3525418,-9.999,3880.494,39.5
1462,SBT4050,1,5,3.3517858,-10,3883.272,39.6
1462,SBT4050,1,5,3.3511302,-10,3886.049,39.5
1462,SBT4050,1,5,3.350323,-10.002,3888.827,39.5
1462,SBT4050,1,5,3.3496498,-10,3891.605,39.5
1462,SBT4050,1,5,3.3489704,-10,3894.383,39.6
1462,SBT4050,1,5,3.3482822,-10,3897.16,39.6
1462,SBT4050,1,5,3.3475312,-9.999,3899.938,39.6
1462,SBT4050,1,5,3.346962,-9.999,3902.716,39.6
1462,SBT4050,1,5,3.346092,-10,3905.493,39.6
1462,SBT4050,1,5,3.3454324,-10,3908.271,39.7
1462,SBT4050,1,5,3.3446024,-10,3911.049,39.7
1462,SBT4050,1,5,3.3439944,-9.998,3913.826,39.7
1462,SBT4050,1,5,3.3432586,-10,3916.604,39.7
1462,SBT4050,1,5,3.3426508,-10,3919.381,39.8
1462,SBT4050,1,5,3.3421048,-10,3922.159,39.8
1462,SBT4050,1,5,3.3412108,-10,3924.937,39.8
1462,SBT4050,1,5,3.3405222,-9.999,3927.715,39.7
1462,SBT4050,1,5,3.3399858,-10,3930.492,39.8
1462,SBT4050,1,5,3.3391766,-9.998,3933.27,39.8
1462,SBT4050,1,5,3.3384708,-10,3936.047,39.9
1462,SBT4050,1,5,3.3379226,-9.999,3938.825,39.8
1462,SBT4050,1,5,3.3370348,-9.999,3941.603,39.8
1462,SBT4050,1,5,3.3363672,-9.999,3944.38,39.9
1462,SBT4050,1,5,3.3356362,-10,3947.158,39.9
1462,SBT4050,1,5,3.335088,-10,3949.936,39.9
1462,SBT4050,1,5,3.3341828,-9.999,3952.714,39.9
1462,SBT4050,1,5,3.3336286,-10,3955.491,40
1462,SBT4050,1,5,3.3328658,-9.997,3958.269,40
1462,SBT4050,1,5,3.3321816,-10,3961.047,40
1462,SBT4050,1,5,3.3314664,-9.999,3963.824,40
1462,SBT4050,1,5,3.3307224,-9.999,3966.602,40
1462,SBT4050,1,5,3.3301384,-10,3969.38,40.1
1462,SBT4050,1,5,3.3293448,-9.999,3972.157,40.1
1462,SBT4050,1,5,3.3287684,-10.002,3974.935,40.1
1462,SBT4050,1,5,3.3279936,-9.999,3977.712,40.1
1462,SBT4050,1,5,3.3272672,-9.999,3980.49,40.1
1462,SBT4050,1,5,3.3265758,-9.999,3983.268,40.2
1462,SBT4050,1,5,3.3258382,-10,3986.045,40.1
1462,SBT4050,1,5,3.3252542,-10,3988.823,40.1
1462,SBT4050,1,5,3.3245376,-9.997,3991.601,40.2
1462,SBT4050,1,5,3.3236078,-9.999,3994.378,40.2
1462,SBT4050,1,5,3.3228794,-10,3997.156,40.2
1462,SBT4050,1,5,3.322309,-10,3999.934,40.2
1462,SBT4050,1,5,3.321713,-10,4002.711,40.1
1462,SBT4050,1,5,3.3209794,-10,4005.489,40.2
1462,SBT4050,1,5,3.3202524,-9.999,4008.267,40.3
1462,SBT4050,1,5,3.3195116,-10,4011.044,40.2
1462,SBT4050,1,5,3.3190824,-9.999,4013.822,40.2
1462,SBT4050,1,5,3.3183252,-10,4016.6,40.3
1462,SBT4050,1,5,3.3174626,-10,4019.377,40.4
1462,SBT4050,1,5,3.3166998,-9.997,4022.155,40.4
1462,SBT4050,1,5,3.3159238,-10,4024.933,40.3
1462,SBT4050,1,5,3.3155306,-9.999,4027.71,40.3
1462,SBT4050,1,5,3.3147504,-10,4030.488,40.3
1462,SBT4050,1,5,3.3139874,-9.999,4033.265,40.4
1462,SBT4050,1,5,3.3132136,-10,4036.043,40.5
1462,SBT4050,1,5,3.31257,-9.999,4038.821,40.4
1462,SBT4050,1,5,3.3119916,-10,4041.598,40.3
1462,SBT4050,1,5,3.3110714,-10,4044.376,40.4
1462,SBT4050,1,5,3.310535,-9.999,4047.154,40.5
1462,SBT4050,1,5,3.3099058,-10,4049.931,40.5
1462,SBT4050,1,5,3.3091072,-10,4052.709,40.5
1462,SBT4050,1,5,3.3083192,-10.002,4055.486,40.4
1462,SBT4050,1,5,3.3074134,-9.999,4058.264,40.5
1462,SBT4050,1,5,3.3068902,-10,4061.042,40.6
1462,SBT4050,1,5,3.3061154,-10,4063.819,40.6
1462,SBT4050,1,5,3.305579,-9.999,4066.597,40.6
1462,SBT4050,1,5,3.3046842,-10,4069.375,40.6
1462,SBT4050,1,5,3.3041122,-10,4072.152,40.6
1462,SBT4050,1,5,3.3034442,-10,4074.93,40.7
1462,SBT4050,1,5,3.3026692,-10,4077.708,40.7
1462,SBT4050,1,5,3.3018442,-10,4080.485,40.7
1462,SBT4050,1,5,3.301137,-9.999,4083.263,40.7
1462,SBT4050,1,5,3.300517,-10,4086.041,40.7
1462,SBT4050,1,5,3.2994972,-9.999,4088.818,40.8
1462,SBT4050,1,5,3.2989966,-10.002,4091.596,40.8
1462,SBT4050,1,5,3.2982548,-10,4094.374,40.8
1462,SBT4050,1,5,3.297349,-10,4097.151,40.7
1462,SBT4050,1,5,3.296807,-10,4099.929,40.7
1462,SBT4050,1,5,3.2960442,-10,4102.707,40.8
1462,SBT4050,1,5,3.2952416,-9.999,4105.485,40.9
1462,SBT4050,1,5,3.2946046,-9.999,4108.262,40.8
1462,SBT4050,1,5,3.2938298,-9.999,4111.04,40.8
1462,SBT4050,1,5,3.2928308,-9.997,4113.818,40.9
1462,SBT4050,1,5,3.292056,-9.999,4116.595,41
1462,SBT4050,1,5,3.2915006,-9.998,4119.373,41
1462,SBT4050,1,5,3.2907496,-10.001,4122.151,41
1462,SBT4050,1,5,3.2899688,-10.002,4124.928,40.9
1462,SBT4050,1,5,3.2892698,-10,4127.706,41
1462,SBT4050,1,5,3.2884354,-9.999,4130.484,41.1
1462,SBT4050,1,5,3.2876296,-10,4133.261,41.1
1462,SBT4050,1,5,3.2867356,-10,4136.039,41
1462,SBT4050,1,5,3.2861186,-9.999,4138.817,41
1462,SBT4050,1,5,3.2854272,-10,4141.594,41.1
1462,SBT4050,1,5,3.284414,-10,4144.372,41.2
1462,SBT4050,1,5,3.283859,-9.999,4147.15,41.2
1462,SBT4050,1,5,3.2830128,-9.999,4149.928,41.1
1462,SBT4050,1,5,3.2822736,-9.999,4152.705,41.1
1462,SBT4050,1,5,3.2814868,-10,4155.483,41.2
1462,SBT4050,1,5,3.2805864,-9.999,4158.261,41.2
1462,SBT4050,1,5,3.2798952,-9.999,4161.038,41.3
1462,SBT4050,1,5,3.2790776,-9.999,4163.816,41.2
1462,SBT4050,1,5,3.2784338,-10,4166.594,41.2
1462,SBT4050,1,5,3.277571,-10.001,4169.371,41.3
1462,SBT4050,1,5,3.2768202,-9.998,4172.149,41.4
1462,SBT4050,1,5,3.2757236,-10.001,4174.927,41.3
1462,SBT4050,1,5,3.2751332,-9.998,4177.704,41.3
1462,SBT4050,1,5,3.2741558,-9.998,4180.482,41.3
1462,SBT4050,1,5,3.2732524,-10,4183.26,41.4
1462,SBT4050,1,5,3.2727518,-10,4186.037,41.4
1462,SBT4050,1,5,3.27209,-10,4188.815,41.4
1462,SBT4050,1,5,3.270917,-10,4191.593,41.4
1462,SBT4050,1,5,3.2702138,-10,4194.37,41.4
1462,SBT4050,1,5,3.2694984,-9.999,4197.148,41.4
1462,SBT4050,1,5,3.2686998,-10.001,4199.926,41.5
1462,SBT4050,1,5,3.2678944,-10.001,4202.703,41.4
1462,SBT4050,1,5,3.2670362,-9.998,4205.481,41.5
1462,SBT4050,1,5,3.2662472,-10,4208.259,41.5
1462,SBT4050,1,5,3.2653394,-9.998,4211.036,41.6
1462,SBT4050,1,5,3.2644574,-10,4213.814,41.6
1462,SBT4050,1,5,3.2637474,-9.998,4216.592,41.5
1462,SBT4050,1,5,3.2629488,-9.999,4219.369,41.5
1462,SBT4050,1,5,3.2620412,-9.999,4222.147,41.6
1462,SBT4050,1,5,3.2612546,-10,4224.924,41.7
1462,SBT4050,1,5,3.260226,-10,4227.702,41.6
1462,SBT4050,1,5,3.259332,-10,4230.48,41.6
1462,SBT4050,1,5,3.2584922,-9.999,4233.257,41.7
1462,SBT4050,1,5,3.2577588,-10,4236.035,41.7
1462,SBT4050,1,5,3.2570556,-9.999,4238.813,41.7
1462,SBT4050,1,5,3.2558454,-9.999,4241.59,41.7
1462,SBT4050,1,5,3.255166,-10.002,4244.368,41.7
1462,SBT4050,1,5,3.2542796,-10,4247.146,41.8
1462,SBT4050,1,5,3.2534334,-10,4249.923,41.8
1462,SBT4050,1,5,3.2524462,-10,4252.701,41.7
1462,SBT4050,1,5,3.2516876,-10,4255.479,41.7
1462,SBT4050,1,5,3.2508412,-10,4258.256,41.8
1462,SBT4050,1,5,3.2500254,-9.999,4261.034,41.9
1462,SBT4050,1,5,3.2490362,-10,4263.812,41.8
1462,SBT4050,1,5,3.2482608,-10,4266.589,41.8
1462,SBT4050,1,5,3.2472358,-10,4269.367,41.9
1462,SBT4050,1,5,3.2464858,-9.999,4272.145,41.9
1462,SBT4050,1,5,3.245556,-10,4274.922,41.9
1462,SBT4050,1,5,3.2445316,-9.999,4277.7,41.9
1462,SBT4050,1,5,3.2435468,-9.999,4280.478,41.9
1462,SBT4050,1,5,3.2427362,-10,4283.255,42
1462,SBT4050,1,5,3.2420934,-9.999,4286.033,42
1462,SBT4050,1,5,3.240818,-10.001,4288.811,42
1462,SBT4050,1,5,3.240207,-10.001,4291.588,41.9
1462,SBT4050,1,5,3.2391938,-10,4294.366,42
1462,SBT4050,1,5,3.2382352,-9.999,4297.144,42.1
1462,SBT4050,1,5,3.2372226,-9.999,4299.921,42
1462,SBT4050,1,5,3.2362334,-10,4302.699,42.1
1462,SBT4050,1,5,3.2353742,-9.998,4305.477,42.1
1462,SBT4050,1,5,3.234373,-9.998,4308.254,42.2
1462,SBT4050,1,5,3.2334368,-10,4311.032,42.2
1462,SBT4050,1,5,3.232376,-9.998,4313.81,42.1
1462,SBT4050,1,5,3.2313674,-10,4316.587,42.2
1462,SBT4050,1,5,3.2302642,-10,4319.365,42.2
1462,SBT4050,1,5,3.2295132,-10.001,4322.143,42.3
1462,SBT4050,1,5,3.2281512,-9.997,4324.92,42.2
1462,SBT4050,1,5,3.2274956,-9.998,4327.698,42.2
1462,SBT4050,1,5,3.2264992,-9.998,4330.476,42.3
1462,SBT4050,1,5,3.2254978,-9.998,4333.253,42.3
1462,SBT4050,1,5,3.224491,-10,4336.031,42.3
1462,SBT4050,1,5,3.2235136,-10,4338.809,42.3
1462,SBT4050,1,5,3.222349,-10,4341.586,42.3
1462,SBT4050,1,5,3.2212338,-9.998,4344.364,42.4
1462,SBT4050,1,5,3.220304,-9.998,4347.142,42.4
1462,SBT4050,1,5,3.219456,-10,4349.919,42.4
1462,SBT4050,1,5,3.2181448,-9.998,4352.697,42.4
1462,SBT4050,1,5,3.21695,-10,4355.475,42.4
1462,SBT4050,1,5,3.2159012,-10,4358.252,42.5
1462,SBT4050,1,5,3.2148128,-10,4361.03,42.5
1462,SBT4050,1,5,3.2136872,-9.998,4363.808,42.5
1462,SBT4050,1,5,3.2126384,-10,4366.585,42.6
1462,SBT4050,1,5,3.2115846,-10,4369.363,42.6
1462,SBT4050,1,5,3.2104284,-9.998,4372.141,42.6
1462,SBT4050,1,5,3.2092148,-10,4374.918,42.6
1462,SBT4050,1,5,3.20813,-10,4377.696,42.6
1462,SBT4050,1,5,3.2070542,-10,4380.474,42.7
1462,SBT4050,1,5,3.205903,-10,4383.251,42.7
1462,SBT4050,1,5,3.2046156,-10,4386.029,42.7
1462,SBT4050,1,5,3.203493,-10,4388.807,42.6
1462,SBT4050,1,5,3.202289,-10,4391.584,42.8
1462,SBT4050,1,5,3.2012936,-10,4394.362,42.8
1462,SBT4050,1,5,3.1999706,-10,4397.14,42.7
1462,SBT4050,1,5,3.1985254,-9.998,4399.917,42.7
1462,SBT4050,1,5,3.197393,-10,4402.695,42.8
1462,SBT4050,1,5,3.1964816,-10,4405.473,42.9
1462,SBT4050,1,5,3.1948818,-10,4408.251,42.9
1462,SBT4050,1,5,3.1936778,-10.001,4411.028,42.8
1462,SBT4050,1,5,3.192229,-10,4413.806,42.8
1462,SBT4050,1,5,3.1911084,-9.998,4416.584,42.9
1462,SBT4050,1,5,3.189977,-10,4419.361,43
1462,SBT4050,1,5,3.1884632,-9.998,4422.139,43
1462,SBT4050,1,5,3.1872802,-10,4424.917,42.9
1462,SBT4050,1,5,3.186123,-10,4427.695,43
1462,SBT4050,1,5,3.1846688,-9.998,4430.472,43.1
1462,SBT4050,1,5,3.1833122,-10,4433.25,43
1462,SBT4050,1,5,3.1821916,-9.998,4436.028,43
1462,SBT4050,1,5,3.1807254,-9.998,4438.805,43
1462,SBT4050,1,5,3.179164,-10.001,4441.583,43.1
1462,SBT4050,1,5,3.1778844,-10,4444.361,43.1
1462,SBT4050,1,5,3.1765132,-10.001,4447.138,43.1
1462,SBT4050,1,5,3.175047,-9.998,4449.916,43
1462,SBT4050,1,5,3.17364,-9.998,4452.694,43.1
1462,SBT4050,1,5,3.1720308,-10,4455.471,43.2
1462,SBT4050,1,5,3.1706354,-10,4458.249,43.1
1462,SBT4050,1,5,3.169062,-10,4461.027,43.1
1462,SBT4050,1,5,3.1677,-10,4463.804,43.2
1462,SBT4050,1,5,3.16621,-10,4466.582,43.3
1462,SBT4050,1,5,3.1647406,-9.998,4469.36,43.3
1462,SBT4050,1,5,3.1632248,-9.998,4472.137,43.2
1462,SBT4050,1,5,3.1615202,-10,4474.915,43.2
1462,SBT4050,1,5,3.1597632,-10,4477.693,43.3
1462,SBT4050,1,5,3.1582018,-10,4480.47,43.4
1462,SBT4050,1,5,3.156797,-10,4483.248,43.4
1462,SBT4050,1,5,3.1549018,-10,4486.026,43.3
1462,SBT4050,1,5,3.1533294,-10,4488.803,43.4
1462,SBT4050,1,5,3.1517828,-9.998,4491.581,43.4
1462,SBT4050,1,5,3.149828,-9.998,4494.359,43.5
1462,SBT4050,1,5,3.1481386,-10,4497.136,43.4
1462,SBT4050,1,5,3.1464936,-10,4499.914,43.4
1462,SBT4050,1,5,3.1448294,-10,4502.692,43.4
1462,SBT4050,1,5,3.142815,-10,4505.469,43.5
1462,SBT4050,1,5,3.1410996,-10.001,4508.247,43.5
1462,SBT4050,1,5,3.1390494,-10,4511.025,43.5
1462,SBT4050,1,5,3.1373498,-10,4513.803,43.5
1462,SBT4050,1,5,3.1354226,-10,4516.58,43.5
1462,SBT4050,1,5,3.1335036,-10,4519.358,43.6
1462,SBT4050,1,5,3.1315662,-9.998,4522.136,43.6
1462,SBT4050,1,5,3.1294564,-10,4524.913,43.6
1462,SBT4050,1,5,3.1275398,-10,4527.691,43.7
1462,SBT4050,1,5,3.125275,-10,4530.469,43.7
1462,SBT4050,1,5,3.123178,-10,4533.246,43.7
1462,SBT4050,1,5,3.121179,-9.998,4536.024,43.6
1462,SBT4050,1,5,3.1188904,-10,4538.802,43.7
1462,SBT4050,1,5,3.1165222,-9.997,4541.579,43.7
1462,SBT4050,1,5,3.1143886,-9.998,4544.357,43.8
1462,SBT4050,1,5,3.112047,-10,4547.135,43.7
1462,SBT4050,1,5,3.1098896,-10.001,4549.912,43.7
1462,SBT4050,1,5,3.1073088,-10,4552.69,43.9
1462,SBT4050,1,5,3.1050388,-10,4555.468,43.9
1462,SBT4050,1,5,3.1022734,-10,4558.245,43.9
1462,SBT4050,1,5,3.0999692,-10,4561.023,43.9
1462,SBT4050,1,5,3.0974542,-10,4563.801,44
1462,SBT4050,1,5,3.0947866,-10,4566.578,44
1462,SBT4050,1,5,3.0919616,-10,4569.356,44
1462,SBT4050,1,5,3.0893662,-10,4572.133,43.9
1462,SBT4050,1,5,3.0864102,-10,4574.911,44
1462,SBT4050,1,5,3.083827,-9.998,4577.689,44
1462,SBT4050,1,5,3.0810442,-10,4580.466,44.1
1462,SBT4050,1,5,3.0780644,-10.001,4583.244,44
1462,SBT4050,1,5,3.0750548,-10,4586.022,44.1
1462,SBT4050,1,5,3.072063,-10,4588.799,44.2
1462,SBT4050,1,5,3.0687472,-10,4591.577,44.2
1462,SBT4050,1,5,3.0657076,-10,4594.355,44.2
1462,SBT4050,1,5,3.0625584,-10,4597.132,44.2
1462,SBT4050,1,5,3.059059,-9.998,4599.91,44.2
1462,SBT4050,1,5,3.055936,-10.001,4602.688,44.3
1462,SBT4050,1,5,3.0525076,-9.999,4605.465,44.3
1462,SBT4050,1,5,3.0491344,-9.998,4608.243,44.3
1462,SBT4050,1,5,3.045588,-9.998,4611.02,44.3
1462,SBT4050,1,5,3.0419406,-9.998,4613.798,44.3
1462,SBT4050,1,5,3.0382278,-10,4616.576,44.5
1462,SBT4050,1,5,3.0348596,-10,4619.353,44.4
1462,SBT4050,1,5,3.0307594,-10.001,4622.131,44.4
1462,SBT4050,1,5,3.0269914,-10.001,4624.909,44.4
1462,SBT4050,1,5,3.0232368,-10.001,4627.686,44.5
1462,SBT4050,1,5,3.0192136,-10,4630.464,44.6
1462,SBT4050,1,5,3.0152922,-9.998,4633.241,44.5
1462,SBT4050,1,5,3.0113176,-10,4636.019,44.5
1462,SBT4050,1,5,3.006967,-9.998,4638.797,44.5
1462,SBT4050,1,5,3.0028562,-10,4641.574,44.6
1462,SBT4050,1,5,2.998526,-10,4644.352,44.7
1462,SBT4050,1,5,2.9942708,-9.998,4647.13,44.6
1462,SBT4050,1,5,2.9898506,-10,4649.907,44.6
1462,SBT4050,1,5,2.9854046,-10.001,4652.685,44.7
1462,SBT4050,1,5,2.9809698,-9.998,4655.463,44.8
1462,SBT4050,1,5,2.9763808,-10,4658.24,44.8
1462,SBT4050,1,5,2.9717524,-9.998,4661.018,44.8
1462,SBT4050,1,5,2.9670506,-9.998,4663.795,44.7
1462,SBT4050,1,5,2.962259,-10,4666.573,44.8
1462,SBT4050,1,5,2.9573552,-10,4669.351,44.9
1462,SBT4050,1,5,2.9526588,-10,4672.128,44.9
1462,SBT4050,1,5,2.9476368,-10,4674.906,44.9
1462,SBT4050,1,5,2.9426662,-10,4677.684,44.9
1462,SBT4050,1,5,2.9377026,-10,4680.462,44.9
1462,SBT4050,1,5,2.9327558,-10,4683.239,45
1462,SBT4050,1,5,2.927553,-10.001,4686.017,45.1
1462,SBT4050,1,5,2.9224962,-10.001,4688.795,45.1
1462,SBT4050,1,5,2.9170726,-9.998,4691.572,45
1462,SBT4050,1,5,2.9118432,-10,4694.35,45
1462,SBT4050,1,5,2.9065746,-10,4697.128,45.1
1462,SBT4050,1,5,2.9012382,-9.998,4699.905,45.2
1462,SBT4050,1,5,2.895743,-10.001,4702.683,45.2
1462,SBT4050,1,5,2.8901534,-10,4705.46,45.2
1462,SBT4050,1,5,2.8847264,-10,4708.238,45.2
1462,SBT4050,1,5,2.8793028,-9.998,4711.016,45.3
1462,SBT4050,1,5,2.8733974,-10,4713.793,45.4
1462,SBT4050,1,5,2.867652,-10,4716.571,45.4
1462,SBT4050,1,5,2.8617476,-10,4719.349,45.3
1462,SBT4050,1,5,2.8557162,-10.001,4722.126,45.4
1462,SBT4050,1,5,2.8497444,-9.998,4724.904,45.5
1462,SBT4050,1,5,2.843256,-10,4727.681,45.5
1462,SBT4050,1,5,2.8376298,-10,4730.459,45.5
1462,SBT4050,1,5,2.8308714,-10,4733.237,45.5
1462,SBT4050,1,5,2.8246254,-10,4736.014,45.5
1462,SBT4050,1,5,2.8181436,-10,4738.792,45.6
1462,SBT4050,1,5,2.8115042,-10,4741.569,45.7
1462,SBT4050,1,5,2.8044816,-10,4744.347,45.7
1462,SBT4050,1,5,2.7977826,-9.998,4747.125,45.7
1462,SBT4050,1,5,2.7906202,-10,4749.902,45.8
1462,SBT4050,1,5,2.7833568,-10,4752.68,45.9
1462,SBT4050,1,5,2.776038,-9.998,4755.458,45.8
1462,SBT4050,1,5,2.7683056,-10,4758.235,45.8
1462,SBT4050,1,5,2.7605816,-10,4761.013,45.8
1462,SBT4050,1,5,2.752571,-9.999,4763.791,45.9
1462,SBT4050,1,5,2.7444536,-10,4766.568,46
1462,SBT4050,1,5,2.7361506,-9.997,4769.346,46
1462,SBT4050,1,5,2.7275844,-10,4772.124,45.9
1462,SBT4050,1,5,2.7186922,-10,4774.901,46.1
1462,SBT4050,1,5,2.709721,-9.999,4777.679,46.1
1462,SBT4050,1,5,2.7004594,-9.999,4780.457,46.1
1462,SBT4050,1,5,2.6909714,-9.999,4783.234,46.1
1462,SBT4050,1,5,2.6809708,-9.999,4786.012,46.2
1462,SBT4050,1,5,2.6708254,-9.997,4788.79,46.3
1462,SBT4050,1,5,2.6603192,-9.999,4791.567,46.3
1462,SBT4050,1,5,2.6494722,-9.998,4794.345,46.2
1462,SBT4050,1,5,2.6381402,-10,4797.123,46.3
1462,SBT4050,1,5,2.6268642,-9.999,4799.9,46.4
1462,SBT4050,1,5,2.6147942,-9.999,4802.678,46.4
1462,SBT4050,1,5,2.6021832,-9.999,4805.456,46.4
1462,SBT4050,1,5,2.5893362,-10,4808.233,46.5
1462,SBT4050,1,5,2.5758192,-10,4811.011,46.6
1462,SBT4050,1,5,2.5618008,-9.999,4813.789,46.6
1462,SBT4050,1,5,2.5470992,-10,4816.566,46.6
1462,SBT4050,1,5,2.5318182,-10,4819.344,46.6
1462,SBT4050,1,5,2.5158362,-9.999,4822.122,46.7
1462,SBT4050,1,5,2.499971,-9.999,4824.755,
