1449,SBT4050,1,5,4.1735512,-9.90E-05,2402.548,
1449,SBT4050,1,5,4.0668316,-5,2403.699,19.7
1449,SBT4050,1,5,4.0595972,-4.998,2405.088,19.7
1449,SBT4050,1,5,4.053816,-5,2406.477,19.6
1449,SBT4050,1,5,4.0487012,-5,2407.866,19.6
1449,SBT4050,1,5,4.0447304,-5,2409.255,19.7
1449,SBT4050,1,5,4.0405584,-5,2410.643,19.7
1449,SBT4050,1,5,4.0369344,-5,2412.032,19.6
1449,SBT4050,1,5,4.0333464,-5,2413.421,19.6
1449,SBT4050,1,5,4.0301416,-5,2414.81,19.7
1449,SBT4050,1,5,4.0271736,-5,2416.199,19.7
1449,SBT4050,1,5,4.0244504,-5,2417.588,19.7
1449,SBT4050,1,5,4.0215184,-5,2418.977,19.6
1449,SBT4050,1,5,4.0189324,-5,2420.365,19.7
1449,SBT4050,1,5,4.016228,-5,2421.754,19.7
1449,SBT4050,1,5,4.013856,-5,2423.143,19.7
1449,SBT4050,1,5,4.0116576,-5,2424.532,19.7
1449,SBT4050,1,5,4.0093928,-5,2425.921,19.6
1449,SBT4050,1,5,4.007266,-5,2427.31,19.7
1449,SBT4050,1,5,4.0052156,-4.998,2428.698,19.7
1449,SBT4050,1,5,4.0031744,-5,2430.087,19.7
1449,SBT4050,1,5,4.0011884,-5,2431.476,19.6
1449,SBT4050,1,5,3.9990548,-5,2432.865,19.7
1449,SBT4050,1,5,3.9972188,-4.998,2434.254,19.7
1449,SBT4050,1,5,3.9954188,-4.998,2435.642,19.7
1449,SBT4050,1,5,3.9937416,-5,2437.031,19.7
1449,SBT4050,1,5,3.9919176,-5,2438.42,19.7
1449,SBT4050,1,5,3.9903124,-5,2439.809,19.7
1449,SBT4050,1,5,3.9888284,-5,2441.198,19.8
1449,SBT4050,1,5,3.9871596,-5,2442.586,19.8
1449,SBT4050,1,5,3.9856784,-5,2443.975,19.7
1449,SBT4050,1,5,3.9841524,-4.998,2445.364,19.8
1449,SBT4050,1,5,3.9824176,-5,2446.753,19.8
1449,SBT4050,1,5,3.9807608,-5,2448.142,19.8
1449,SBT4050,1,5,3.9793268,-5.001,2449.53,19.7
1449,SBT4050,1,5,3.9781348,-5,2450.919,19.7
1449,SBT4050,1,5,3.9766892,-4.998,2452.308,19.8
1449,SBT4050,1,5,3.9754916,-5,2453.697,19.8
1449,SBT4050,1,5,3.973954,-5,2455.086,19.8
1449,SBT4050,1,5,3.9727192,-5,2456.474,19.8
1449,SBT4050,1,5,3.9714316,-5,2457.863,19.8
1449,SBT4050,1,5,3.9702232,-5,2459.252,19.8
1449,SBT4050,1,5,3.9689836,-5,2460.641,19.8
1449,SBT4050,1,5,3.9675472,-5,2462.03,19.7
1449,SBT4050,1,5,3.9665316,-5,2463.418,19.8
1449,SBT4050,1,5,3.9653156,-5,2464.807,19.8
1449,SBT4050,1,5,3.9639144,-5,2466.196,19.9
1449,SBT4050,1,5,3.9629012,-5,2467.585,19.8
1449,SBT4050,1,5,3.961784,-5,2468.974,19.8
1449,SBT4050,1,5,3.9606516,-5,2470.362,19.8
1449,SBT4050,1,5,3.959828,-5,2471.751,19.9
1449,SBT4050,1,5,3.9586848,-5,2473.14,19.9
1449,SBT4050,1,5,3.9574808,-4.999,2474.529,19.9
1449,SBT4050,1,5,3.9563612,-4.998,2475.918,19.8
1449,SBT4050,1,5,3.9552644,-5.001,2477.306,19.9
1449,SBT4050,1,5,3.9546048,-4.999,2478.695,19.9
1449,SBT4050,1,5,3.9534724,-5.001,2480.083,19.9
1449,SBT4050,1,5,3.9524556,-5.001,2481.472,19.8
1449,SBT4050,1,5,3.95124,-5,2482.861,19.8
1449,SBT4050,1,5,3.950512,-5,2484.25,19.9
1449,SBT4050,1,5,3.9495296,-5,2485.639,19.9
1449,SBT4050,1,5,3.9483732,-5,2487.028,19.9
1449,SBT4050,1,5,3.9476932,-5,2488.416,19.9
1449,SBT4050,1,5,3.9467396,-5,2489.805,19.9
1449,SBT4050,1,5,3.9459172,-5,2491.194,20
1449,SBT4050,1,5,3.9453212,-5,2492.583,20
1449,SBT4050,1,5,3.9443612,-5,2493.972,19.9
1449,SBT4050,1,5,3.9436884,-5.001,2495.361,19.9
1449,SBT4050,1,5,3.9426872,-4.999,2496.749,19.9
1449,SBT4050,1,5,3.9417444,-4.999,2498.138,20
1449,SBT4050,1,5,3.9409936,-4.999,2499.527,20
1449,SBT4050,1,5,3.9401256,-4.999,2500.915,19.9
1449,SBT4050,1,5,3.9393032,-4.999,2502.304,19.9
1449,SBT4050,1,5,3.9386364,-4.999,2503.693,19.9
1449,SBT4050,1,5,3.9380176,-4.999,2505.082,20
1449,SBT4050,1,5,3.9371,-4.999,2506.47,20
1449,SBT4050,1,5,3.9362416,-4.999,2507.859,19.9
1449,SBT4050,1,5,3.9356812,-4.999,2509.248,19.9
1449,SBT4050,1,5,3.9348188,-4.999,2510.636,20
1449,SBT4050,1,5,3.9341632,-5.001,2512.025,20
1449,SBT4050,1,5,3.9333424,-4.999,2513.414,19.9
1449,SBT4050,1,5,3.9330328,-4.999,2514.803,19.9
1449,SBT4050,1,5,3.9321416,-4.999,2516.191,19.9
1449,SBT4050,1,5,3.9311704,-4.999,2517.58,20
1449,SBT4050,1,5,3.9306936,-5.001,2518.969,20
1449,SBT4050,1,5,3.9301196,-5.001,2520.357,19.9
1449,SBT4050,1,5,3.9292136,-4.999,2521.746,19.9
1449,SBT4050,1,5,3.9288544,-4.999,2523.135,20
1449,SBT4050,1,5,3.9281752,-4.999,2524.523,20
1449,SBT4050,1,5,3.9273432,-4.999,2525.912,19.9
1449,SBT4050,1,5,3.926938,-4.998,2527.301,19.9
1449,SBT4050,1,5,3.9262468,-5.001,2528.69,20
1449,SBT4050,1,5,3.925704,-4.999,2530.078,20
1449,SBT4050,1,5,3.92506,-4.999,2531.467,20
1449,SBT4050,1,5,3.9243136,-4.999,2532.856,19.9
1449,SBT4050,1,5,3.9237056,-4.999,2534.245,20
1449,SBT4050,1,5,3.9231252,-5.001,2535.633,20
1449,SBT4050,1,5,3.9225768,-4.999,2537.022,20
1449,SBT4050,1,5,3.9219428,-5.001,2538.411,20
1449,SBT4050,1,5,3.9212532,-4.999,2539.8,20
1449,SBT4050,1,5,3.9207764,-4.999,2541.188,20
1449,SBT4050,1,5,3.9201076,-4.999,2542.577,20.1
1449,SBT4050,1,5,3.9196188,-4.999,2543.966,20.1
1449,SBT4050,1,5,3.9190368,-5.001,2545.354,20
1449,SBT4050,1,5,3.9184884,-4.998,2546.743,20
1449,SBT4050,1,5,3.917794,-4.999,2548.132,20.1
1449,SBT4050,1,5,3.9172048,-4.999,2549.521,20.1
1449,SBT4050,1,5,3.9165852,-4.999,2550.909,20.1
1449,SBT4050,1,5,3.9163028,-4.999,2552.298,20
1449,SBT4050,1,5,3.9157784,-4.999,2553.687,20
1449,SBT4050,1,5,3.9150564,-5.001,2555.075,20.1
1449,SBT4050,1,5,3.9145436,-4.999,2556.464,20.1
1449,SBT4050,1,5,3.9140336,-4.999,2557.853,20
1449,SBT4050,1,5,3.91356,-4.999,2559.241,20
1449,SBT4050,1,5,3.912988,-4.999,2560.63,20.1
1449,SBT4050,1,5,3.9125604,-5.001,2562.019,20.1
1449,SBT4050,1,5,3.9119048,-4.999,2563.408,20.1
1449,SBT4050,1,5,3.9114812,-4.999,2564.796,20
1449,SBT4050,1,5,3.9106828,-4.999,2566.185,20.1
1449,SBT4050,1,5,3.910238,-4.998,2567.573,20.1
1449,SBT4050,1,5,3.9098448,-4.999,2568.962,20.1
1449,SBT4050,1,5,3.909098,-4.999,2570.351,20.1
1449,SBT4050,1,5,3.9086976,-4.999,2571.739,20.1
1449,SBT4050,1,5,3.9084112,-4.999,2573.128,20.1
1449,SBT4050,1,5,3.9077112,-4.999,2574.517,20.2
1449,SBT4050,1,5,3.9072108,-4.999,2575.905,20.1
1449,SBT4050,1,5,3.9065632,-4.999,2577.294,20.1
1449,SBT4050,1,5,3.906146,-4.999,2578.683,20.1
1449,SBT4050,1,5,3.9058036,-4.999,2580.071,20.2
1449,SBT4050,1,5,3.9050952,-4.999,2581.46,20.2
1449,SBT4050,1,5,3.9045588,-4.999,2582.849,20.1
1449,SBT4050,1,5,3.9040376,-5.001,2584.237,20.1
1449,SBT4050,1,5,3.9037396,-4.999,2585.626,20.1
1449,SBT4050,1,5,3.9032908,-4.999,2587.015,20.2
1449,SBT4050,1,5,3.9028976,-4.999,2588.403,20.2
1449,SBT4050,1,5,3.9022788,-4.999,2589.792,20.1
1449,SBT4050,1,5,3.9018932,-4.999,2591.181,20.1
1449,SBT4050,1,5,3.9015,-4.999,2592.569,20.2
1449,SBT4050,1,5,3.90073,-4.999,2593.958,20.2
1449,SBT4050,1,5,3.9003128,-4.999,2595.346,20.2
1449,SBT4050,1,5,3.8999284,-4.999,2596.735,20.1
1449,SBT4050,1,5,3.8994516,-4.999,2598.124,20.1
1449,SBT4050,1,5,3.8986568,-4.999,2599.512,20.1
1449,SBT4050,1,5,3.8983708,-4.999,2600.901,20.2
1449,SBT4050,1,5,3.8979804,-4.999,2602.29,20.2
1449,SBT4050,1,5,3.8977076,-4.999,2603.678,20.2
1449,SBT4050,1,5,3.8970876,-5,2605.067,20.1
1449,SBT4050,1,5,3.8965412,-5,2606.456,20.2
1449,SBT4050,1,5,3.8960764,-5,2607.845,20.3
1449,SBT4050,1,5,3.8955268,-5,2609.234,20.3
1449,SBT4050,1,5,3.895336,-5,2610.622,20.2
1449,SBT4050,1,5,3.8946312,-4.999,2612.011,20.2
1449,SBT4050,1,5,3.8946116,-4.999,2613.4,20.2
1449,SBT4050,1,5,3.893932,-4.998,2614.788,20.2
1449,SBT4050,1,5,3.8932912,-4.999,2616.177,20.3
1449,SBT4050,1,5,3.8931244,-4.999,2617.566,20.3
1449,SBT4050,1,5,3.892606,-4.999,2618.954,20.2
1449,SBT4050,1,5,3.8921528,-4.999,2620.343,20.2
1449,SBT4050,1,5,3.8918368,-4.999,2621.732,20.3
1449,SBT4050,1,5,3.8912816,-4.999,2623.12,20.3
1449,SBT4050,1,5,3.8909032,-4.999,2624.509,20.2
1449,SBT4050,1,5,3.8903332,-4.999,2625.898,20.2
1449,SBT4050,1,5,3.8898324,-4.999,2627.286,20.2
1449,SBT4050,1,5,3.8894908,-4.999,2628.675,20.2
1449,SBT4050,1,5,3.8891808,-4.999,2630.064,20.3
1449,SBT4050,1,5,3.8885484,-4.999,2631.452,20.3
1449,SBT4050,1,5,3.8884172,-4.999,2632.841,20.3
1449,SBT4050,1,5,3.8877632,-4.999,2634.23,20.2
1449,SBT4050,1,5,3.8873524,-4.999,2635.618,20.3
1449,SBT4050,1,5,3.8867564,-4.999,2637.007,20.3
1449,SBT4050,1,5,3.8865396,-5.001,2638.396,20.3
1449,SBT4050,1,5,3.885896,-4.998,2639.784,20.3
1449,SBT4050,1,5,3.8856296,-4.999,2641.173,20.2
1449,SBT4050,1,5,3.8850812,-4.999,2642.562,20.2
1449,SBT4050,1,5,3.8846464,-4.999,2643.95,20.3
1449,SBT4050,1,5,3.8844264,-5.001,2645.339,20.3
1449,SBT4050,1,5,3.8840808,-4.999,2646.728,20.3
1449,SBT4050,1,5,3.8834056,-4.999,2648.117,20.3
1449,SBT4050,1,5,3.8832628,-4.999,2649.505,20.3
1449,SBT4050,1,5,3.8824556,-4.999,2650.894,20.3
1449,SBT4050,1,5,3.8826344,-4.999,2652.283,20.3
1449,SBT4050,1,5,3.881994,-4.999,2653.671,20.3
1449,SBT4050,1,5,3.88135,-4.998,2655.06,20.3
1449,SBT4050,1,5,3.8809468,-5.001,2656.449,20.2
1449,SBT4050,1,5,3.8807368,-5.001,2657.837,20.2
1449,SBT4050,1,5,3.8800576,-4.999,2659.226,20.3
1449,SBT4050,1,5,3.8796632,-4.999,2660.615,20.3
1449,SBT4050,1,5,3.8793892,-4.999,2662.004,20.3
1449,SBT4050,1,5,3.879142,-5.001,2663.392,20.3
1449,SBT4050,1,5,3.8784984,-4.999,2664.781,20.2
1449,SBT4050,1,5,3.877966,-5.001,2666.17,20.2
1449,SBT4050,1,5,3.877816,-4.999,2667.558,20.3
1449,SBT4050,1,5,3.8772316,-5.001,2668.947,20.3
1449,SBT4050,1,5,3.876872,-5.001,2670.336,20.3
1449,SBT4050,1,5,3.8764428,-4.999,2671.724,20.3
1449,SBT4050,1,5,3.8761204,-4.999,2673.113,20.3
1449,SBT4050,1,5,3.8756676,-4.999,2674.502,20.3
1449,SBT4050,1,5,3.875206,-4.999,2675.891,20.4
1449,SBT4050,1,5,3.8748944,-4.999,2677.279,20.4
1449,SBT4050,1,5,3.8742504,-4.999,2678.668,20.3
1449,SBT4050,1,5,3.8738176,-4.999,2680.057,20.3
1449,SBT4050,1,5,3.8735076,-4.999,2681.445,20.3
1449,SBT4050,1,5,3.8729368,-5.001,2682.834,20.3
1449,SBT4050,1,5,3.8726744,-4.999,2684.223,20.4
1449,SBT4050,1,5,3.8723784,-4.999,2685.612,20.3
1449,SBT4050,1,5,3.8718064,-4.999,2687,20.3
1449,SBT4050,1,5,3.871662,-4.999,2688.389,20.3
1449,SBT4050,1,5,3.8709856,-5.001,2689.778,20.3
1449,SBT4050,1,5,3.8705088,-4.999,2691.166,20.3
1449,SBT4050,1,5,3.8703588,-4.999,2692.555,20.4
1449,SBT4050,1,5,3.8694888,-5.001,2693.944,20.4
1449,SBT4050,1,5,3.869382,-4.999,2695.333,20.3
1449,SBT4050,1,5,3.8689052,-4.999,2696.721,20.3
1449,SBT4050,1,5,3.8686468,-4.999,2698.11,20.3
1449,SBT4050,1,5,3.868106,-4.999,2699.499,20.4
1449,SBT4050,1,5,3.8675696,-5.001,2700.887,20.4
1449,SBT4050,1,5,3.8669364,-4.999,2702.276,20.4
1449,SBT4050,1,5,3.8665432,-4.999,2703.665,20.3
1449,SBT4050,1,5,3.8662904,-5.001,2705.054,20.3
1449,SBT4050,1,5,3.8656588,-4.999,2706.442,20.4
1449,SBT4050,1,5,3.8652384,-4.999,2707.831,20.4
1449,SBT4050,1,5,3.8650712,-4.999,2709.22,20.4
1449,SBT4050,1,5,3.8647732,-5.001,2710.608,20.4
1449,SBT4050,1,5,3.864066,-5.001,2711.997,20.3
1449,SBT4050,1,5,3.8635776,-5.001,2713.386,20.3
1449,SBT4050,1,5,3.86311,-5.001,2714.775,20.4
1449,SBT4050,1,5,3.8628,-4.999,2716.163,20.5
1449,SBT4050,1,5,3.8623188,-4.999,2717.552,20.4
1449,SBT4050,1,5,3.861854,-5.001,2718.941,20.4
1449,SBT4050,1,5,3.86165,-4.999,2720.33,20.4
1449,SBT4050,1,5,3.8609496,-5.001,2721.718,20.4
1449,SBT4050,1,5,3.8606872,-4.999,2723.107,20.5
1449,SBT4050,1,5,3.8601016,-5.001,2724.496,20.5
1449,SBT4050,1,5,3.8598036,-4.999,2725.884,20.5
1449,SBT4050,1,5,3.859448,-4.999,2727.273,20.4
1449,SBT4050,1,5,3.8588876,-4.999,2728.662,20.4
1449,SBT4050,1,5,3.8586628,-4.999,2730.051,20.5
1449,SBT4050,1,5,3.85809,-4.999,2731.439,20.5
1449,SBT4050,1,5,3.857506,-4.999,2732.828,20.5
1449,SBT4050,1,5,3.8571912,-4.999,2734.217,20.4
1449,SBT4050,1,5,3.8567264,-5.001,2735.605,20.4
1449,SBT4050,1,5,3.856134,-4.999,2736.994,20.4
1449,SBT4050,1,5,3.8557644,-4.999,2738.383,20.5
1449,SBT4050,1,5,3.8554432,-5.001,2739.771,20.5
1449,SBT4050,1,5,3.8549188,-4.999,2741.16,20.5
1449,SBT4050,1,5,3.8544768,-4.999,2742.549,20.4
1449,SBT4050,1,5,3.8541248,-4.999,2743.938,20.4
1449,SBT4050,1,5,3.8537196,-4.999,2745.326,20.5
1449,SBT4050,1,5,3.85304,-4.999,2746.715,20.5
1449,SBT4050,1,5,3.8526228,-4.999,2748.103,20.5
1449,SBT4050,1,5,3.8521224,-4.999,2749.492,20.5
1449,SBT4050,1,5,3.8516692,-4.999,2750.881,20.4
1449,SBT4050,1,5,3.851428,-5.001,2752.269,20.5
1449,SBT4050,1,5,3.8510244,-4.999,2753.658,20.5
1449,SBT4050,1,5,3.850476,-4.999,2755.047,20.5
1449,SBT4050,1,5,3.8499844,-4.999,2756.435,20.5
1449,SBT4050,1,5,3.8495672,-4.998,2757.824,20.4
1449,SBT4050,1,5,3.8491196,-4.999,2759.213,20.4
1449,SBT4050,1,5,3.8484044,-4.999,2760.601,20.5
1449,SBT4050,1,5,3.8481004,-4.999,2761.99,20.5
1449,SBT4050,1,5,3.847804,-4.999,2763.379,20.5
1449,SBT4050,1,5,3.847196,-4.999,2764.767,20.5
1449,SBT4050,1,5,3.8468032,-4.998,2766.156,20.5
1449,SBT4050,1,5,3.84641,-4.999,2767.545,20.5
1449,SBT4050,1,5,3.8460504,-4.999,2768.933,20.6
1449,SBT4050,1,5,3.8454424,-4.999,2770.322,20.6
1449,SBT4050,1,5,3.8449476,-4.999,2771.711,20.5
1449,SBT4050,1,5,3.8445184,-4.999,2773.099,20.5
1449,SBT4050,1,5,3.8438468,-4.998,2774.488,20.5
1449,SBT4050,1,5,3.84345,-4.999,2775.877,20.5
1449,SBT4050,1,5,3.8430924,-4.999,2777.265,20.6
1449,SBT4050,1,5,3.8426268,-4.999,2778.654,20.5
1449,SBT4050,1,5,3.8420544,-4.999,2780.043,20.5
1449,SBT4050,1,5,3.841572,-5.001,2781.431,20.5
1449,SBT4050,1,5,3.841238,-4.999,2782.82,20.5
1449,SBT4050,1,5,3.840596,-4.999,2784.209,20.6
1449,SBT4050,1,5,3.840444,-4.999,2785.597,20.6
1449,SBT4050,1,5,3.8398124,-5,2786.986,20.5
1449,SBT4050,1,5,3.8393396,-5,2788.375,20.5
1449,SBT4050,1,5,3.838696,-5,2789.764,20.5
1449,SBT4050,1,5,3.8383256,-4.998,2791.153,20.5
1449,SBT4050,1,5,3.8378012,-5,2792.541,20.5
1449,SBT4050,1,5,3.8372796,-5,2793.93,20.6
1449,SBT4050,1,5,3.8366228,-5,2795.319,20.5
1449,SBT4050,1,5,3.8364556,-4.999,2796.708,20.5
1449,SBT4050,1,5,3.8357456,-4.999,2798.097,20.5
1449,SBT4050,1,5,3.8355072,-4.999,2799.485,20.5
1449,SBT4050,1,5,3.8348568,-5.001,2800.874,20.6
1449,SBT4050,1,5,3.8343564,-5.001,2802.262,20.6
1449,SBT4050,1,5,3.8340888,-4.999,2803.651,20.5
1449,SBT4050,1,5,3.833362,-4.999,2805.04,20.5
1449,SBT4050,1,5,3.8329048,-4.999,2806.428,20.5
1449,SBT4050,1,5,3.8324456,-4.998,2807.817,20.6
1449,SBT4050,1,5,3.8318736,-4.999,2809.206,20.6
1449,SBT4050,1,5,3.831358,-4.999,2810.594,20.6
1449,SBT4050,1,5,3.83075,-4.999,2811.983,20.5
1449,SBT4050,1,5,3.8302204,-4.999,2813.372,20.5
1449,SBT4050,1,5,3.8298988,-4.999,2814.76,20.6
1449,SBT4050,1,5,3.8292472,-4.999,2816.149,20.6
1449,SBT4050,1,5,3.8288064,-4.999,2817.538,20.6
1449,SBT4050,1,5,3.8279364,-4.999,2818.926,20.6
1449,SBT4050,1,5,3.827716,-4.999,2820.315,20.5
1449,SBT4050,1,5,3.8269292,-4.999,2821.704,20.5
1449,SBT4050,1,5,3.8266704,-4.998,2823.092,20.6
1449,SBT4050,1,5,3.8263608,-5.001,2824.481,20.7
1449,SBT4050,1,5,3.8257592,-4.999,2825.87,20.6
1449,SBT4050,1,5,3.825428,-4.999,2827.258,20.6
1449,SBT4050,1,5,3.8247724,-4.999,2828.647,20.6
1449,SBT4050,1,5,3.8240332,-5.001,2830.036,20.6
1449,SBT4050,1,5,3.8235324,-4.999,2831.425,20.7
1449,SBT4050,1,5,3.8228808,-5.001,2832.813,20.6
1449,SBT4050,1,5,3.82269,-4.999,2834.202,20.6
1449,SBT4050,1,5,3.8221248,-5.001,2835.591,20.6
1449,SBT4050,1,5,3.8212664,-4.999,2836.979,20.6
1449,SBT4050,1,5,3.8209224,-4.999,2838.368,20.6
1449,SBT4050,1,5,3.820416,-4.999,2839.757,20.6
1449,SBT4050,1,5,3.8199272,-4.999,2841.145,20.6
1449,SBT4050,1,5,3.8195176,-4.999,2842.534,20.6
1449,SBT4050,1,5,3.8188024,-4.999,2843.923,20.6
1449,SBT4050,1,5,3.8183224,-4.999,2845.312,20.6
1449,SBT4050,1,5,3.818036,-5.001,2846.7,20.7
1449,SBT4050,1,5,3.8171792,-4.999,2848.089,20.7
1449,SBT4050,1,5,3.816678,-4.999,2849.478,20.6
1449,SBT4050,1,5,3.8161416,-4.999,2850.867,20.6
1449,SBT4050,1,5,3.8158704,-4.999,2852.255,20.6
1449,SBT4050,1,5,3.8151076,-4.999,2853.644,20.6
1449,SBT4050,1,5,3.8144972,-5.001,2855.033,20.6
1449,SBT4050,1,5,3.8141276,-4.999,2856.421,20.6
1449,SBT4050,1,5,3.813562,-4.999,2857.81,20.6
1449,SBT4050,1,5,3.8131332,-4.999,2859.199,20.6
1449,SBT4050,1,5,3.8124324,-4.999,2860.587,20.6
1449,SBT4050,1,5,3.8119004,-4.999,2861.976,20.6
1449,SBT4050,1,5,3.8114116,-4.999,2863.365,20.7
1449,SBT4050,1,5,3.8109044,-4.999,2864.754,20.6
1449,SBT4050,1,5,3.8102008,-5.001,2866.142,20.6
1449,SBT4050,1,5,3.8099804,-4.999,2867.531,20.6
1449,SBT4050,1,5,3.80948,-4.999,2868.92,20.6
1449,SBT4050,1,5,3.80882,-5.001,2870.308,20.6
1449,SBT4050,1,5,3.8078864,-5.001,2871.697,20.7
1449,SBT4050,1,5,3.8076836,-4.999,2873.086,20.7
1449,SBT4050,1,5,3.8069256,-5.001,2874.475,20.6
1449,SBT4050,1,5,3.8063892,-4.999,2875.863,20.6
1449,SBT4050,1,5,3.8060652,-4.999,2877.252,20.6
1449,SBT4050,1,5,3.8051712,-4.999,2878.641,20.7
1449,SBT4050,1,5,3.8049524,-4.999,2880.03,20.7
1449,SBT4050,1,5,3.8041328,-4.999,2881.418,20.7
1449,SBT4050,1,5,3.8038228,-5.001,2882.807,20.6
1449,SBT4050,1,5,3.8032028,-4.999,2884.196,20.6
1449,SBT4050,1,5,3.802726,-4.999,2885.585,20.6
1449,SBT4050,1,5,3.8021396,-4.999,2886.973,20.7
1449,SBT4050,1,5,3.801496,-4.999,2888.362,20.7
1449,SBT4050,1,5,3.801002,-4.999,2889.751,20.7
1449,SBT4050,1,5,3.8002032,-5.001,2891.14,20.6
1449,SBT4050,1,5,3.8000032,-5.001,2892.528,20.6
1449,SBT4050,1,5,3.7991988,-4.999,2893.917,20.6
1449,SBT4050,1,5,3.798674,-4.999,2895.306,20.7
1449,SBT4050,1,5,3.798302,-4.999,2896.695,20.7
1449,SBT4050,1,5,3.7975152,-4.999,2898.083,20.6
1449,SBT4050,1,5,3.7972748,-5.001,2899.472,20.6
1449,SBT4050,1,5,3.7964044,-4.999,2900.861,20.6
1449,SBT4050,1,5,3.7958916,-4.999,2902.25,20.6
1449,SBT4050,1,5,3.7954344,-5.001,2903.638,20.7
1449,SBT4050,1,5,3.7947668,-4.999,2905.027,20.7
1449,SBT4050,1,5,3.7944508,-4.999,2906.416,20.6
1449,SBT4050,1,5,3.7937712,-4.999,2907.805,20.6
1449,SBT4050,1,5,3.7932788,-4.999,2909.193,20.6
1449,SBT4050,1,5,3.7925876,-5.001,2910.582,20.7
1449,SBT4050,1,5,3.7920516,-4.999,2911.971,20.7
1449,SBT4050,1,5,3.7916632,-4.999,2913.359,20.7
1449,SBT4050,1,5,3.79096,-4.999,2914.748,20.7
1449,SBT4050,1,5,3.7903692,-4.999,2916.137,20.6
1449,SBT4050,1,5,3.789916,-4.999,2917.526,20.6
1449,SBT4050,1,5,3.789324,-4.999,2918.914,20.7
1449,SBT4050,1,5,3.7887756,-4.999,2920.303,20.7
1449,SBT4050,1,5,3.7882972,-4.999,2921.692,20.7
1449,SBT4050,1,5,3.7877964,-4.999,2923.08,20.6
1449,SBT4050,1,5,3.78716,-4.999,2924.469,20.6
1449,SBT4050,1,5,3.7865128,-4.999,2925.858,20.7
1449,SBT4050,1,5,3.7861316,-5.001,2927.247,20.7
1449,SBT4050,1,5,3.78552,-5.001,2928.635,20.7
1449,SBT4050,1,5,3.784876,-4.999,2930.024,20.7
1449,SBT4050,1,5,3.784208,-4.999,2931.413,20.6
1449,SBT4050,1,5,3.7837076,-4.999,2932.802,20.6
1449,SBT4050,1,5,3.7830308,-4.999,2934.19,20.7
1449,SBT4050,1,5,3.78265,-4.999,2935.579,20.8
1449,SBT4050,1,5,3.7821492,-4.999,2936.968,20.7
1449,SBT4050,1,5,3.7816544,-4.999,2938.356,20.7
1449,SBT4050,1,5,3.7812612,-4.999,2939.745,20.7
1449,SBT4050,1,5,3.7806596,-4.999,2941.134,20.7
1449,SBT4050,1,5,3.7798252,-4.999,2942.523,20.8
1449,SBT4050,1,5,3.7794108,-5.001,2943.911,20.7
1449,SBT4050,1,5,3.7789964,-4.999,2945.3,20.7
1449,SBT4050,1,5,3.7782056,-4.999,2946.689,20.7
1449,SBT4050,1,5,3.7777744,-4.999,2948.078,20.6
1449,SBT4050,1,5,3.7770948,-4.999,2949.466,20.7
1449,SBT4050,1,5,3.7765084,-4.999,2950.855,20.7
1449,SBT4050,1,5,3.7758768,-4.999,2952.244,20.7
1449,SBT4050,1,5,3.7755616,-4.999,2953.632,20.7
1449,SBT4050,1,5,3.774882,-4.999,2955.021,20.6
1449,SBT4050,1,5,3.7742956,-5.001,2956.41,20.7
1449,SBT4050,1,5,3.773722,-4.999,2957.799,20.7
1449,SBT4050,1,5,3.7733408,-4.999,2959.187,20.7
1449,SBT4050,1,5,3.7727468,-4.999,2960.576,20.7
1449,SBT4050,1,5,3.7721392,-4.999,2961.965,20.6
1449,SBT4050,1,5,3.7717624,-4.999,2963.353,20.6
1449,SBT4050,1,5,3.7711544,-4.999,2964.742,20.7
1449,SBT4050,1,5,3.7707264,-5.001,2966.131,20.7
1449,SBT4050,1,5,3.7700048,-4.999,2967.519,20.7
1449,SBT4050,1,5,3.769576,-4.999,2968.908,20.7
1449,SBT4050,1,5,3.7691208,-4.999,2970.297,20.7
1449,SBT4050,1,5,3.7685368,-4.999,2971.685,20.7
1449,SBT4050,1,5,3.7678444,-4.999,2973.074,20.8
1449,SBT4050,1,5,3.7672724,-4.999,2974.463,20.7
1449,SBT4050,1,5,3.7666504,-5.001,2975.851,20.7
1449,SBT4050,1,5,3.766102,-4.999,2977.24,20.7
1449,SBT4050,1,5,3.76582,-4.999,2978.629,20.7
1449,SBT4050,1,5,3.7652964,-5.001,2980.017,20.7
1449,SBT4050,1,5,3.764772,-4.999,2981.406,20.7
1449,SBT4050,1,5,3.764188,-4.999,2982.795,20.7
1449,SBT4050,1,5,3.7636156,-4.999,2984.183,20.7
1449,SBT4050,1,5,3.7633612,-4.999,2985.572,20.6
1449,SBT4050,1,5,3.7624908,-4.999,2986.961,20.8
1449,SBT4050,1,5,3.7619904,-5.001,2988.349,20.8
1449,SBT4050,1,5,3.7615268,-4.999,2989.738,20.7
1449,SBT4050,1,5,3.7611812,-5,2991.127,20.7
1449,SBT4050,1,5,3.7604664,-5,2992.516,20.7
1449,SBT4050,1,5,3.7601444,-5,2993.904,20.7
1449,SBT4050,1,5,3.7595644,-4.998,2995.293,20.8
1449,SBT4050,1,5,3.7590636,-4.999,2996.682,20.7
1449,SBT4050,1,5,3.7584548,-4.999,2998.071,20.7
1449,SBT4050,1,5,3.7579284,-4.999,2999.459,20.7
1449,SBT4050,1,5,3.7573444,-4.999,3000.848,20.7
1449,SBT4050,1,5,3.7567316,-4.999,3002.237,20.8
1449,SBT4050,1,5,3.756362,-4.999,3003.625,20.7
1449,SBT4050,1,5,3.7558272,-4.999,3005.014,20.7
1449,SBT4050,1,5,3.7552072,-4.999,3006.403,20.7
1449,SBT4050,1,5,3.7548736,-4.999,3007.791,20.8
1449,SBT4050,1,5,3.754218,-4.999,3009.18,20.8
1449,SBT4050,1,5,3.7536188,-4.999,3010.569,20.7
1449,SBT4050,1,5,3.753316,-4.999,3011.958,20.6
1449,SBT4050,1,5,3.75272,-4.999,3013.346,20.7
1449,SBT4050,1,5,3.7523144,-4.999,3014.735,20.7
1449,SBT4050,1,5,3.7515872,-5.001,3016.124,20.7
1449,SBT4050,1,5,3.7510444,-4.999,3017.512,20.7
1449,SBT4050,1,5,3.750794,-4.999,3018.901,20.7
1449,SBT4050,1,5,3.7501128,-4.999,3020.29,20.7
1449,SBT4050,1,5,3.7495444,-4.999,3021.678,20.8
1449,SBT4050,1,5,3.7491036,-4.999,3023.067,20.7
1449,SBT4050,1,5,3.74858,-5.001,3024.456,20.7
1449,SBT4050,1,5,3.7480436,-4.999,3025.844,20.7
1449,SBT4050,1,5,3.7474132,-4.999,3027.233,20.7
1449,SBT4050,1,5,3.7470792,-4.999,3028.621,20.7
1449,SBT4050,1,5,3.746268,-4.999,3030.01,20.7
1449,SBT4050,1,5,3.746156,-4.999,3031.399,20.6
1449,SBT4050,1,5,3.7455124,-5,3032.788,20.7
1449,SBT4050,1,5,3.7449048,-5,3034.176,20.7
1449,SBT4050,1,5,3.7443684,-5,3035.565,20.7
1449,SBT4050,1,5,3.7438708,-5.001,3036.954,20.7
1449,SBT4050,1,5,3.7435612,-4.999,3038.343,20.7
1449,SBT4050,1,5,3.7429656,-5,3039.731,20.7
1449,SBT4050,1,5,3.742298,-5,3041.12,20.8
1449,SBT4050,1,5,3.7417588,-5.001,3042.509,20.7
1449,SBT4050,1,5,3.7416168,-4.998,3043.898,20.7
1449,SBT4050,1,5,3.7407348,-4.999,3045.286,20.7
1449,SBT4050,1,5,3.7402288,-4.999,3046.675,20.8
1449,SBT4050,1,5,3.7398236,-4.999,3048.064,20.8
1449,SBT4050,1,5,3.739368,-4.999,3049.452,20.7
1449,SBT4050,1,5,3.738808,-4.999,3050.841,20.7
1449,SBT4050,1,5,3.7382744,-4.999,3052.23,20.8
1449,SBT4050,1,5,3.7377676,-4.999,3053.618,20.8
1449,SBT4050,1,5,3.7374816,-5.001,3055.007,20.7
1449,SBT4050,1,5,3.736806,-4.999,3056.396,20.7
1449,SBT4050,1,5,3.7362336,-4.999,3057.784,20.7
1449,SBT4050,1,5,3.7356824,-4.999,3059.173,20.7
1449,SBT4050,1,5,3.7350268,-4.999,3060.562,20.8
1449,SBT4050,1,5,3.7346924,-4.999,3061.95,20.7
1449,SBT4050,1,5,3.7342988,-4.999,3063.339,20.7
1449,SBT4050,1,5,3.7336456,-4.999,3064.728,20.7
1449,SBT4050,1,5,3.7331284,-4.999,3066.116,20.8
1449,SBT4050,1,5,3.7326396,-4.999,3067.505,20.8
1449,SBT4050,1,5,3.7323432,-4.999,3068.894,20.7
1449,SBT4050,1,5,3.73164,-4.999,3070.282,20.7
1449,SBT4050,1,5,3.7311512,-4.999,3071.671,20.7
1449,SBT4050,1,5,3.7305908,-5.001,3073.06,20.8
1449,SBT4050,1,5,3.7300476,-4.999,3074.448,20.8
1449,SBT4050,1,5,3.7293152,-4.998,3075.837,20.7
1449,SBT4050,1,5,3.7292556,-4.999,3077.226,20.7
1449,SBT4050,1,5,3.7287172,-4.999,3078.614,20.7
1449,SBT4050,1,5,3.7281452,-4.999,3080.003,20.8
1449,SBT4050,1,5,3.727734,-4.999,3081.392,20.8
1449,SBT4050,1,5,3.7273048,-4.999,3082.78,20.7
1449,SBT4050,1,5,3.726902,-4.999,3084.169,20.7
1449,SBT4050,1,5,3.7261796,-5.001,3085.558,20.7
1449,SBT4050,1,5,3.7257744,-4.999,3086.946,20.8
1449,SBT4050,1,5,3.7251516,-4.999,3088.335,20.8
1449,SBT4050,1,5,3.724532,-4.999,3089.723,20.7
1449,SBT4050,1,5,3.7244336,-5,3091.112,20.7
1449,SBT4050,1,5,3.7239088,-5,3092.501,20.7
1449,SBT4050,1,5,3.7233952,-5,3093.89,20.8
1449,SBT4050,1,5,3.7227756,-5,3095.279,20.8
1449,SBT4050,1,5,3.7222312,-5,3096.668,20.7
1449,SBT4050,1,5,3.721866,-5,3098.056,20.7
1449,SBT4050,1,5,3.7214368,-5,3099.445,20.8
1449,SBT4050,1,5,3.7208208,-5,3100.834,20.8
1449,SBT4050,1,5,3.7203916,-5,3102.223,20.8
1449,SBT4050,1,5,3.7199064,-4.999,3103.612,20.7
1449,SBT4050,1,5,3.7195488,-4.999,3105.001,20.7
1449,SBT4050,1,5,3.7191356,-5.001,3106.389,20.7
1449,SBT4050,1,5,3.7186076,-4.999,3107.778,20.8
1449,SBT4050,1,5,3.7180356,-5.001,3109.167,20.8
1449,SBT4050,1,5,3.7174448,-4.999,3110.555,20.7
1449,SBT4050,1,5,3.716932,-4.999,3111.944,20.7
1449,SBT4050,1,5,3.7163448,-4.999,3113.333,20.7
1449,SBT4050,1,5,3.71588,-4.999,3114.721,20.8
1449,SBT4050,1,5,3.7154468,-4.999,3116.11,20.8
1449,SBT4050,1,5,3.7148696,-5.001,3117.499,20.8
1449,SBT4050,1,5,3.7145836,-4.999,3118.887,20.7
1449,SBT4050,1,5,3.713856,-4.999,3120.276,20.8
1449,SBT4050,1,5,3.7134272,-4.999,3121.665,20.9
1449,SBT4050,1,5,3.7129144,-4.998,3123.053,20.9
1449,SBT4050,1,5,3.7125688,-4.999,3124.442,20.8
1449,SBT4050,1,5,3.7120648,-4.999,3125.831,20.8
1449,SBT4050,1,5,3.7114924,-4.999,3127.22,20.8
1449,SBT4050,1,5,3.7110656,-4.999,3128.608,20.8
1449,SBT4050,1,5,3.7106652,-4.999,3129.997,20.8
1449,SBT4050,1,5,3.7101408,-4.999,3131.386,20.8
1449,SBT4050,1,5,3.7095588,-4.999,3132.774,20.7
1449,SBT4050,1,5,3.7089628,-4.999,3134.163,20.8
1449,SBT4050,1,5,3.7086256,-5.001,3135.552,20.8
1449,SBT4050,1,5,3.7080652,-4.999,3136.94,20.8
1449,SBT4050,1,5,3.7075056,-5,3138.329,20.8
1449,SBT4050,1,5,3.7071152,-5,3139.718,20.8
1449,SBT4050,1,5,3.7065548,-5,3141.107,20.7
1449,SBT4050,1,5,3.706076,-5,3142.496,20.8
1449,SBT4050,1,5,3.7055516,-5,3143.884,20.8
1449,SBT4050,1,5,3.7052028,-5,3145.273,20.8
1449,SBT4050,1,5,3.7044996,-5,3146.662,20.7
1449,SBT4050,1,5,3.7041432,-5,3148.051,20.7
1449,SBT4050,1,5,3.7037384,-5,3149.44,20.8
1449,SBT4050,1,5,3.7030232,-5,3150.829,20.8
1449,SBT4050,1,5,3.7025728,-5,3152.218,20.8
1449,SBT4050,1,5,3.7022388,-5,3153.607,20.8
1449,SBT4050,1,5,3.7016988,-5,3154.995,20.8
1449,SBT4050,1,5,3.7009476,-5,3156.384,20.7
1449,SBT4050,1,5,3.7008072,-5,3157.773,20.8
1449,SBT4050,1,5,3.700366,-5,3159.162,20.8
1449,SBT4050,1,5,3.6997504,-5,3160.551,20.8
1449,SBT4050,1,5,3.6993132,-5,3161.94,20.7
1449,SBT4050,1,5,3.6987648,-4.998,3163.328,20.7
1449,SBT4050,1,5,3.6981472,-4.999,3164.717,20.7
1449,SBT4050,1,5,3.6978612,-5.001,3166.106,20.8
1449,SBT4050,1,5,3.6974272,-4.998,3167.494,20.8
1449,SBT4050,1,5,3.696974,-4.999,3168.883,20.8
1449,SBT4050,1,5,3.696484,-4.999,3170.272,20.8
1449,SBT4050,1,5,3.6958408,-4.999,3171.66,20.7
1449,SBT4050,1,5,3.6953876,-4.999,3173.049,20.7
1449,SBT4050,1,5,3.6948588,-4.999,3174.438,20.8
1449,SBT4050,1,5,3.6943224,-4.999,3175.826,20.8
1449,SBT4050,1,5,3.6938456,-4.999,3177.215,20.8
1449,SBT4050,1,5,3.6935,-4.999,3178.603,20.7
1449,SBT4050,1,5,3.6930228,-4.999,3179.992,20.7
1449,SBT4050,1,5,3.6924748,-4.999,3181.381,20.8
1449,SBT4050,1,5,3.6921296,-5.001,3182.769,20.8
1449,SBT4050,1,5,3.69132,-4.999,3184.158,20.8
1449,SBT4050,1,5,3.6908788,-5.001,3185.547,20.8
1449,SBT4050,1,5,3.6906816,-4.999,3186.935,20.7
1449,SBT4050,1,5,3.6901096,-4.999,3188.324,20.7
1449,SBT4050,1,5,3.6893704,-4.999,3189.713,20.8
1449,SBT4050,1,5,3.68918,-5.001,3191.101,20.8
1449,SBT4050,1,5,3.6884152,-4.998,3192.49,20.8
1449,SBT4050,1,5,3.6879668,-4.999,3193.878,20.7
1449,SBT4050,1,5,3.6875496,-4.999,3195.267,20.7
1449,SBT4050,1,5,3.6871296,-4.999,3196.656,20.8
1449,SBT4050,1,5,3.6867124,-4.999,3198.044,20.9
1449,SBT4050,1,5,3.6859784,-4.999,3199.433,20.8
1449,SBT4050,1,5,3.6855016,-4.999,3200.822,20.8
1449,SBT4050,1,5,3.6851336,-4.999,3202.21,20.7
1449,SBT4050,1,5,3.6843884,-4.999,3203.599,20.8
1449,SBT4050,1,5,3.684126,-4.999,3204.988,20.9
1449,SBT4050,1,5,3.6836536,-4.998,3206.376,20.9
1449,SBT4050,1,5,3.6831764,-4.999,3207.765,20.8
1449,SBT4050,1,5,3.6824648,-4.999,3209.154,20.8
1449,SBT4050,1,5,3.6822504,-4.999,3210.542,20.8
1449,SBT4050,1,5,3.6817224,-4.999,3211.931,20.9
1449,SBT4050,1,5,3.6810428,-4.999,3213.32,20.9
1449,SBT4050,1,5,3.680606,-4.999,3214.708,20.8
1449,SBT4050,1,5,3.680294,-4.999,3216.097,20.8
1449,SBT4050,1,5,3.6796144,-4.999,3217.485,20.8
1449,SBT4050,1,5,3.6792104,-4.999,3218.874,20.8
1449,SBT4050,1,5,3.6785428,-4.999,3220.263,20.9
1449,SBT4050,1,5,3.6781056,-5.001,3221.652,20.8
1449,SBT4050,1,5,3.6775692,-5.001,3223.04,20.8
1449,SBT4050,1,5,3.677066,-4.999,3224.429,20.7
1449,SBT4050,1,5,3.6764864,-4.999,3225.818,20.8
1449,SBT4050,1,5,3.6760096,-5.001,3227.206,20.8
1449,SBT4050,1,5,3.6754836,-4.999,3228.595,20.8
1449,SBT4050,1,5,3.6752216,-5.001,3229.984,20.7
1449,SBT4050,1,5,3.6744092,-5.001,3231.372,20.7
1449,SBT4050,1,5,3.6738492,-4.999,3232.761,20.8
1449,SBT4050,1,5,3.67339,-5.001,3234.15,20.8
1449,SBT4050,1,5,3.6729392,-4.999,3235.539,20.8
1449,SBT4050,1,5,3.672224,-4.999,3236.927,20.7
1449,SBT4050,1,5,3.6717608,-4.999,3238.316,20.8
1449,SBT4050,1,5,3.6714388,-4.999,3239.705,20.8
1449,SBT4050,1,5,3.6708996,-4.999,3241.093,20.8
1449,SBT4050,1,5,3.6704228,-4.999,3242.482,20.7
1449,SBT4050,1,5,3.6697248,-4.999,3243.871,20.8
1449,SBT4050,1,5,3.669236,-5.001,3245.259,20.8
1449,SBT4050,1,5,3.668792,-4.999,3246.648,20.8
1449,SBT4050,1,5,3.6684824,-4.999,3248.037,20.8
1449,SBT4050,1,5,3.6678508,-4.999,3249.425,20.8
1449,SBT4050,1,5,3.6671832,-4.999,3250.814,20.7
1449,SBT4050,1,5,3.6667896,-4.999,3252.203,20.8
1449,SBT4050,1,5,3.6661388,-5.001,3253.592,20.9
1449,SBT4050,1,5,3.665686,-4.999,3254.98,20.8
1449,SBT4050,1,5,3.6650416,-5.001,3256.369,20.8
1449,SBT4050,1,5,3.6645384,-4.999,3257.758,20.8
1449,SBT4050,1,5,3.6640376,-4.999,3259.146,20.8
1449,SBT4050,1,5,3.6634476,-4.999,3260.535,20.9
1449,SBT4050,1,5,3.6629352,-4.999,3261.924,20.8
1449,SBT4050,1,5,3.6625636,-4.999,3263.312,20.7
1449,SBT4050,1,5,3.6617768,-5.001,3264.701,20.8
1449,SBT4050,1,5,3.6613508,-5,3266.09,20.8
1449,SBT4050,1,5,3.661124,-5,3267.479,20.9
1449,SBT4050,1,5,3.6604308,-5,3268.867,20.8
1449,SBT4050,1,5,3.6598436,-5,3270.256,20.8
1449,SBT4050,1,5,3.6592476,-5,3271.645,20.8
1449,SBT4050,1,5,3.6588016,-5,3273.034,20.8
1449,SBT4050,1,5,3.6582772,-5,3274.423,20.9
1449,SBT4050,1,5,3.6576108,-5,3275.812,20.8
1449,SBT4050,1,5,3.6572888,-5,3277.2,20.8
1449,SBT4050,1,5,3.6565032,-5,3278.589,20.8
1449,SBT4050,1,5,3.6560936,-5,3279.978,20.9
1449,SBT4050,1,5,3.65545,-4.998,3281.367,20.8
1449,SBT4050,1,5,3.6550944,-5,3282.756,20.8
1449,SBT4050,1,5,3.6545936,-5,3284.145,20.8
1449,SBT4050,1,5,3.6538272,-5.001,3285.534,20.8
1449,SBT4050,1,5,3.6535292,-5,3286.922,20.9
1449,SBT4050,1,5,3.6529572,-5,3288.311,20.9
1449,SBT4050,1,5,3.6524136,-5.001,3289.7,20.8
1449,SBT4050,1,5,3.6518652,-5,3291.089,20.8
1449,SBT4050,1,5,3.6510944,-5,3292.478,20.9
1449,SBT4050,1,5,3.650594,-5,3293.867,20.9
1449,SBT4050,1,5,3.65016,-5,3295.256,20.8
1449,SBT4050,1,5,3.6496476,-5,3296.644,20.8
1449,SBT4050,1,5,3.6491544,-5,3298.033,20.8
1449,SBT4050,1,5,3.64863,-5,3299.422,20.9
1449,SBT4050,1,5,3.6481056,-4.999,3300.811,20.9
1449,SBT4050,1,5,3.6475636,-4.999,3302.2,20.9
1449,SBT4050,1,5,3.6470272,-4.999,3303.588,20.8
1449,SBT4050,1,5,3.6466128,-4.999,3304.977,20.8
1449,SBT4050,1,5,3.6457308,-4.999,3306.365,20.9
1449,SBT4050,1,5,3.6453996,-5,3307.754,20.9
1449,SBT4050,1,5,3.6448392,-5,3309.143,20.8
1449,SBT4050,1,5,3.6443788,-4.998,3310.532,20.8
1449,SBT4050,1,5,3.6436968,-4.999,3311.92,20.8
1449,SBT4050,1,5,3.6432556,-4.999,3313.309,20.9
1449,SBT4050,1,5,3.6428068,-4.999,3314.698,20.9
1449,SBT4050,1,5,3.6423896,-5,3316.086,20.8
1449,SBT4050,1,5,3.6415312,-4.999,3317.475,20.8
1449,SBT4050,1,5,3.6413284,-4.998,3318.864,20.8
1449,SBT4050,1,5,3.6406232,-5,3320.253,20.8
1449,SBT4050,1,5,3.6402516,-5,3321.641,20.9
1449,SBT4050,1,5,3.6394648,-5,3323.03,20.8
1449,SBT4050,1,5,3.6390996,-5,3324.419,20.8
1449,SBT4050,1,5,3.638432,-5.001,3325.808,20.8
1449,SBT4050,1,5,3.6379676,-5,3327.197,20.9
1449,SBT4050,1,5,3.6374432,-4.998,3328.586,20.9
1449,SBT4050,1,5,3.6368076,-4.998,3329.974,20.8
1449,SBT4050,1,5,3.63645,-5,3331.363,20.8
1449,SBT4050,1,5,3.635612,-4.999,3332.752,20.8
1449,SBT4050,1,5,3.6352768,-4.999,3334.141,20.8
1449,SBT4050,1,5,3.6345496,-4.999,3335.529,20.9
1449,SBT4050,1,5,3.6339416,-4.999,3336.918,20.9
1449,SBT4050,1,5,3.6337152,-4.999,3338.307,20.8
1449,SBT4050,1,5,3.6331344,-4.999,3339.695,20.8
1449,SBT4050,1,5,3.6324908,-4.999,3341.084,20.9
1449,SBT4050,1,5,3.6320404,-5,3342.473,20.9
1449,SBT4050,1,5,3.6313788,-5,3343.861,20.9
1449,SBT4050,1,5,3.6307112,-5,3345.25,20.8
1449,SBT4050,1,5,3.6301148,-5,3346.639,20.8
1449,SBT4050,1,5,3.6295428,-4.999,3348.028,20.8
1449,SBT4050,1,5,3.6288732,-4.999,3349.416,20.9
1449,SBT4050,1,5,3.628468,-4.999,3350.805,20.9
1449,SBT4050,1,5,3.6280676,-4.999,3352.194,20.8
1449,SBT4050,1,5,3.6274688,-5.001,3353.582,20.7
1449,SBT4050,1,5,3.6268488,-4.999,3354.971,20.8
1449,SBT4050,1,5,3.6263388,-4.999,3356.36,20.9
1449,SBT4050,1,5,3.6260052,-4.999,3357.748,20.8
1449,SBT4050,1,5,3.6253728,-4.998,3359.137,20.8
1449,SBT4050,1,5,3.624944,-4.999,3360.525,20.7
1449,SBT4050,1,5,3.6241588,-4.998,3361.914,20.7
1449,SBT4050,1,5,3.623658,-4.999,3363.303,20.8
1449,SBT4050,1,5,3.62302,-4.999,3364.691,20.9
1449,SBT4050,1,5,3.6225528,-4.999,3366.08,20.8
1449,SBT4050,1,5,3.6222072,-4.999,3367.469,20.8
1449,SBT4050,1,5,3.6214664,-4.999,3368.857,20.8
1449,SBT4050,1,5,3.6206916,-4.999,3370.246,20.9
1449,SBT4050,1,5,3.6201284,-4.999,3371.635,20.9
1449,SBT4050,1,5,3.6198068,-4.999,3373.023,20.8
1449,SBT4050,1,5,3.6190492,-4.998,3374.412,20.8
1449,SBT4050,1,5,3.6183632,-4.999,3375.8,20.8
1449,SBT4050,1,5,3.6181488,-4.999,3377.189,20.8
1449,SBT4050,1,5,3.6173832,-4.999,3378.578,20.9
1449,SBT4050,1,5,3.6170256,-4.998,3379.966,20.9
1449,SBT4050,1,5,3.6164296,-4.999,3381.355,20.8
1449,SBT4050,1,5,3.6158932,-4.999,3382.744,20.8
1449,SBT4050,1,5,3.6152148,-5,3384.132,20.8
1449,SBT4050,1,5,3.6145828,-5,3385.521,20.9
1449,SBT4050,1,5,3.6142396,-5,3386.91,20.9
1449,SBT4050,1,5,3.6134796,-4.998,3388.299,20.8
1449,SBT4050,1,5,3.612824,-5,3389.688,20.8
1449,SBT4050,1,5,3.6122948,-5,3391.077,20.8
1449,SBT4050,1,5,3.6117584,-5,3392.465,20.8
1449,SBT4050,1,5,3.6111728,-5,3393.854,20.9
1449,SBT4050,1,5,3.610398,-5,3395.243,20.8
1449,SBT4050,1,5,3.609958,-5,3396.632,20.8
1449,SBT4050,1,5,3.6096908,-5,3398.021,20.7
1449,SBT4050,1,5,3.608928,-5,3399.41,20.8
1449,SBT4050,1,5,3.6084792,-5,3400.799,20.8
1449,SBT4050,1,5,3.6076688,-5,3402.187,20.8
1449,SBT4050,1,5,3.607304,-4.999,3403.576,20.8
1449,SBT4050,1,5,3.6069224,-4.999,3404.965,20.8
1449,SBT4050,1,5,3.6059804,-5,3406.354,20.8
1449,SBT4050,1,5,3.6057112,-5,3407.743,20.9
1449,SBT4050,1,5,3.6051628,-5,3409.131,20.9
1449,SBT4050,1,5,3.6044336,-5,3410.52,20.9
1449,SBT4050,1,5,3.6039208,-5,3411.909,20.8
1449,SBT4050,1,5,3.6033392,-4.999,3413.298,20.8
1449,SBT4050,1,5,3.602922,-4.999,3414.687,20.8
1449,SBT4050,1,5,3.60237,-4.999,3416.075,20.9
1449,SBT4050,1,5,3.6019288,-4.999,3417.464,20.8
1449,SBT4050,1,5,3.6012516,-4.999,3418.853,20.8
1449,SBT4050,1,5,3.600514,-4.999,3420.241,20.8
1449,SBT4050,1,5,3.5999776,-4.999,3421.63,20.9
1449,SBT4050,1,5,3.5995424,-4.998,3423.019,20.9
1449,SBT4050,1,5,3.5987676,-4.999,3424.407,20.9
1449,SBT4050,1,5,3.5985484,-4.999,3425.796,20.8
1449,SBT4050,1,5,3.5978928,-4.999,3427.184,20.8
1449,SBT4050,1,5,3.597154,-5.001,3428.573,20.8
1449,SBT4050,1,5,3.5967544,-5.001,3429.962,20.9
1449,SBT4050,1,5,3.5961468,-4.999,3431.35,20.9
1449,SBT4050,1,5,3.5955048,-4.999,3432.739,20.8
1449,SBT4050,1,5,3.5952428,-4.999,3434.128,20.8
1449,SBT4050,1,5,3.5944972,-4.999,3435.516,20.9
1449,SBT4050,1,5,3.5940324,-5.001,3436.905,20.9
1449,SBT4050,1,5,3.5935404,-4.999,3438.294,20.9
1449,SBT4050,1,5,3.5929884,-4.999,3439.682,20.8
1449,SBT4050,1,5,3.592464,-4.999,3441.071,20.8
1449,SBT4050,1,5,3.5916568,-4.999,3442.46,20.8
1449,SBT4050,1,5,3.591192,-4.999,3443.848,20.9
1449,SBT4050,1,5,3.5905068,-5.001,3445.237,20.9
1449,SBT4050,1,5,3.5898632,-5.001,3446.626,20.8
1449,SBT4050,1,5,3.5893576,-4.999,3448.014,20.8
1449,SBT4050,1,5,3.5887732,-4.999,3449.403,20.8
1449,SBT4050,1,5,3.5885588,-4.999,3450.791,20.9
1449,SBT4050,1,5,3.5879636,-4.999,3452.18,20.9
1449,SBT4050,1,5,3.5873556,-4.999,3453.569,20.8
1449,SBT4050,1,5,3.5867588,-4.999,3454.957,20.8
1449,SBT4050,1,5,3.5863416,-4.999,3456.346,20.8
1449,SBT4050,1,5,3.585594,-5,3457.735,20.9
1449,SBT4050,1,5,3.5850936,-5,3459.124,20.9
1449,SBT4050,1,5,3.5843124,-4.999,3460.512,20.9
1449,SBT4050,1,5,3.584034,-5.001,3461.901,20.8
1449,SBT4050,1,5,3.5834976,-4.999,3463.29,20.8
1449,SBT4050,1,5,3.583004,-4.999,3464.678,20.8
1449,SBT4050,1,5,3.5823724,-5,3466.067,20.9
1449,SBT4050,1,5,3.5817672,-4.999,3467.456,20.8
1449,SBT4050,1,5,3.581088,-4.999,3468.845,20.8
1449,SBT4050,1,5,3.580774,-4.999,3470.233,20.8
1449,SBT4050,1,5,3.5802048,-4.998,3471.622,20.9
1449,SBT4050,1,5,3.5795136,-4.998,3473.011,20.9
1449,SBT4050,1,5,3.5790648,-5,3474.4,20.9
1449,SBT4050,1,5,3.5784688,-4.998,3475.788,20.8
1449,SBT4050,1,5,3.5778636,-5,3477.177,20.8
1449,SBT4050,1,5,3.5773152,-5,3478.566,20.8
1449,SBT4050,1,5,3.5766648,-5,3479.955,20.9
1449,SBT4050,1,5,3.5761524,-5,3481.344,20.8
1449,SBT4050,1,5,3.5754288,-4.999,3482.733,20.8
1449,SBT4050,1,5,3.5752012,-5.001,3484.121,20.7
1449,SBT4050,1,5,3.5745812,-4.999,3485.51,20.8
1449,SBT4050,1,5,3.5740852,-4.999,3486.899,20.9
1449,SBT4050,1,5,3.573382,-5,3488.287,20.9
1449,SBT4050,1,5,3.572694,-4.999,3489.676,20.8
1449,SBT4050,1,5,3.5724436,-4.999,3491.065,20.8
1449,SBT4050,1,5,3.5719536,-4.999,3492.454,20.8
1449,SBT4050,1,5,3.57138,-4.999,3493.842,20.9
1449,SBT4050,1,5,3.5706412,-4.999,3495.231,20.9
1449,SBT4050,1,5,3.570342,-4.999,3496.619,20.9
1449,SBT4050,1,5,3.5695672,-4.999,3498.008,20.8
1449,SBT4050,1,5,3.5691592,-4.999,3499.397,20.8
1449,SBT4050,1,5,3.5685632,-4.999,3500.785,20.9
1449,SBT4050,1,5,3.5679396,-4.999,3502.174,20.9
1449,SBT4050,1,5,3.5675104,-4.999,3503.563,20.8
1449,SBT4050,1,5,3.5666632,-4.999,3504.951,20.8
1449,SBT4050,1,5,3.566192,-4.999,3506.34,20.8
1449,SBT4050,1,5,3.5657032,-4.999,3507.729,20.9
1449,SBT4050,1,5,3.5651104,-4.999,3509.117,20.9
1449,SBT4050,1,5,3.5646696,-4.999,3510.506,20.8
1449,SBT4050,1,5,3.5643408,-5.001,3511.895,20.8
1449,SBT4050,1,5,3.5636376,-4.999,3513.283,20.8
1449,SBT4050,1,5,3.5630312,-4.999,3514.672,20.9
1449,SBT4050,1,5,3.5625004,-4.999,3516.061,20.8
1449,SBT4050,1,5,3.561988,-4.999,3517.449,20.8
1449,SBT4050,1,5,3.561468,-4.998,3518.838,20.8
1449,SBT4050,1,5,3.5610028,-4.999,3520.227,20.8
1449,SBT4050,1,5,3.5601144,-4.999,3521.615,20.9
1449,SBT4050,1,5,3.5596136,-4.999,3523.004,20.9
1449,SBT4050,1,5,3.5592364,-4.999,3524.392,20.8
1449,SBT4050,1,5,3.558612,-4.999,3525.781,20.8
1449,SBT4050,1,5,3.5580992,-4.999,3527.17,20.8
1449,SBT4050,1,5,3.557572,-4.999,3528.558,20.9
1449,SBT4050,1,5,3.556976,-4.999,3529.947,20.8
1449,SBT4050,1,5,3.5563048,-4.999,3531.336,20.8
1449,SBT4050,1,5,3.5557924,-4.999,3532.724,20.8
1449,SBT4050,1,5,3.5554956,-5,3534.113,20.9
1449,SBT4050,1,5,3.554864,-5.001,3535.502,20.9
1449,SBT4050,1,5,3.5541344,-4.999,3536.891,20.8
1449,SBT4050,1,5,3.5535936,-4.999,3538.279,20.8
1449,SBT4050,1,5,3.5531764,-5,3539.668,20.8
1449,SBT4050,1,5,3.552738,-5,3541.057,20.9
1449,SBT4050,1,5,3.5519872,-4.999,3542.446,20.9
1449,SBT4050,1,5,3.5516488,-4.999,3543.834,20.9
1449,SBT4050,1,5,3.5509692,-5.001,3545.223,20.8
1449,SBT4050,1,5,3.550486,-5,3546.612,20.8
1449,SBT4050,1,5,3.5497444,-5,3548.001,20.9
1449,SBT4050,1,5,3.5494348,-4.999,3549.39,20.9
1449,SBT4050,1,5,3.548872,-4.999,3550.778,20.8
1449,SBT4050,1,5,3.5483592,-4.999,3552.167,20.8
1449,SBT4050,1,5,3.5477252,-4.999,3553.556,20.8
1449,SBT4050,1,5,3.5472724,-4.999,3554.944,20.8
1449,SBT4050,1,5,3.5467984,-4.999,3556.333,20.9
1449,SBT4050,1,5,3.5462108,-4.999,3557.721,20.9
1449,SBT4050,1,5,3.5456864,-4.999,3559.11,20.9
1449,SBT4050,1,5,3.544852,-4.999,3560.499,20.8
1449,SBT4050,1,5,3.5447448,-4.999,3561.887,20.9
1449,SBT4050,1,5,3.543942,-4.999,3563.276,20.9
1449,SBT4050,1,5,3.5435488,-4.999,3564.665,20.9
1449,SBT4050,1,5,3.5427072,-4.999,3566.053,20.9
1449,SBT4050,1,5,3.5424092,-4.999,3567.442,20.8
1449,SBT4050,1,5,3.5418072,-5.001,3568.831,20.8
1449,SBT4050,1,5,3.541402,-4.999,3570.219,20.8
1449,SBT4050,1,5,3.54108,-4.999,3571.608,20.9
1449,SBT4050,1,5,3.5402492,-5.001,3572.997,20.9
1449,SBT4050,1,5,3.5399748,-4.999,3574.385,20.9
1449,SBT4050,1,5,3.5394232,-4.999,3575.774,20.8
1449,SBT4050,1,5,3.5387676,-4.999,3577.163,20.8
1449,SBT4050,1,5,3.5383916,-4.999,3578.551,20.9
1449,SBT4050,1,5,3.5377116,-4.999,3579.94,20.9
1449,SBT4050,1,5,3.5372108,-4.999,3581.329,20.9
1449,SBT4050,1,5,3.5366856,-5.001,3582.717,20.8
1449,SBT4050,1,5,3.5362204,-4.998,3584.106,20.8
1449,SBT4050,1,5,3.535536,-4.999,3585.495,20.8
1449,SBT4050,1,5,3.53525,-4.999,3586.883,20.9
1449,SBT4050,1,5,3.5345736,-5,3588.272,20.9
1449,SBT4050,1,5,3.533918,-4.998,3589.661,20.9
1449,SBT4050,1,5,3.5337204,-5,3591.05,20.8
1449,SBT4050,1,5,3.532926,-4.998,3592.439,20.8
1449,SBT4050,1,5,3.5324492,-4.998,3593.827,20.9
1449,SBT4050,1,5,3.5319124,-5,3595.216,20.9
1449,SBT4050,1,5,3.5313284,-5,3596.605,20.9
1449,SBT4050,1,5,3.5308796,-5,3597.994,20.9
1449,SBT4050,1,5,3.5304028,-5,3599.383,20.8
1449,SBT4050,1,5,3.5299204,-5,3600.772,20.8
1449,SBT4050,1,5,3.5294416,-5,3602.16,20.9
1449,SBT4050,1,5,3.5288932,-5,3603.549,20.9
1449,SBT4050,1,5,3.528228,-5,3604.938,20.9
1449,SBT4050,1,5,3.527918,-5,3606.327,20.9
1449,SBT4050,1,5,3.5273512,-5,3607.716,20.8
1449,SBT4050,1,5,3.5267908,-5,3609.105,20.9
1449,SBT4050,1,5,3.5264592,-4.999,3610.493,20.9
1449,SBT4050,1,5,3.5257988,-4.999,3611.882,20.9
1449,SBT4050,1,5,3.5252028,-4.999,3613.271,20.9
1449,SBT4050,1,5,3.524726,-4.998,3614.659,20.8
1449,SBT4050,1,5,3.5243444,-4.999,3616.048,20.8
1449,SBT4050,1,5,3.5236784,-4.999,3617.436,20.9
1449,SBT4050,1,5,3.523142,-4.999,3618.825,20.9
1449,SBT4050,1,5,3.5227596,-5.001,3620.214,20.9
1449,SBT4050,1,5,3.5222112,-4.999,3621.602,20.9
1449,SBT4050,1,5,3.5217384,-4.999,3622.991,20.8
1449,SBT4050,1,5,3.521098,-4.999,3624.38,20.8
1449,SBT4050,1,5,3.5205856,-4.999,3625.768,20.9
1449,SBT4050,1,5,3.5202252,-4.999,3627.157,20.9
1449,SBT4050,1,5,3.519808,-4.999,3628.546,20.8
1449,SBT4050,1,5,3.519176,-4.999,3629.934,20.8
1449,SBT4050,1,5,3.5186512,-4.999,3631.323,20.8
1449,SBT4050,1,5,3.5181816,-4.999,3632.712,20.9
1449,SBT4050,1,5,3.5177844,-4.999,3634.1,20.9
1449,SBT4050,1,5,3.5173792,-4.999,3635.489,20.9
1449,SBT4050,1,5,3.5168232,-4.999,3636.878,20.8
1449,SBT4050,1,5,3.5162988,-4.999,3638.266,20.8
1449,SBT4050,1,5,3.5156216,-4.999,3639.655,20.8
1449,SBT4050,1,5,3.5150612,-4.999,3641.044,20.9
1449,SBT4050,1,5,3.5145796,-5.001,3642.432,20.8
1449,SBT4050,1,5,3.5140948,-4.999,3643.821,20.8
1449,SBT4050,1,5,3.513582,-4.999,3645.21,20.8
1449,SBT4050,1,5,3.5132852,-4.999,3646.598,20.8
1449,SBT4050,1,5,3.512892,-4.999,3647.987,20.9
1449,SBT4050,1,5,3.512316,-4.998,3649.376,20.9
1449,SBT4050,1,5,3.5118032,-4.999,3650.764,20.8
1449,SBT4050,1,5,3.511202,-4.999,3652.153,20.8
1449,SBT4050,1,5,3.510618,-4.999,3653.542,20.8
1449,SBT4050,1,5,3.5101868,-4.999,3654.931,20.9
1449,SBT4050,1,5,3.509874,-4.999,3656.319,20.9
1449,SBT4050,1,5,3.5093972,-4.999,3657.708,20.8
1449,SBT4050,1,5,3.5088812,-4.999,3659.097,20.8
1449,SBT4050,1,5,3.50844,-4.999,3660.485,20.8
1449,SBT4050,1,5,3.5078368,-4.999,3661.874,20.9
1449,SBT4050,1,5,3.5075628,-4.999,3663.263,20.9
1449,SBT4050,1,5,3.5070436,-4.999,3664.651,20.9
1449,SBT4050,1,5,3.5064844,-4.999,3666.04,20.9
1449,SBT4050,1,5,3.5061744,-4.999,3667.429,20.8
1449,SBT4050,1,5,3.5057092,-5.001,3668.818,20.9
1449,SBT4050,1,5,3.5051848,-4.998,3670.206,20.9
1449,SBT4050,1,5,3.5048864,-4.999,3671.595,20.9
1449,SBT4050,1,5,3.504326,-4.999,3672.984,20.9
1449,SBT4050,1,5,3.5035768,-5.001,3674.372,20.8
1449,SBT4050,1,5,3.5030996,-4.999,3675.761,20.9
1449,SBT4050,1,5,3.5026944,-4.999,3677.15,20.9
1449,SBT4050,1,5,3.5023748,-5.001,3678.539,20.9
1449,SBT4050,1,5,3.5020292,-5.001,3679.927,20.9
1449,SBT4050,1,5,3.5013308,-5.001,3681.316,20.8
1449,SBT4050,1,5,3.500854,-4.999,3682.705,20.8
1449,SBT4050,1,5,3.5003688,-4.999,3684.094,20.9
1449,SBT4050,1,5,3.5000468,-4.999,3685.482,20.9
1449,SBT4050,1,5,3.499616,-4.999,3686.871,20.9
1449,SBT4050,1,5,3.498882,-4.999,3688.26,20.9
1449,SBT4050,1,5,3.4985844,-4.999,3689.649,20.8
1449,SBT4050,1,5,3.4981296,-4.999,3691.037,20.9
1449,SBT4050,1,5,3.4976292,-4.999,3692.426,20.9
1449,SBT4050,1,5,3.4969836,-4.999,3693.815,20.9
1449,SBT4050,1,5,3.4966616,-4.999,3695.203,20.9
1449,SBT4050,1,5,3.4960108,-4.999,3696.592,20.8
1449,SBT4050,1,5,3.4958696,-4.999,3697.981,20.8
1449,SBT4050,1,5,3.4953216,-4.998,3699.369,20.8
1449,SBT4050,1,5,3.4948604,-4.999,3700.758,20.9
1449,SBT4050,1,5,3.494336,-4.999,3702.147,20.9
1449,SBT4050,1,5,3.494148,-4.999,3703.535,20.9
1449,SBT4050,1,5,3.4934688,-4.999,3704.924,20.8
1449,SBT4050,1,5,3.4929908,-5,3706.313,20.9
1449,SBT4050,1,5,3.4926332,-5.001,3707.702,20.9
1449,SBT4050,1,5,3.492244,-5,3709.091,20.9
1449,SBT4050,1,5,3.4918684,-5,3710.479,20.9
1449,SBT4050,1,5,3.4914872,-5,3711.868,20.8
1449,SBT4050,1,5,3.490722,-5,3713.257,20.8
1449,SBT4050,1,5,3.4905908,-5,3714.646,20.9
1449,SBT4050,1,5,3.4899608,-5,3716.035,20.9
1449,SBT4050,1,5,3.4895912,-5,3717.424,20.9
1449,SBT4050,1,5,3.489252,-5.001,3718.812,20.9
1449,SBT4050,1,5,3.488654,-5,3720.201,20.8
1449,SBT4050,1,5,3.4881652,-5,3721.59,20.9
1449,SBT4050,1,5,3.4878416,-5.001,3722.979,20.9
1449,SBT4050,1,5,3.4872696,-5,3724.368,20.9
1449,SBT4050,1,5,3.4868728,-5,3725.757,20.9
1449,SBT4050,1,5,3.4864556,-5,3727.146,20.8
1449,SBT4050,1,5,3.4862124,-5,3728.534,20.9
1449,SBT4050,1,5,3.4856264,-5,3729.923,20.9
1449,SBT4050,1,5,3.4848632,-5,3731.312,20.9
1449,SBT4050,1,5,3.4847948,-5,3732.701,20.9
1449,SBT4050,1,5,3.4842108,-5,3734.09,20.9
1449,SBT4050,1,5,3.4839388,-4.999,3735.479,20.8
1449,SBT4050,1,5,3.483486,-4.999,3736.867,20.9
1449,SBT4050,1,5,3.4832152,-5,3738.256,20.9
1449,SBT4050,1,5,3.4824644,-4.998,3739.645,20.9
1449,SBT4050,1,5,3.4822536,-4.999,3741.034,20.8
1449,SBT4050,1,5,3.4818108,-4.999,3742.422,20.8
1449,SBT4050,1,5,3.4814292,-4.999,3743.811,20.9
1449,SBT4050,1,5,3.4807048,-4.999,3745.2,21
1449,SBT4050,1,5,3.4803952,-4.999,3746.588,21
1449,SBT4050,1,5,3.480266,-5.001,3747.977,20.9
1449,SBT4050,1,5,3.4799204,-4.999,3749.365,20.9
1449,SBT4050,1,5,3.4792684,-4.999,3750.754,20.8
1449,SBT4050,1,5,3.478694,-4.999,3752.143,20.9
1449,SBT4050,1,5,3.478444,-4.999,3753.531,20.9
1449,SBT4050,1,5,3.477818,-4.999,3754.92,20.9
1449,SBT4050,1,5,3.4775316,-5,3756.309,20.8
1449,SBT4050,1,5,3.4770528,-5,3757.698,20.8
1449,SBT4050,1,5,3.4770052,-5,3759.087,20.9
1449,SBT4050,1,5,3.4763844,-5,3760.475,20.9
1449,SBT4050,1,5,3.4760892,-5,3761.864,20.9
1449,SBT4050,1,5,3.4756244,-5,3763.253,20.9
1449,SBT4050,1,5,3.475298,-5,3764.642,20.9
1449,SBT4050,1,5,3.4748808,-5,3766.031,20.9
1449,SBT4050,1,5,3.4744472,-5,3767.42,20.9
1449,SBT4050,1,5,3.47372,-5,3768.808,20.9
1449,SBT4050,1,5,3.4736064,-5,3770.197,20.9
1449,SBT4050,1,5,3.4729868,-4.998,3771.586,20.8
1449,SBT4050,1,5,3.4726892,-5,3772.975,20.9
1449,SBT4050,1,5,3.472186,-5,3774.364,20.9
1449,SBT4050,1,5,3.4717928,-4.998,3775.753,20.9
1449,SBT4050,1,5,3.471102,-5,3777.142,20.9
1449,SBT4050,1,5,3.4710184,-4.999,3778.53,20.9
1449,SBT4050,1,5,3.4706044,-4.999,3779.919,20.8
1449,SBT4050,1,5,3.4699488,-4.999,3781.307,20.8
1449,SBT4050,1,5,3.4696536,-4.998,3782.696,20.9
1449,SBT4050,1,5,3.4694184,-4.999,3784.085,20.9
1449,SBT4050,1,5,3.4690608,-4.999,3785.473,20.9
1449,SBT4050,1,5,3.4683268,-5.001,3786.862,20.8
1449,SBT4050,1,5,3.4680648,-4.999,3788.251,20.8
1449,SBT4050,1,5,3.4678988,-4.999,3789.639,20.9
1449,SBT4050,1,5,3.4671716,-4.999,3791.028,20.9
1449,SBT4050,1,5,3.466812,-4.999,3792.417,20.9
1449,SBT4050,1,5,3.4665212,-4.999,3793.805,20.9
1449,SBT4050,1,5,3.4660088,-4.999,3795.194,20.8
1449,SBT4050,1,5,3.465494,-4.999,3796.583,20.8
1449,SBT4050,1,5,3.4650648,-4.999,3797.971,20.9
1449,SBT4050,1,5,3.4648612,-5.001,3799.36,20.9
1449,SBT4050,1,5,3.4645152,-4.999,3800.749,20.9
1449,SBT4050,1,5,3.4640632,-4.999,3802.137,20.9
1449,SBT4050,1,5,3.4634196,-5.001,3803.526,20.8
1449,SBT4050,1,5,3.46315,-4.999,3804.915,20.9
1449,SBT4050,1,5,3.462688,-4.999,3806.303,20.9
1449,SBT4050,1,5,3.4623064,-4.999,3807.692,20.9
1449,SBT4050,1,5,3.4620216,-4.999,3809.081,20.9
1449,SBT4050,1,5,3.4616284,-5.001,3810.469,20.9
1449,SBT4050,1,5,3.4612252,-4.999,3811.858,20.8
1449,SBT4050,1,5,3.460796,-4.999,3813.247,20.9
1449,SBT4050,1,5,3.4603016,-4.999,3814.635,20.9
1449,SBT4050,1,5,3.4600224,-4.998,3816.024,20.9
1449,SBT4050,1,5,3.459784,-4.999,3817.413,20.9
1449,SBT4050,1,5,3.4594924,-4.999,3818.801,20.8
1449,SBT4050,1,5,3.4587292,-5,3820.19,20.8
1449,SBT4050,1,5,3.4584528,-5,3821.579,20.9
1449,SBT4050,1,5,3.4581072,-5,3822.968,20.9
1449,SBT4050,1,5,3.4575128,-5,3824.357,20.9
1449,SBT4050,1,5,3.457298,-5,3825.746,20.9
1449,SBT4050,1,5,3.4567708,-4.999,3827.134,20.9
1449,SBT4050,1,5,3.4566676,-4.999,3828.523,20.9
1449,SBT4050,1,5,3.4561672,-5,3829.912,20.9
1449,SBT4050,1,5,3.4556036,-5,3831.301,21
1449,SBT4050,1,5,3.4553412,-5.001,3832.689,20.9
1449,SBT4050,1,5,3.4550192,-4.999,3834.078,20.8
1449,SBT4050,1,5,3.4545068,-4.999,3835.467,20.9
1449,SBT4050,1,5,3.454328,-4.999,3836.855,20.9
1449,SBT4050,1,5,3.453678,-4.999,3838.244,21
1449,SBT4050,1,5,3.4535348,-4.999,3839.633,20.9
1449,SBT4050,1,5,3.4529792,-4.998,3841.021,20.9
1449,SBT4050,1,5,3.4528244,-5.001,3842.41,20.9
1449,SBT4050,1,5,3.4522024,-4.999,3843.799,20.9
1449,SBT4050,1,5,3.4519284,-4.999,3845.187,21
1449,SBT4050,1,5,3.4517656,-4.999,3846.576,21
1449,SBT4050,1,5,3.4511496,-4.999,3847.965,20.9
1449,SBT4050,1,5,3.4507564,-4.999,3849.354,20.9
1449,SBT4050,1,5,3.4504512,-4.999,3850.742,20.9
1449,SBT4050,1,5,3.450034,-4.999,3852.131,21
1449,SBT4050,1,5,3.449806,-4.999,3853.52,21
1449,SBT4050,1,5,3.4492816,-4.999,3854.908,20.9
1449,SBT4050,1,5,3.4486872,-4.999,3856.297,20.9
1449,SBT4050,1,5,3.4484724,-4.999,3857.686,20.9
1449,SBT4050,1,5,3.4482304,-4.999,3859.074,20.9
1449,SBT4050,1,5,3.4478188,-4.999,3860.463,21
1449,SBT4050,1,5,3.4472464,-4.999,3861.852,21
1449,SBT4050,1,5,3.4469164,-4.999,3863.24,20.9
1449,SBT4050,1,5,3.4464516,-5,3864.629,20.9
1449,SBT4050,1,5,3.4461532,-5,3866.018,21
1449,SBT4050,1,5,3.4458316,-5,3867.407,21
1449,SBT4050,1,5,3.4454824,-5,3868.796,21
1449,SBT4050,1,5,3.4451508,-5,3870.185,20.9
1449,SBT4050,1,5,3.4447816,-4.998,3871.574,20.9
1449,SBT4050,1,5,3.4442664,-5.001,3872.962,20.9
1449,SBT4050,1,5,3.444064,-4.998,3874.351,21
1449,SBT4050,1,5,3.443708,-5,3875.74,21
1449,SBT4050,1,5,3.4431,-5,3877.129,20.9
1449,SBT4050,1,5,3.4428536,-4.999,3878.518,20.9
1449,SBT4050,1,5,3.442542,-4.999,3879.906,20.9
1449,SBT4050,1,5,3.4418984,-5,3881.295,21
1449,SBT4050,1,5,3.4415692,-5,3882.684,21
1449,SBT4050,1,5,3.441462,-4.999,3884.073,20.9
1449,SBT4050,1,5,3.440972,-4.999,3885.461,20.9
1449,SBT4050,1,5,3.4405668,-4.999,3886.85,20.9
1449,SBT4050,1,5,3.4401196,-4.999,3888.239,20.9
1449,SBT4050,1,5,3.4396904,-4.999,3889.628,21
1449,SBT4050,1,5,3.4392692,-4.998,3891.016,20.9
1449,SBT4050,1,5,3.4389484,-4.999,3892.405,20.9
1449,SBT4050,1,5,3.4386388,-4.999,3893.794,20.9
1449,SBT4050,1,5,3.4381904,-4.999,3895.182,20.9
1449,SBT4050,1,5,3.4377732,-4.998,3896.571,21
1449,SBT4050,1,5,3.4376392,-4.999,3897.96,20.9
1449,SBT4050,1,5,3.4370788,-4.999,3899.348,20.9
1449,SBT4050,1,5,3.4366952,-4.999,3900.737,20.9
1449,SBT4050,1,5,3.4363836,-4.999,3902.126,20.9
1449,SBT4050,1,5,3.4360144,-5.001,3903.515,21
1449,SBT4050,1,5,3.4355976,-4.999,3904.903,20.9
1449,SBT4050,1,5,3.4354308,-4.999,3906.292,20.9
1449,SBT4050,1,5,3.434692,-4.999,3907.681,20.9
1449,SBT4050,1,5,3.4344656,-4.999,3909.069,20.9
1449,SBT4050,1,5,3.434096,-5.001,3910.458,21
1449,SBT4050,1,5,3.43381,-4.999,3911.847,21
1449,SBT4050,1,5,3.4331708,-4.999,3913.235,20.9
1449,SBT4050,1,5,3.433082,-4.999,3914.624,20.9
1449,SBT4050,1,5,3.432486,-4.999,3916.013,21
1449,SBT4050,1,5,3.4322572,-4.999,3917.401,21
1449,SBT4050,1,5,3.4317924,-4.999,3918.79,21
1449,SBT4050,1,5,3.4314464,-4.999,3920.179,20.9
1449,SBT4050,1,5,3.430946,-4.999,3921.568,20.9
1449,SBT4050,1,5,3.4306704,-5.001,3922.956,20.9
1449,SBT4050,1,5,3.4305256,-4.999,3924.345,21
1449,SBT4050,1,5,3.4300252,-4.999,3925.734,21
1449,SBT4050,1,5,3.4293796,-4.999,3927.122,20.9
1449,SBT4050,1,5,3.4292008,-5.001,3928.511,20.9
1449,SBT4050,1,5,3.428874,-4.999,3929.9,20.9
1449,SBT4050,1,5,3.4284328,-4.999,3931.288,21
1449,SBT4050,1,5,3.4282312,-4.999,3932.677,21
1449,SBT4050,1,5,3.4276656,-5.001,3934.066,20.9
1449,SBT4050,1,5,3.4274512,-4.999,3935.455,20.9
1449,SBT4050,1,5,3.4268632,-5.001,3936.843,20.9
1449,SBT4050,1,5,3.426732,-5.001,3938.232,20.9
1449,SBT4050,1,5,3.4261076,-4.999,3939.621,21
1449,SBT4050,1,5,3.425774,-4.999,3941.009,21
1449,SBT4050,1,5,3.425828,-5.001,3942.398,20.9
1449,SBT4050,1,5,3.4251008,-4.999,3943.787,20.9
1449,SBT4050,1,5,3.424748,-4.999,3945.176,21
1449,SBT4050,1,5,3.4242564,-4.999,3946.564,21
1449,SBT4050,1,5,3.424054,-4.999,3947.953,21
1449,SBT4050,1,5,3.423682,-4.999,3949.342,20.9
1449,SBT4050,1,5,3.4231096,-5.001,3950.731,20.9
1449,SBT4050,1,5,3.4228672,-4.999,3952.119,20.9
1449,SBT4050,1,5,3.4225812,-4.999,3953.508,21
1449,SBT4050,1,5,3.421944,-5.001,3954.897,21
1449,SBT4050,1,5,3.4218028,-4.999,3956.286,21
1449,SBT4050,1,5,3.4212904,-4.999,3957.674,20.9
1449,SBT4050,1,5,3.4208136,-4.999,3959.063,20.9
1449,SBT4050,1,5,3.4206348,-4.999,3960.452,21
1449,SBT4050,1,5,3.4201408,-4.999,3961.84,21
1449,SBT4050,1,5,3.4198308,-4.999,3963.229,20.9
1449,SBT4050,1,5,3.4196564,-4.999,3964.618,20.9
1449,SBT4050,1,5,3.419264,-4.999,3966.006,20.9
1449,SBT4050,1,5,3.418656,-4.999,3967.395,21
1449,SBT4050,1,5,3.4182348,-4.999,3968.784,21
1449,SBT4050,1,5,3.4179368,-4.999,3970.172,21
1449,SBT4050,1,5,3.4176804,-4.999,3971.561,20.9
1449,SBT4050,1,5,3.4172152,-4.998,3972.95,20.9
1449,SBT4050,1,5,3.4169888,-4.999,3974.339,21
1449,SBT4050,1,5,3.4163808,-4.999,3975.727,21
1449,SBT4050,1,5,3.416328,-4.999,3977.116,20.9
1449,SBT4050,1,5,3.4157344,-4.999,3978.505,20.9
1449,SBT4050,1,5,3.415186,-4.999,3979.893,20.9
1449,SBT4050,1,5,3.4153364,-4.999,3981.282,21
1449,SBT4050,1,5,3.4146808,-5,3982.671,21
1449,SBT4050,1,5,3.4142716,-4.999,3984.06,21
1449,SBT4050,1,5,3.4139616,-4.999,3985.448,20.9
1449,SBT4050,1,5,3.4134464,-5.001,3986.837,20.9
1449,SBT4050,1,5,3.4130596,-4.999,3988.226,21
1449,SBT4050,1,5,3.4127736,-4.999,3989.614,21
1449,SBT4050,1,5,3.412482,-4.999,3991.003,21
1449,SBT4050,1,5,3.4118384,-5.001,3992.392,20.9
1449,SBT4050,1,5,3.4116516,-4.999,3993.78,21
1449,SBT4050,1,5,3.411306,-4.999,3995.169,21
1449,SBT4050,1,5,3.411012,-4.999,3996.558,21
1449,SBT4050,1,5,3.4107124,-4.999,3997.947,20.9
1449,SBT4050,1,5,3.4103308,-4.999,3999.335,20.9
1449,SBT4050,1,5,3.4096944,-4.999,4000.724,21
1449,SBT4050,1,5,3.4092056,-4.999,4002.113,21
1449,SBT4050,1,5,3.4088452,-4.999,4003.501,21
1449,SBT4050,1,5,3.4086784,-4.999,4004.89,20.9
1449,SBT4050,1,5,3.4081544,-4.999,4006.279,20.9
1449,SBT4050,1,5,3.4078324,-5.001,4007.667,20.9
1449,SBT4050,1,5,3.4076244,-4.999,4009.056,21
1449,SBT4050,1,5,3.406966,-4.999,4010.445,20.9
1449,SBT4050,1,5,3.406692,-4.999,4011.833,20.9
1449,SBT4050,1,5,3.4064168,-4.999,4013.222,20.9
1449,SBT4050,1,5,3.4061904,-4.999,4014.611,21
1449,SBT4050,1,5,3.4058108,-4.999,4015.999,21
1449,SBT4050,1,5,3.405298,-5.001,4017.388,21
1449,SBT4050,1,5,3.4049676,-4.999,4018.777,20.9
1449,SBT4050,1,5,3.4044216,-4.999,4020.165,20.9
1449,SBT4050,1,5,3.4042428,-4.999,4021.554,21
1449,SBT4050,1,5,3.4037664,-4.999,4022.943,21
1449,SBT4050,1,5,3.4037308,-4.999,4024.331,21
1449,SBT4050,1,5,3.40304,-4.999,4025.72,20.9
1449,SBT4050,1,5,3.402766,-4.999,4027.109,21
1449,SBT4050,1,5,3.4021116,-4.999,4028.497,21
1449,SBT4050,1,5,3.4018256,-4.999,4029.886,21.1
1449,SBT4050,1,5,3.401604,-4.999,4031.275,21
1449,SBT4050,1,5,3.4010028,-4.999,4032.663,21
1449,SBT4050,1,5,3.4006332,-4.998,4034.052,21
1449,SBT4050,1,5,3.4003028,-5.001,4035.441,21
1449,SBT4050,1,5,3.39979,-4.998,4036.83,21.1
1449,SBT4050,1,5,3.399428,-5,4038.219,21
1449,SBT4050,1,5,3.3992136,-5,4039.607,21
1449,SBT4050,1,5,3.398912,-5,4040.996,21
1449,SBT4050,1,5,3.3985104,-5,4042.385,21
1449,SBT4050,1,5,3.3981412,-5,4043.774,21
1449,SBT4050,1,5,3.3976664,-5,4045.163,21
1449,SBT4050,1,5,3.3972852,-5,4046.552,20.9
1449,SBT4050,1,5,3.3968392,-5,4047.941,20.9
1449,SBT4050,1,5,3.39641,-5,4049.33,21
1449,SBT4050,1,5,3.3960692,-4.999,4050.718,21
1449,SBT4050,1,5,3.3958224,-4.999,4052.107,21
1449,SBT4050,1,5,3.3953216,-4.999,4053.496,21
1449,SBT4050,1,5,3.3946996,-4.999,4054.884,20.9
1449,SBT4050,1,5,3.3946636,-4.999,4056.273,21
1449,SBT4050,1,5,3.394226,-4.999,4057.662,21
1449,SBT4050,1,5,3.3936896,-4.999,4059.05,21
1449,SBT4050,1,5,3.393392,-5,4060.439,21
1449,SBT4050,1,5,3.3929984,-5,4061.828,20.9
1449,SBT4050,1,5,3.3926072,-4.998,4063.217,21
1449,SBT4050,1,5,3.3920076,-5,4064.605,21.1
1449,SBT4050,1,5,3.39196,-5,4065.994,21.1
1449,SBT4050,1,5,3.391472,-5,4067.383,21
1449,SBT4050,1,5,3.3910312,-4.998,4068.772,21
1449,SBT4050,1,5,3.3906332,-5,4070.161,21
1449,SBT4050,1,5,3.390216,-5,4071.55,21
1449,SBT4050,1,5,3.3897748,-5,4072.939,21.1
1449,SBT4050,1,5,3.3893856,-5,4074.328,21
1449,SBT4050,1,5,3.3893976,-5,4075.716,21
1449,SBT4050,1,5,3.388692,-5,4077.105,21
1449,SBT4050,1,5,3.388072,-5,4078.494,21
1449,SBT4050,1,5,3.3877672,-5,4079.883,21.1
1449,SBT4050,1,5,3.3875048,-4.998,4081.272,21
1449,SBT4050,1,5,3.3871516,-5,4082.661,21
1449,SBT4050,1,5,3.386612,-5,4084.05,21
1449,SBT4050,1,5,3.3863256,-5,4085.438,21
1449,SBT4050,1,5,3.3860564,-5,4086.827,21.1
1449,SBT4050,1,5,3.3855556,-5,4088.216,21
1449,SBT4050,1,5,3.385132,-5,4089.605,21
1449,SBT4050,1,5,3.3846076,-4.998,4090.994,21
1449,SBT4050,1,5,3.3842956,-5,4092.383,21
1449,SBT4050,1,5,3.3839144,-5,4093.771,21.1
1449,SBT4050,1,5,3.383358,-5,4095.16,21.1
1449,SBT4050,1,5,3.3829156,-5,4096.549,21
1449,SBT4050,1,5,3.382546,-4.998,4097.938,21
1449,SBT4050,1,5,3.3822496,-5,4099.327,21
1449,SBT4050,1,5,3.3817848,-5.001,4100.716,21
1449,SBT4050,1,5,3.3814296,-5,4102.105,21.1
1449,SBT4050,1,5,3.3810124,-5,4103.493,21
1449,SBT4050,1,5,3.3806892,-5,4104.882,21
1449,SBT4050,1,5,3.380202,-5,4106.271,21
1449,SBT4050,1,5,3.3797488,-4.999,4107.66,21.1
1449,SBT4050,1,5,3.3794516,-4.999,4109.049,21.1
1449,SBT4050,1,5,3.3789036,-4.999,4110.437,21
1449,SBT4050,1,5,3.3785644,-4.999,4111.826,21
1449,SBT4050,1,5,3.3781472,-4.998,4113.215,21
1449,SBT4050,1,5,3.3776704,-5.001,4114.603,21.1
1449,SBT4050,1,5,3.377416,-4.999,4115.992,21.1
1449,SBT4050,1,5,3.3767964,-4.999,4117.381,21
1449,SBT4050,1,5,3.3765156,-4.999,4118.769,21
1449,SBT4050,1,5,3.3760508,-4.999,4120.158,21.1
1449,SBT4050,1,5,3.3758152,-4.999,4121.547,21.1
1449,SBT4050,1,5,3.3753144,-5.001,4122.935,21
1449,SBT4050,1,5,3.374822,-4.999,4124.324,21
1449,SBT4050,1,5,3.3742856,-4.999,4125.713,21
1449,SBT4050,1,5,3.373842,-4.999,4127.101,21.1
1449,SBT4050,1,5,3.3735552,-4.999,4128.49,21.1
1449,SBT4050,1,5,3.3729948,-4.999,4129.879,21
1449,SBT4050,1,5,3.3724744,-4.999,4131.267,21
1449,SBT4050,1,5,3.3720812,-4.999,4132.656,21
1449,SBT4050,1,5,3.3719656,-4.999,4134.045,21.1
1449,SBT4050,1,5,3.3713456,-4.998,4135.433,21.1
1449,SBT4050,1,5,3.3709624,-4.999,4136.822,21
1449,SBT4050,1,5,3.3705716,-4.999,4138.211,21.1
1449,SBT4050,1,5,3.3700232,-4.999,4139.599,21.1
1449,SBT4050,1,5,3.3696172,-4.999,4140.988,21.1
1449,SBT4050,1,5,3.3693072,-4.999,4142.377,21
1449,SBT4050,1,5,3.3689896,-4.999,4143.766,21
1449,SBT4050,1,5,3.3684652,-4.999,4145.154,21.1
1449,SBT4050,1,5,3.3680904,-4.999,4146.543,21.1
1449,SBT4050,1,5,3.367578,-4.999,4147.932,21.1
1449,SBT4050,1,5,3.3670128,-4.999,4149.32,21
1449,SBT4050,1,5,3.3666216,-4.999,4150.709,21
1449,SBT4050,1,5,3.3663356,-4.999,4152.098,21.1
1449,SBT4050,1,5,3.3660048,-4.999,4153.486,21.1
1449,SBT4050,1,5,3.365516,-4.999,4154.875,21
1449,SBT4050,1,5,3.36516,-4.999,4156.264,21
1449,SBT4050,1,5,3.3647308,-4.999,4157.652,21.1
1449,SBT4050,1,5,3.3642412,-4.999,4159.041,21.1
1449,SBT4050,1,5,3.3639332,-4.999,4160.43,21.1
1449,SBT4050,1,5,3.3632416,-4.999,4161.818,21
1449,SBT4050,1,5,3.36281,-4.999,4163.207,21
1449,SBT4050,1,5,3.3623572,-4.999,4164.596,21.1
1449,SBT4050,1,5,3.3619024,-4.999,4165.985,21.1
1449,SBT4050,1,5,3.3615568,-4.999,4167.373,21.1
1449,SBT4050,1,5,3.3612172,-4.999,4168.762,21
1449,SBT4050,1,5,3.3607336,-4.999,4170.151,21.1
1449,SBT4050,1,5,3.3602452,-4.999,4171.539,21.1
1449,SBT4050,1,5,3.359908,-5.001,4172.928,21.1
1449,SBT4050,1,5,3.3595268,-4.999,4174.317,21
1449,SBT4050,1,5,3.359008,-4.999,4175.706,21
1449,SBT4050,1,5,3.3584836,-5.001,4177.094,21.1
1449,SBT4050,1,5,3.3580468,-4.999,4178.483,21.1
1449,SBT4050,1,5,3.3575104,-4.999,4179.872,21.1
1449,SBT4050,1,5,3.3574096,-4.999,4181.26,21
1449,SBT4050,1,5,3.3566472,-5.001,4182.649,21
1449,SBT4050,1,5,3.356254,-4.999,4184.038,21.1
1449,SBT4050,1,5,3.3560148,-4.999,4185.427,21.1
1449,SBT4050,1,5,3.3555144,-4.999,4186.815,21.1
1449,SBT4050,1,5,3.3549134,-4.999,4188.204,21
1449,SBT4050,1,5,3.354639,-5.001,4189.593,21.1
1449,SBT4050,1,5,3.3541966,-4.999,4190.982,21.1
1449,SBT4050,1,5,3.3535298,-4.999,4192.37,21.1
1449,SBT4050,1,5,3.3534106,-4.999,4193.759,21.1
1449,SBT4050,1,5,3.3527186,-4.999,4195.148,21.1
1449,SBT4050,1,5,3.3524802,-4.999,4196.536,21.1
1449,SBT4050,1,5,3.3519444,-4.999,4197.925,21.1
1449,SBT4050,1,5,3.3515272,-4.999,4199.314,21.1
1449,SBT4050,1,5,3.3510152,-4.999,4200.702,21.1
1449,SBT4050,1,5,3.3506698,-4.999,4202.091,21.1
1449,SBT4050,1,5,3.3502288,-4.999,4203.48,21.2
1449,SBT4050,1,5,3.3499412,-5.001,4204.869,21.1
1449,SBT4050,1,5,3.3493096,-4.999,4206.257,21.1
1449,SBT4050,1,5,3.3486858,-4.999,4207.646,21.1
1449,SBT4050,1,5,3.3483044,-4.999,4209.035,21.1
1449,SBT4050,1,5,3.347932,-4.999,4210.423,21.2
1449,SBT4050,1,5,3.3474434,-4.999,4211.812,21.1
1449,SBT4050,1,5,3.3469822,-5.001,4213.201,21.1
1449,SBT4050,1,5,3.3464836,-4.999,4214.59,21.1
1449,SBT4050,1,5,3.3460426,-4.999,4215.978,21.2
1449,SBT4050,1,5,3.3456488,-4.999,4217.367,21.1
1449,SBT4050,1,5,3.345172,-4.999,4218.756,21.1
1449,SBT4050,1,5,3.344788,-4.998,4220.144,21.1
1449,SBT4050,1,5,3.3441204,-4.999,4221.533,21.1
1449,SBT4050,1,5,3.343778,-4.999,4222.922,21.1
1449,SBT4050,1,5,3.3432928,-4.999,4224.311,21.1
1449,SBT4050,1,5,3.3429352,-4.999,4225.699,21.1
1449,SBT4050,1,5,3.342384,-4.999,4227.088,21.1
1449,SBT4050,1,5,3.3418594,-4.999,4228.477,21.2
1449,SBT4050,1,5,3.3413656,-5.001,4229.866,21.1
1449,SBT4050,1,5,3.3409484,-4.999,4231.254,21.1
1449,SBT4050,1,5,3.3405246,-5.001,4232.643,21.2
1449,SBT4050,1,5,3.340024,-4.999,4234.032,21.2
1449,SBT4050,1,5,3.3396624,-4.999,4235.42,21.1
1449,SBT4050,1,5,3.339016,-4.999,4236.809,21.1
1449,SBT4050,1,5,3.3386346,-4.999,4238.198,21.1
1449,SBT4050,1,5,3.3381216,-4.999,4239.587,21.2
1449,SBT4050,1,5,3.3376806,-4.999,4240.975,21.2
1449,SBT4050,1,5,3.3371658,-4.999,4242.364,21.1
1449,SBT4050,1,5,3.3367128,-4.999,4243.753,21.1
1449,SBT4050,1,5,3.336299,-4.999,4245.141,21.2
1449,SBT4050,1,5,3.3357554,-4.999,4246.53,21.2
1449,SBT4050,1,5,3.3354218,-5.001,4247.919,21.1
1449,SBT4050,1,5,3.3349052,-4.999,4249.307,21.1
1449,SBT4050,1,5,3.3343926,-4.999,4250.696,21.2
1449,SBT4050,1,5,3.3339292,-4.998,4252.085,21.2
1449,SBT4050,1,5,3.3334762,-5,4253.474,21.2
1449,SBT4050,1,5,3.332943,-5,4254.862,21.1
1449,SBT4050,1,5,3.3323368,-5,4256.251,21.1
1449,SBT4050,1,5,3.3317646,-5,4257.64,21.2
1449,SBT4050,1,5,3.3314472,-5,4259.029,21.2
1449,SBT4050,1,5,3.330875,-5,4260.418,21.1
1449,SBT4050,1,5,3.3304502,-5,4261.807,21.1
1449,SBT4050,1,5,3.3297706,-5,4263.196,21.2
1449,SBT4050,1,5,3.32958,-5,4264.584,21.2
1449,SBT4050,1,5,3.3288408,-5,4265.973,21.1
1449,SBT4050,1,5,3.3286648,-4.999,4267.362,21.1
1449,SBT4050,1,5,3.328041,-4.999,4268.751,21.2
1449,SBT4050,1,5,3.3274808,-5,4270.14,21.2
1449,SBT4050,1,5,3.3269844,-5,4271.528,21.2
1449,SBT4050,1,5,3.3264002,-5,4272.917,21.2
1449,SBT4050,1,5,3.3260148,-5,4274.306,21.2
1449,SBT4050,1,5,3.3254546,-5,4275.695,21.2
1449,SBT4050,1,5,3.3248382,-5,4277.084,21.3
1449,SBT4050,1,5,3.324474,-5,4278.473,21.2
1449,SBT4050,1,5,3.3237946,-5,4279.862,21.2
1449,SBT4050,1,5,3.323452,-5,4281.251,21.2
1449,SBT4050,1,5,3.3229274,-5,4282.639,21.2
1449,SBT4050,1,5,3.3226194,-5,4284.028,21.2
1449,SBT4050,1,5,3.3220472,-5,4285.417,21.1
1449,SBT4050,1,5,3.3215226,-5,4286.806,21.2
1449,SBT4050,1,5,3.3208568,-5,4288.195,21.2
1449,SBT4050,1,5,3.320368,-4.998,4289.584,21.2
1449,SBT4050,1,5,3.3196632,-5.001,4290.973,21.1
1449,SBT4050,1,5,3.3194844,-5,4292.361,21.2
1449,SBT4050,1,5,3.3187012,-4.998,4293.75,21.2
1449,SBT4050,1,5,3.3181648,-5,4295.139,21.2
1449,SBT4050,1,5,3.3177978,-5,4296.528,21.2
1449,SBT4050,1,5,3.3172018,-5,4297.917,21.2
1449,SBT4050,1,5,3.3166172,-5,4299.306,21.2
1449,SBT4050,1,5,3.316397,-5,4300.694,21.2
1449,SBT4050,1,5,3.3156222,-5,4302.083,21.2
1449,SBT4050,1,5,3.3152092,-5,4303.472,21.1
1449,SBT4050,1,5,3.314661,-5,4304.861,21.2
1449,SBT4050,1,5,3.314077,-5,4306.25,21.2
1449,SBT4050,1,5,3.3133736,-5.001,4307.639,21.2
1449,SBT4050,1,5,3.312844,-5.001,4309.027,21.1
1449,SBT4050,1,5,3.3123292,-4.999,4310.416,21.2
1449,SBT4050,1,5,3.3120074,-4.999,4311.805,21.2
1449,SBT4050,1,5,3.3113562,-4.999,4313.193,21.2
1449,SBT4050,1,5,3.3106052,-4.999,4314.582,21.1
1449,SBT4050,1,5,3.3102534,-4.999,4315.971,21.2
1449,SBT4050,1,5,3.3098004,-4.999,4317.359,21.2
1449,SBT4050,1,5,3.3092914,-5.001,4318.748,21.2
1449,SBT4050,1,5,3.30865,-4.999,4320.136,21.2
1449,SBT4050,1,5,3.3081016,-4.999,4321.525,21.2
1449,SBT4050,1,5,3.3074228,-4.999,4322.914,21.2
1449,SBT4050,1,5,3.307089,-4.999,4324.302,21.2
1449,SBT4050,1,5,3.30627,-4.999,4325.691,21.2
1449,SBT4050,1,5,3.3058886,-4.999,4327.08,21.2
1449,SBT4050,1,5,3.3049834,-5.001,4328.468,21.2
1449,SBT4050,1,5,3.3046616,-4.999,4329.857,21.2
1449,SBT4050,1,5,3.3041232,-4.999,4331.246,21.2
1449,SBT4050,1,5,3.3035136,-4.999,4332.634,21.2
1449,SBT4050,1,5,3.3029772,-4.999,4334.023,21.2
1449,SBT4050,1,5,3.302353,-4.999,4335.412,21.2
1449,SBT4050,1,5,3.3018762,-4.999,4336.8,21.3
1449,SBT4050,1,5,3.3013058,-4.999,4338.189,21.2
1449,SBT4050,1,5,3.300674,-4.999,4339.577,21.2
1449,SBT4050,1,5,3.3002562,-4.999,4340.966,21.2
1449,SBT4050,1,5,3.2997322,-4.999,4342.355,21.3
1449,SBT4050,1,5,3.2990884,-4.999,4343.743,21.2
1449,SBT4050,1,5,3.2984312,-4.999,4345.132,21.2
1449,SBT4050,1,5,3.2977518,-4.999,4346.521,21.2
1449,SBT4050,1,5,3.2971592,-4.999,4347.909,21.2
1449,SBT4050,1,5,3.2963606,-4.999,4349.298,21.3
1449,SBT4050,1,5,3.2960834,-4.999,4350.687,21.2
1449,SBT4050,1,5,3.2955232,-5.001,4352.075,21.2
1449,SBT4050,1,5,3.2948382,-4.999,4353.464,21.2
1449,SBT4050,1,5,3.2944726,-4.999,4354.852,21.3
1449,SBT4050,1,5,3.2936738,-4.999,4356.241,21.3
1449,SBT4050,1,5,3.2931656,-4.999,4357.63,21.2
1449,SBT4050,1,5,3.2925458,-4.999,4359.019,21.2
1449,SBT4050,1,5,3.2916628,-4.999,4360.407,21.2
1449,SBT4050,1,5,3.291341,-4.999,4361.796,21.3
1449,SBT4050,1,5,3.2909248,-4.999,4363.185,21.3
1449,SBT4050,1,5,3.2902996,-4.999,4364.573,21.2
1449,SBT4050,1,5,3.2896918,-5,4365.962,21.2
1449,SBT4050,1,5,3.2890738,-5,4367.351,21.3
1449,SBT4050,1,5,3.2884422,-4.999,4368.74,21.3
1449,SBT4050,1,5,3.2879114,-5,4370.128,21.3
1449,SBT4050,1,5,3.2873272,-5,4371.517,21.2
1449,SBT4050,1,5,3.2865006,-4.999,4372.906,21.2
1449,SBT4050,1,5,3.286105,-4.998,4374.295,21.3
1449,SBT4050,1,5,3.2852826,-4.999,4375.683,21.3
1449,SBT4050,1,5,3.2848826,-4.999,4377.072,21.2
1449,SBT4050,1,5,3.284215,-4.999,4378.461,21.2
1449,SBT4050,1,5,3.2835912,-4.999,4379.849,21.3
1449,SBT4050,1,5,3.282876,-4.999,4381.238,21.3
1449,SBT4050,1,5,3.2823456,-4.999,4382.627,21.3
1449,SBT4050,1,5,3.2817376,-4.999,4384.015,21.3
1449,SBT4050,1,5,3.2811384,-5.001,4385.404,21.2
1449,SBT4050,1,5,3.2804672,-5.001,4386.792,21.3
1449,SBT4050,1,5,3.279752,-5,4388.181,21.3
1449,SBT4050,1,5,3.2791398,-5,4389.57,21.3
1449,SBT4050,1,5,3.2786868,-4.998,4390.959,21.3
1449,SBT4050,1,5,3.2779412,-5,4392.347,21.2
1449,SBT4050,1,5,3.277369,-5,4393.736,21.3
1449,SBT4050,1,5,3.2768084,-5,4395.125,21.3
1449,SBT4050,1,5,3.2762004,-5,4396.514,21.3
1449,SBT4050,1,5,3.2756164,-5.001,4397.903,21.2
1449,SBT4050,1,5,3.2749956,-5,4399.292,21.2
1449,SBT4050,1,5,3.2744354,-5,4400.68,21.3
1449,SBT4050,1,5,3.273547,-5,4402.069,21.3
1449,SBT4050,1,5,3.272784,-5,4403.458,21.3
1449,SBT4050,1,5,3.2723582,-4.998,4404.847,21.2
1449,SBT4050,1,5,3.2715936,-5,4406.236,21.2
1449,SBT4050,1,5,3.2708902,-5.001,4407.624,21.3
1449,SBT4050,1,5,3.2702908,-5,4409.013,21.3
1449,SBT4050,1,5,3.2695876,-5,4410.402,21.2
1449,SBT4050,1,5,3.2687636,-5,4411.791,21.2
1449,SBT4050,1,5,3.2683464,-5,4413.18,21.2
1449,SBT4050,1,5,3.2675776,-5,4414.568,21.3
1449,SBT4050,1,5,3.2669578,-5,4415.957,21.3
1449,SBT4050,1,5,3.2662042,-4.998,4417.346,21.2
1449,SBT4050,1,5,3.2656756,-5,4418.735,21.2
1449,SBT4050,1,5,3.264853,-5,4420.124,21.2
1449,SBT4050,1,5,3.264299,-5,4421.513,21.3
1449,SBT4050,1,5,3.263548,-5,4422.901,21.3
1449,SBT4050,1,5,3.26286,-5,4424.29,21.2
1449,SBT4050,1,5,3.2621208,-5,4425.679,21.2
1449,SBT4050,1,5,3.2614664,-5,4427.068,21.3
1449,SBT4050,1,5,3.2606264,-5,4428.457,21.3
1449,SBT4050,1,5,3.2601138,-5,4429.846,21.3
1449,SBT4050,1,5,3.2594208,-4.998,4431.234,21.2
1449,SBT4050,1,5,3.2588128,-5,4432.623,21.2
1449,SBT4050,1,5,3.2578464,-5,4434.012,21.3
1449,SBT4050,1,5,3.2573458,-4.998,4435.401,21.3
1449,SBT4050,1,5,3.2564388,-5,4436.79,21.3
1449,SBT4050,1,5,3.2559562,-5.001,4438.178,21.3
1449,SBT4050,1,5,3.255017,-5,4439.567,21.2
1449,SBT4050,1,5,3.2542584,-5,4440.956,21.3
1449,SBT4050,1,5,3.2536506,-5,4442.345,21.3
1449,SBT4050,1,5,3.2529636,-5,4443.734,21.3
1449,SBT4050,1,5,3.2520576,-5,4445.123,21.3
1449,SBT4050,1,5,3.2514314,-5.001,4446.511,21.2
1449,SBT4050,1,5,3.2506804,-5,4447.9,21.3
1449,SBT4050,1,5,3.2498342,-5,4449.289,21.3
1449,SBT4050,1,5,3.2490924,-5,4450.678,21.3
1449,SBT4050,1,5,3.248544,-5,4452.067,21.3
1449,SBT4050,1,5,3.247909,-5,4453.456,21.2
1449,SBT4050,1,5,3.247015,-5,4454.844,21.2
1449,SBT4050,1,5,3.2462644,-5,4456.233,21.3
1449,SBT4050,1,5,3.245573,-5,4457.622,21.3
1449,SBT4050,1,5,3.2446898,-5,4459.011,21.3
1449,SBT4050,1,5,3.2441362,-5,4460.4,21.2
1449,SBT4050,1,5,3.2431708,-5,4461.789,21.3
1449,SBT4050,1,5,3.2423902,-5,4463.177,21.4
1449,SBT4050,1,5,3.2416036,-5,4464.566,21.4
1449,SBT4050,1,5,3.2408552,-5,4465.955,21.3
1449,SBT4050,1,5,3.2400446,-4.998,4467.344,21.3
1449,SBT4050,1,5,3.2394144,-5,4468.733,21.3
1449,SBT4050,1,5,3.2385086,-5,4470.122,21.3
1449,SBT4050,1,5,3.2378556,-4.999,4471.51,21.4
1449,SBT4050,1,5,3.2368782,-4.999,4472.899,21.3
1449,SBT4050,1,5,3.2360318,-4.999,4474.288,21.3
1449,SBT4050,1,5,3.2352404,-4.998,4475.676,21.3
1449,SBT4050,1,5,3.234394,-4.999,4477.065,21.4
1449,SBT4050,1,5,3.2338006,-4.999,4478.454,21.4
1449,SBT4050,1,5,3.23268,-4.999,4479.842,21.3
1449,SBT4050,1,5,3.2322456,-4.999,4481.231,21.3
1449,SBT4050,1,5,3.2313796,-4.999,4482.619,21.3
1449,SBT4050,1,5,3.230307,-5.001,4484.008,21.3
1449,SBT4050,1,5,3.2295976,-4.999,4485.397,21.4
1449,SBT4050,1,5,3.228656,-4.999,4486.786,21.3
1449,SBT4050,1,5,3.2277578,-4.999,4488.174,21.3
1449,SBT4050,1,5,3.2270666,-4.999,4489.563,21.3
1449,SBT4050,1,5,3.2261058,-4.999,4490.952,21.4
1449,SBT4050,1,5,3.2252492,-5.001,4492.341,21.3
1449,SBT4050,1,5,3.2243552,-4.999,4493.729,21.3
1449,SBT4050,1,5,3.223522,-4.999,4495.118,21.2
1449,SBT4050,1,5,3.22264,-4.999,4496.507,21.3
1449,SBT4050,1,5,3.2218378,-4.999,4497.895,21.3
1449,SBT4050,1,5,3.2209556,-5.001,4499.284,21.3
1449,SBT4050,1,5,3.2201858,-4.999,4500.673,21.3
1449,SBT4050,1,5,3.2191488,-4.999,4502.061,21.3
1449,SBT4050,1,5,3.2181846,-5.001,4503.45,21.3
1449,SBT4050,1,5,3.217152,-4.999,4504.839,21.4
1449,SBT4050,1,5,3.2164368,-4.999,4506.227,21.3
1449,SBT4050,1,5,3.2155458,-5.001,4507.616,21.3
1449,SBT4050,1,5,3.2145088,-5.001,4509.005,21.3
1449,SBT4050,1,5,3.2136816,-4.999,4510.393,21.3
1449,SBT4050,1,5,3.2126686,-4.999,4511.782,21.4
1449,SBT4050,1,5,3.211669,-4.999,4513.171,21.3
1449,SBT4050,1,5,3.2108378,-4.999,4514.56,21.3
1449,SBT4050,1,5,3.2099676,-5.001,4515.948,21.3
1449,SBT4050,1,5,3.2089662,-4.999,4517.337,21.3
1449,SBT4050,1,5,3.2079172,-4.999,4518.726,21.4
1449,SBT4050,1,5,3.2069974,-5.001,4520.115,21.3
1449,SBT4050,1,5,3.2060916,-4.999,4521.503,21.3
1449,SBT4050,1,5,3.205148,-4.999,4522.892,21.3
1449,SBT4050,1,5,3.2042394,-4.999,4524.281,21.4
1449,SBT4050,1,5,3.2031426,-5.001,4525.669,21.4
1449,SBT4050,1,5,3.2019442,-4.999,4527.058,21.3
1449,SBT4050,1,5,3.2010024,-5.001,4528.447,21.3
1449,SBT4050,1,5,3.2000218,-4.999,4529.836,21.3
1449,SBT4050,1,5,3.1990444,-4.999,4531.224,21.4
1449,SBT4050,1,5,3.1980796,-4.999,4532.613,21.4
1449,SBT4050,1,5,3.1970068,-4.999,4534.002,21.3
1449,SBT4050,1,5,3.1958696,-4.999,4535.39,21.3
1449,SBT4050,1,5,3.1948008,-4.999,4536.779,21.3
1449,SBT4050,1,5,3.193716,-4.999,4538.168,21.4
1449,SBT4050,1,5,3.1928596,-4.999,4539.557,21.3
1449,SBT4050,1,5,3.1916438,-5.001,4540.945,21.3
1449,SBT4050,1,5,3.190406,-5.001,4542.334,21.3
1449,SBT4050,1,5,3.1893808,-5.001,4543.723,21.4
1449,SBT4050,1,5,3.1882528,-4.999,4545.111,21.4
1449,SBT4050,1,5,3.187172,-4.999,4546.5,21.3
1449,SBT4050,1,5,3.1861468,-4.999,4547.889,21.3
1449,SBT4050,1,5,3.1849878,-4.999,4549.277,21.3
1449,SBT4050,1,5,3.1836648,-4.999,4550.666,21.4
1449,SBT4050,1,5,3.1827744,-4.999,4552.055,21.4
1449,SBT4050,1,5,3.1815228,-5.001,4553.443,21.3
1449,SBT4050,1,5,3.1804326,-4.999,4554.832,21.3
1449,SBT4050,1,5,3.1791928,-4.999,4556.221,21.4
1449,SBT4050,1,5,3.1777764,-4.999,4557.609,21.4
1449,SBT4050,1,5,3.1768348,-5.001,4558.998,21.4
1449,SBT4050,1,5,3.1755592,-4.999,4560.387,21.3
1449,SBT4050,1,5,3.174196,-4.999,4561.775,21.3
1449,SBT4050,1,5,3.1732542,-5,4563.164,21.4
1449,SBT4050,1,5,3.1719862,-5,4564.553,21.4
1449,SBT4050,1,5,3.1707228,-5,4565.942,21.4
1449,SBT4050,1,5,3.1693042,-5,4567.331,21.4
1449,SBT4050,1,5,3.1679942,-5,4568.72,21.4
1449,SBT4050,1,5,3.1668142,-5,4570.108,21.4
1449,SBT4050,1,5,3.1656384,-5,4571.497,21.4
1449,SBT4050,1,5,3.1642198,-5,4572.886,21.3
1449,SBT4050,1,5,3.162937,-5,4574.275,21.4
1449,SBT4050,1,5,3.161447,-5,4575.664,21.4
1449,SBT4050,1,5,3.1602288,-5,4577.053,21.4
1449,SBT4050,1,5,3.1588524,-5,4578.441,21.4
1449,SBT4050,1,5,3.1576484,-5,4579.83,21.3
1449,SBT4050,1,5,3.1561734,-5,4581.219,21.4
1449,SBT4050,1,5,3.1545998,-5,4582.608,21.4
1449,SBT4050,1,5,3.1532276,-5,4583.997,21.4
1449,SBT4050,1,5,3.1517138,-5,4585.386,21.4
1449,SBT4050,1,5,3.1503088,-5,4586.774,21.4
1449,SBT4050,1,5,3.148938,-5,4588.163,21.4
1449,SBT4050,1,5,3.147683,-5,4589.552,21.4
1449,SBT4050,1,5,3.1459288,-5,4590.941,21.4
1449,SBT4050,1,5,3.144403,-5,4592.33,21.4
1449,SBT4050,1,5,3.1430298,-5,4593.719,21.3
1449,SBT4050,1,5,3.1414446,-5,4595.108,21.4
1449,SBT4050,1,5,3.1399772,-5,4596.496,21.4
1449,SBT4050,1,5,3.1381416,-5,4597.885,21.5
1449,SBT4050,1,5,3.1368186,-4.999,4599.274,21.4
1449,SBT4050,1,5,3.1351234,-4.999,4600.663,21.4
1449,SBT4050,1,5,3.1335858,-4.999,4602.051,21.4
1449,SBT4050,1,5,3.131954,-4.999,4603.44,21.5
1449,SBT4050,1,5,3.1301184,-5.001,4604.829,21.4
1449,SBT4050,1,5,3.1285282,-4.999,4606.218,21.4
1449,SBT4050,1,5,3.1269666,-5.001,4607.606,21.3
1449,SBT4050,1,5,3.1251886,-5,4608.995,21.4
1449,SBT4050,1,5,3.1234602,-5,4610.384,21.5
1449,SBT4050,1,5,3.1216126,-4.999,4611.773,21.5
1449,SBT4050,1,5,3.1200174,-4.999,4613.161,21.4
1449,SBT4050,1,5,3.1181578,-4.999,4614.55,21.4
1449,SBT4050,1,5,3.116359,-4.999,4615.939,21.5
1449,SBT4050,1,5,3.1145114,-4.999,4617.327,21.5
1449,SBT4050,1,5,3.1128204,-5,4618.716,21.5
1449,SBT4050,1,5,3.1111994,-5,4620.105,21.4
1449,SBT4050,1,5,3.1090736,-4.999,4621.493,21.4
1449,SBT4050,1,5,3.1071724,-4.999,4622.882,21.5
1449,SBT4050,1,5,3.105182,-4.999,4624.271,21.5
1449,SBT4050,1,5,3.1033266,-4.999,4625.659,21.5
1449,SBT4050,1,5,3.1014432,-4.999,4627.048,21.4
1449,SBT4050,1,5,3.0994714,-4.999,4628.437,21.4
1449,SBT4050,1,5,3.097445,-4.999,4629.825,21.5
1449,SBT4050,1,5,3.0955362,-4.999,4631.214,21.5
1449,SBT4050,1,5,3.093692,-4.999,4632.603,21.4
1449,SBT4050,1,5,3.0916658,-4.999,4633.991,21.5
1449,SBT4050,1,5,3.0893172,-4.999,4635.38,21.5
1449,SBT4050,1,5,3.0872908,-4.999,4636.769,21.5
1449,SBT4050,1,5,3.0850922,-4.999,4638.157,21.5
1449,SBT4050,1,5,3.0828514,-4.999,4639.546,21.4
1449,SBT4050,1,5,3.080813,-5.001,4640.935,21.5
1449,SBT4050,1,5,3.0787866,-4.999,4642.323,21.5
1449,SBT4050,1,5,3.076367,-4.999,4643.712,21.5
1449,SBT4050,1,5,3.0742098,-4.999,4645.101,21.5
1449,SBT4050,1,5,3.0721358,-4.999,4646.489,21.5
1449,SBT4050,1,5,3.069722,-5.001,4647.878,21.6
1449,SBT4050,1,5,3.0675526,-4.999,4649.267,21.5
1449,SBT4050,1,5,3.065048,-4.999,4650.655,21.5
1449,SBT4050,1,5,3.0627356,-4.999,4652.044,21.5
1449,SBT4050,1,5,3.0603488,-4.999,4653.433,21.5
1449,SBT4050,1,5,3.0579856,-4.999,4654.821,21.6
1449,SBT4050,1,5,3.0555302,-4.999,4656.21,21.5
1449,SBT4050,1,5,3.053123,-4.999,4657.599,21.5
1449,SBT4050,1,5,3.0506556,-4.999,4658.987,21.5
1449,SBT4050,1,5,3.048097,-4.999,4660.376,21.6
1449,SBT4050,1,5,3.0455462,-4.999,4661.765,21.5
1449,SBT4050,1,5,3.0429904,-4.999,4663.153,21.5
1449,SBT4050,1,5,3.0403136,-4.999,4664.542,21.5
1449,SBT4050,1,5,3.0377628,-4.998,4665.931,21.6
1449,SBT4050,1,5,3.0352922,-4.999,4667.319,21.5
1449,SBT4050,1,5,3.0325508,-4.999,4668.708,21.5
1449,SBT4050,1,5,3.0297384,-4.999,4670.097,21.5
1449,SBT4050,1,5,3.0269374,-5.001,4671.485,21.6
1449,SBT4050,1,5,3.0244192,-4.999,4672.874,21.6
1449,SBT4050,1,5,3.0213796,-4.999,4674.263,21.5
1449,SBT4050,1,5,3.0187376,-4.999,4675.651,21.5
1449,SBT4050,1,5,3.0158568,-4.999,4677.04,21.6
1449,SBT4050,1,5,3.0129722,-5.001,4678.429,21.6
1449,SBT4050,1,5,3.0099616,-4.999,4679.818,21.5
1449,SBT4050,1,5,3.0071366,-4.999,4681.206,21.6
1449,SBT4050,1,5,3.004305,-4.999,4682.595,21.6
1449,SBT4050,1,5,3.0010986,-4.999,4683.984,21.6
1449,SBT4050,1,5,2.9980258,-4.999,4685.372,21.6
1449,SBT4050,1,5,2.994978,-4.999,4686.761,21.5
1449,SBT4050,1,5,2.991867,-4.999,4688.15,21.6
1449,SBT4050,1,5,2.9885254,-4.999,4689.538,21.6
1449,SBT4050,1,5,2.9854024,-4.999,4690.927,21.6
1449,SBT4050,1,5,2.982407,-4.999,4692.316,21.6
1449,SBT4050,1,5,2.9791886,-4.999,4693.704,21.6
1449,SBT4050,1,5,2.9758126,-4.999,4695.093,21.6
1449,SBT4050,1,5,2.9724292,-4.999,4696.481,21.6
1449,SBT4050,1,5,2.9691034,-4.999,4697.87,21.6
1449,SBT4050,1,5,2.965785,-4.999,4699.259,21.6
1449,SBT4050,1,5,2.9623758,-4.999,4700.647,21.6
1449,SBT4050,1,5,2.9587812,-4.999,4702.036,21.7
1449,SBT4050,1,5,2.9553364,-4.999,4703.425,21.6
1449,SBT4050,1,5,2.951974,-5.001,4704.813,21.6
1449,SBT4050,1,5,2.9484576,-4.999,4706.202,21.6
1449,SBT4050,1,5,2.9445008,-4.999,4707.591,21.7
1449,SBT4050,1,5,2.940987,-4.999,4708.979,21.7
1449,SBT4050,1,5,2.9372916,-4.999,4710.368,21.6
1449,SBT4050,1,5,2.9335058,-4.999,4711.757,21.7
1449,SBT4050,1,5,2.9294292,-4.999,4713.145,21.7
1449,SBT4050,1,5,2.9257412,-4.999,4714.534,21.7
1449,SBT4050,1,5,2.9219984,-4.999,4715.923,21.6
1449,SBT4050,1,5,2.918184,-4.999,4717.311,21.6
1449,SBT4050,1,5,2.914081,-4.999,4718.7,21.7
1449,SBT4050,1,5,2.9099448,-4.999,4720.089,21.7
1449,SBT4050,1,5,2.9059216,-4.999,4721.477,21.7
1449,SBT4050,1,5,2.9018808,-4.999,4722.866,21.6
1449,SBT4050,1,5,2.8973414,-4.999,4724.255,21.7
1449,SBT4050,1,5,2.8933124,-4.999,4725.643,21.7
1449,SBT4050,1,5,2.888867,-4.998,4727.032,21.7
1449,SBT4050,1,5,2.8845104,-4.999,4728.421,21.6
1449,SBT4050,1,5,2.880112,-4.999,4729.809,21.7
1449,SBT4050,1,5,2.875592,-5.001,4731.198,21.7
1449,SBT4050,1,5,2.8711458,-4.999,4732.587,21.8
1449,SBT4050,1,5,2.866312,-4.999,4733.975,21.7
1449,SBT4050,1,5,2.8616036,-4.999,4735.364,21.7
1449,SBT4050,1,5,2.856677,-4.999,4736.753,21.7
1449,SBT4050,1,5,2.8520164,-4.999,4738.141,21.8
1449,SBT4050,1,5,2.8469816,-4.999,4739.53,21.8
1449,SBT4050,1,5,2.8420284,-4.999,4740.919,21.7
1449,SBT4050,1,5,2.83676,-4.999,4742.307,21.7
1449,SBT4050,1,5,2.8319652,-4.999,4743.696,21.8
1449,SBT4050,1,5,2.8266252,-4.999,4745.085,21.8
1449,SBT4050,1,5,2.8211712,-5,4746.474,21.7
1449,SBT4050,1,5,2.8155212,-5,4747.862,21.7
1449,SBT4050,1,5,2.8100052,-4.999,4749.251,21.7
1449,SBT4050,1,5,2.8044282,-4.999,4750.64,21.8
1449,SBT4050,1,5,2.798826,-4.999,4752.028,21.8
1449,SBT4050,1,5,2.7926794,-4.999,4753.417,21.7
1449,SBT4050,1,5,2.7869938,-4.999,4754.806,21.7
1449,SBT4050,1,5,2.7808938,-4.999,4756.194,21.8
1449,SBT4050,1,5,2.7746718,-4.999,4757.583,21.8
1449,SBT4050,1,5,2.7683462,-5,4758.972,21.8
1449,SBT4050,1,5,2.7617784,-5,4760.36,21.8
1449,SBT4050,1,5,2.7552104,-4.999,4761.749,21.8
1449,SBT4050,1,5,2.7487358,-4.999,4763.138,21.9
1449,SBT4050,1,5,2.7417746,-4.999,4764.527,21.9
1449,SBT4050,1,5,2.7349768,-4.999,4765.915,21.8
1449,SBT4050,1,5,2.72767,-4.998,4767.304,21.8
1449,SBT4050,1,5,2.7205318,-5,4768.693,21.9
1449,SBT4050,1,5,2.7133084,-5,4770.082,21.9
1449,SBT4050,1,5,2.7057146,-5,4771.47,21.9
1449,SBT4050,1,5,2.6978806,-5,4772.859,21.8
1449,SBT4050,1,5,2.6899776,-4.999,4774.248,21.8
1449,SBT4050,1,5,2.681982,-4.999,4775.637,21.9
1449,SBT4050,1,5,2.67365,-4.999,4777.025,21.9
1449,SBT4050,1,5,2.6651396,-5.001,4778.414,21.9
1449,SBT4050,1,5,2.6566526,-5.001,4779.803,21.8
1449,SBT4050,1,5,2.6480016,-4.999,4781.191,21.9
1449,SBT4050,1,5,2.6389334,-4.999,4782.58,21.9
1449,SBT4050,1,5,2.6298744,-4.999,4783.969,21.9
1449,SBT4050,1,5,2.6205698,-5.001,4785.357,21.9
1449,SBT4050,1,5,2.6109148,-5.001,4786.746,21.9
1449,SBT4050,1,5,2.6012714,-5,4788.135,22
1449,SBT4050,1,5,2.5912708,-5,4789.524,22
1449,SBT4050,1,5,2.581058,-5,4790.913,22
1449,SBT4050,1,5,2.5706282,-5.001,4792.301,22
1449,SBT4050,1,5,2.5598932,-5,4793.69,22
1449,SBT4050,1,5,2.549039,-5,4795.079,22.1
1449,SBT4050,1,5,2.5377988,-5,4796.468,22
1449,SBT4050,1,5,2.526391,-4.998,4797.857,22
1449,SBT4050,1,5,2.5147334,-5,4799.246,22
1449,SBT4050,1,5,2.5029266,-5,4800.635,22.1
1449,SBT4050,1,5,2.4999704,-5,4800.979,
