1453,SBT4050,1,5,4.1719048,-0.0001,4869.59,
1453,SBT4050,1,5,3.905176,-12.5,4871.572,18.8
1453,SBT4050,1,5,3.8852912,-12.501,4875.044,18.8
1453,SBT4050,1,5,3.8706532,-12.501,4878.517,18.7
1453,SBT4050,1,5,3.8588804,-12.498,4881.989,18.7
1453,SBT4050,1,5,3.8486288,-12.501,4885.461,18.8
1453,SBT4050,1,5,3.8391284,-12.5,4888.933,18.7
1453,SBT4050,1,5,3.8304508,-12.501,4892.405,18.7
1453,SBT4050,1,5,3.8225704,-12.501,4895.877,18.7
1453,SBT4050,1,5,3.8153808,-12.5,4899.349,18.8
1453,SBT4050,1,5,3.808956,-12.499,4902.821,18.8
1453,SBT4050,1,5,3.8021416,-12.499,4906.293,18.7
1453,SBT4050,1,5,3.7965868,-12.499,4909.765,18.7
1453,SBT4050,1,5,3.7908892,-12.498,4913.237,18.8
1453,SBT4050,1,5,3.7859184,-12.499,4916.709,18.8
1453,SBT4050,1,5,3.7809304,-12.498,4920.181,18.8
1453,SBT4050,1,5,3.7761028,-12.499,4923.653,18.7
1453,SBT4050,1,5,3.7718764,-12.501,4927.125,18.8
1453,SBT4050,1,5,3.767656,-12.499,4930.597,18.8
1453,SBT4050,1,5,3.7636152,-12.501,4934.069,18.8
1453,SBT4050,1,5,3.7596184,-12.499,4937.541,18.8
1453,SBT4050,1,5,3.7565192,-12.499,4941.014,18.9
1453,SBT4050,1,5,3.7528956,-12.499,4944.486,18.9
1453,SBT4050,1,5,3.749546,-12.499,4947.958,18.9
1453,SBT4050,1,5,3.746536,-12.498,4951.43,18.9
1453,SBT4050,1,5,3.7438836,-12.501,4954.902,18.9
1453,SBT4050,1,5,3.7407248,-12.499,4958.374,19
1453,SBT4050,1,5,3.7382504,-12.498,4961.846,19.1
1453,SBT4050,1,5,3.7355564,-12.498,4965.318,19
1453,SBT4050,1,5,3.7329432,-12.501,4968.79,19.1
1453,SBT4050,1,5,3.7306188,-12.498,4972.262,19.2
1453,SBT4050,1,5,3.7284712,-12.499,4975.734,19.2
1453,SBT4050,1,5,3.726266,-12.499,4979.206,19.2
1453,SBT4050,1,5,3.7238548,-12.498,4982.678,19.2
1453,SBT4050,1,5,3.7216592,-12.502,4986.15,19.3
1453,SBT4050,1,5,3.7199188,-12.498,4989.622,19.4
1453,SBT4050,1,5,3.7178472,-12.501,4993.094,19.4
1453,SBT4050,1,5,3.7159996,-12.501,4996.566,19.4
1453,SBT4050,1,5,3.7140916,-12.499,5000.038,19.4
1453,SBT4050,1,5,3.711958,-12.499,5003.51,19.5
1453,SBT4050,1,5,3.7101896,-12.5,5006.982,19.6
1453,SBT4050,1,5,3.708474,-12.501,5010.454,19.6
1453,SBT4050,1,5,3.706948,-12.499,5013.927,19.6
1453,SBT4050,1,5,3.7050596,-12.501,5017.399,19.7
1453,SBT4050,1,5,3.7038436,-12.501,5020.871,19.8
1453,SBT4050,1,5,3.7019952,-12.499,5024.343,19.8
1453,SBT4050,1,5,3.7004696,-12.501,5027.815,19.8
1453,SBT4050,1,5,3.6991628,-12.499,5031.287,19.9
1453,SBT4050,1,5,3.6976084,-12.499,5034.759,20
1453,SBT4050,1,5,3.696166,-12.501,5038.231,20.1
1453,SBT4050,1,5,3.6948612,-12.501,5041.704,20.1
1453,SBT4050,1,5,3.6931684,-12.499,5045.176,20.1
1453,SBT4050,1,5,3.6918132,-12.502,5048.648,20.3
1453,SBT4050,1,5,3.6906688,-12.498,5052.12,20.3
1453,SBT4050,1,5,3.6892284,-12.498,5055.592,20.3
1453,SBT4050,1,5,3.6880244,-12.501,5059.064,20.4
1453,SBT4050,1,5,3.6866668,-12.499,5062.536,20.5
1453,SBT4050,1,5,3.6854676,-12.499,5066.008,20.6
1453,SBT4050,1,5,3.6843352,-12.499,5069.481,20.6
1453,SBT4050,1,5,3.6831568,-12.499,5072.953,20.6
1453,SBT4050,1,5,3.6819884,-12.501,5076.425,20.7
1453,SBT4050,1,5,3.6807132,-12.496,5079.897,20.8
1453,SBT4050,1,5,3.679426,-12.499,5083.369,20.9
1453,SBT4050,1,5,3.6784224,-12.501,5086.841,20.9
1453,SBT4050,1,5,3.6772432,-12.499,5090.313,21
1453,SBT4050,1,5,3.6761348,-12.501,5093.785,21.1
1453,SBT4050,1,5,3.6749872,-12.501,5097.258,21.1
1453,SBT4050,1,5,3.6738428,-12.499,5100.73,21.1
1453,SBT4050,1,5,3.6727668,-12.498,5104.202,21.2
1453,SBT4050,1,5,3.6715868,-12.498,5107.674,21.3
1453,SBT4050,1,5,3.6707048,-12.501,5111.146,21.4
1453,SBT4050,1,5,3.6695828,-12.499,5114.618,21.4
1453,SBT4050,1,5,3.6683548,-12.501,5118.09,21.4
1453,SBT4050,1,5,3.667314,-12.499,5121.562,21.5
1453,SBT4050,1,5,3.6663128,-12.501,5125.034,21.6
1453,SBT4050,1,5,3.665144,-12.499,5128.507,21.6
1453,SBT4050,1,5,3.6643092,-12.501,5131.979,21.7
1453,SBT4050,1,5,3.66341,-12.501,5135.451,21.8
1453,SBT4050,1,5,3.6623492,-12.499,5138.923,21.9
1453,SBT4050,1,5,3.6612088,-12.499,5142.395,21.9
1453,SBT4050,1,5,3.6602232,-12.502,5145.867,21.9
1453,SBT4050,1,5,3.6594124,-12.501,5149.339,22
1453,SBT4050,1,5,3.6584972,-12.499,5152.811,22.1
1453,SBT4050,1,5,3.6575436,-12.499,5156.283,22.2
1453,SBT4050,1,5,3.6566024,-12.499,5159.755,22.2
1453,SBT4050,1,5,3.6556012,-12.499,5163.228,22.3
1453,SBT4050,1,5,3.6546068,-12.501,5166.7,22.5
1453,SBT4050,1,5,3.6535936,-12.499,5170.172,22.5
1453,SBT4050,1,5,3.652652,-12.499,5173.644,22.5
1453,SBT4050,1,5,3.6516568,-12.501,5177.116,22.6
1453,SBT4050,1,5,3.6507268,-12.499,5180.588,22.7
1453,SBT4050,1,5,3.6497036,-12.499,5184.06,22.8
1453,SBT4050,1,5,3.6487736,-12.501,5187.532,22.7
1453,SBT4050,1,5,3.6479528,-12.501,5191.004,22.8
1453,SBT4050,1,5,3.6469412,-12.499,5194.477,22.9
1453,SBT4050,1,5,3.645904,-12.5,5197.949,23
1453,SBT4050,1,5,3.6450056,-12.498,5201.421,23
1453,SBT4050,1,5,3.644088,-12.5,5204.893,23
1453,SBT4050,1,5,3.6432288,-12.5,5208.365,23.2
1453,SBT4050,1,5,3.6424776,-12.501,5211.837,23.2
1453,SBT4050,1,5,3.6415528,-12.501,5215.309,23.2
1453,SBT4050,1,5,3.6403964,-12.5,5218.782,23.3
1453,SBT4050,1,5,3.6397224,-12.5,5222.254,23.4
1453,SBT4050,1,5,3.638742,-12.5,5225.726,23.4
1453,SBT4050,1,5,3.6378004,-12.501,5229.198,23.4
1453,SBT4050,1,5,3.6368388,-12.499,5232.67,23.5
1453,SBT4050,1,5,3.6358256,-12.501,5236.142,23.6
1453,SBT4050,1,5,3.6351412,-12.498,5239.614,23.7
1453,SBT4050,1,5,3.634128,-12.499,5243.086,23.7
1453,SBT4050,1,5,3.6332676,-12.498,5246.558,23.8
1453,SBT4050,1,5,3.6321332,-12.5,5250.031,23.9
1453,SBT4050,1,5,3.6312032,-12.498,5253.503,24
1453,SBT4050,1,5,3.6303572,-12.5,5256.975,24
1453,SBT4050,1,5,3.6295108,-12.5,5260.447,24.1
1453,SBT4050,1,5,3.6283376,-12.498,5263.919,24.2
1453,SBT4050,1,5,3.6275628,-12.501,5267.391,24.3
1453,SBT4050,1,5,3.6266792,-12.501,5270.863,24.3
1453,SBT4050,1,5,3.6259996,-12.5,5274.335,24.3
1453,SBT4050,1,5,3.6249528,-12.501,5277.808,24.4
1453,SBT4050,1,5,3.6241376,-12.499,5281.28,24.5
1453,SBT4050,1,5,3.6232076,-12.499,5284.752,24.6
1453,SBT4050,1,5,3.6224088,-12.498,5288.224,24.7
1453,SBT4050,1,5,3.6213476,-12.499,5291.696,24.8
1453,SBT4050,1,5,3.620232,-12.501,5295.168,24.9
1453,SBT4050,1,5,3.6191472,-12.499,5298.64,24.9
1453,SBT4050,1,5,3.6182728,-12.499,5302.112,24.9
1453,SBT4050,1,5,3.6174224,-12.501,5305.584,25
1453,SBT4050,1,5,3.6163852,-12.499,5309.056,25.1
1453,SBT4050,1,5,3.615504,-12.502,5312.528,25.2
1453,SBT4050,1,5,3.614598,-12.501,5316.001,25.2
1453,SBT4050,1,5,3.6135812,-12.499,5319.473,25.3
1453,SBT4050,1,5,3.6126992,-12.499,5322.945,25.3
1453,SBT4050,1,5,3.6117796,-12.499,5326.417,25.4
1453,SBT4050,1,5,3.6108356,-12.499,5329.889,25.5
1453,SBT4050,1,5,3.6100608,-12.499,5333.361,25.6
1453,SBT4050,1,5,3.609,-12.499,5336.833,25.6
1453,SBT4050,1,5,3.6079272,-12.499,5340.305,25.7
1453,SBT4050,1,5,3.6071576,-12.499,5343.777,25.7
1453,SBT4050,1,5,3.6062636,-12.499,5347.249,25.8
1453,SBT4050,1,5,3.6052828,-12.499,5350.721,25.9
1453,SBT4050,1,5,3.6043648,-12.499,5354.193,25.9
1453,SBT4050,1,5,3.6034984,-12.499,5357.665,26
1453,SBT4050,1,5,3.6024036,-12.498,5361.137,26
1453,SBT4050,1,5,3.6012952,-12.498,5364.61,26.1
1453,SBT4050,1,5,3.6005832,-12.498,5368.082,26.2
1453,SBT4050,1,5,3.5994748,-12.499,5371.554,26.2
1453,SBT4050,1,5,3.59861,-12.498,5375.026,26.3
1453,SBT4050,1,5,3.5978472,-12.499,5378.498,26.4
1453,SBT4050,1,5,3.596728,-12.501,5381.97,26.5
1453,SBT4050,1,5,3.595736,-12.499,5385.442,26.5
1453,SBT4050,1,5,3.5947704,-12.499,5388.914,26.5
1453,SBT4050,1,5,3.5937408,-12.5,5392.386,26.6
1453,SBT4050,1,5,3.5928468,-12.499,5395.858,26.7
1453,SBT4050,1,5,3.5918668,-12.5,5399.33,26.7
1453,SBT4050,1,5,3.590818,-12.5,5402.802,26.8
1453,SBT4050,1,5,3.589758,-12.499,5406.274,27
1453,SBT4050,1,5,3.5886708,-12.5,5409.746,27
1453,SBT4050,1,5,3.587848,-12.499,5413.219,27
1453,SBT4050,1,5,3.5869688,-12.499,5416.691,27.1
1453,SBT4050,1,5,3.5856696,-12.5,5420.163,27.2
1453,SBT4050,1,5,3.5848884,-12.499,5423.635,27.3
1453,SBT4050,1,5,3.5838752,-12.498,5427.107,27.3
1453,SBT4050,1,5,3.5827988,-12.5,5430.579,27.3
1453,SBT4050,1,5,3.581726,-12.499,5434.051,27.4
1453,SBT4050,1,5,3.5807116,-12.499,5437.523,27.5
1453,SBT4050,1,5,3.579824,-12.5,5440.995,27.5
1453,SBT4050,1,5,3.578656,-12.5,5444.467,27.5
1453,SBT4050,1,5,3.5778556,-12.499,5447.939,27.7
1453,SBT4050,1,5,3.576878,-12.497,5451.411,27.8
1453,SBT4050,1,5,3.575586,-12.499,5454.883,27.8
1453,SBT4050,1,5,3.5747516,-12.5,5458.355,27.9
1453,SBT4050,1,5,3.5738468,-12.5,5461.827,27.9
1453,SBT4050,1,5,3.572726,-12.5,5465.299,28
1453,SBT4050,1,5,3.571808,-12.499,5468.771,28
1453,SBT4050,1,5,3.5705748,-12.5,5472.244,28.1
1453,SBT4050,1,5,3.5696688,-12.5,5475.716,28.2
1453,SBT4050,1,5,3.568678,-12.499,5479.188,28.3
1453,SBT4050,1,5,3.5678316,-12.5,5482.66,28.3
1453,SBT4050,1,5,3.5666184,-12.5,5486.132,28.4
1453,SBT4050,1,5,3.5656432,-12.502,5489.604,28.5
1453,SBT4050,1,5,3.56463,-12.5,5493.076,28.6
1453,SBT4050,1,5,3.5636376,-12.5,5496.548,28.6
1453,SBT4050,1,5,3.5625052,-12.499,5500.02,28.6
1453,SBT4050,1,5,3.5617696,-12.499,5503.492,28.7
1453,SBT4050,1,5,3.560494,-12.498,5506.964,28.8
1453,SBT4050,1,5,3.5594172,-12.5,5510.436,28.8
1453,SBT4050,1,5,3.558404,-12.498,5513.908,28.8
1453,SBT4050,1,5,3.5573744,-12.498,5517.38,28.9
1453,SBT4050,1,5,3.5563524,-12.5,5520.852,28.9
1453,SBT4050,1,5,3.5553152,-12.497,5524.324,29
1453,SBT4050,1,5,3.554338,-12.5,5527.796,29
1453,SBT4050,1,5,3.5533604,-12.5,5531.268,29.1
1453,SBT4050,1,5,3.552344,-12.499,5534.74,29.1
1453,SBT4050,1,5,3.5513548,-12.5,5538.212,29.2
1453,SBT4050,1,5,3.5502372,-12.497,5541.684,29.2
1453,SBT4050,1,5,3.5491592,-12.499,5545.157,29.2
1453,SBT4050,1,5,3.5480984,-12.502,5548.629,29.3
1453,SBT4050,1,5,3.5471316,-12.5,5552.101,29.4
1453,SBT4050,1,5,3.5461184,-12.5,5555.573,29.3
1453,SBT4050,1,5,3.5450216,-12.499,5559.045,29.4
1453,SBT4050,1,5,3.5438416,-12.499,5562.517,29.5
1453,SBT4050,1,5,3.5429036,-12.5,5565.989,29.5
1453,SBT4050,1,5,3.541938,-12.503,5569.461,29.5
1453,SBT4050,1,5,3.5407016,-12.497,5572.933,29.6
1453,SBT4050,1,5,3.5397668,-12.5,5576.405,29.7
1453,SBT4050,1,5,3.5388132,-12.5,5579.877,29.7
1453,SBT4050,1,5,3.537606,-12.499,5583.349,29.7
1453,SBT4050,1,5,3.5365332,-12.5,5586.821,29.8
1453,SBT4050,1,5,3.5354568,-12.497,5590.293,29.9
1453,SBT4050,1,5,3.53442,-12.499,5593.765,29.9
1453,SBT4050,1,5,3.5334064,-12.5,5597.237,29.9
1453,SBT4050,1,5,3.5324528,-12.499,5600.709,30
1453,SBT4050,1,5,3.5313324,-12.5,5604.181,30
1453,SBT4050,1,5,3.5304644,-12.5,5607.653,30.1
1453,SBT4050,1,5,3.5292724,-12.499,5611.125,30.1
1453,SBT4050,1,5,3.5279756,-12.5,5614.597,30.2
1453,SBT4050,1,5,3.5271056,-12.499,5618.069,30.3
1453,SBT4050,1,5,3.5259804,-12.5,5621.541,30.4
1453,SBT4050,1,5,3.5251208,-12.5,5625.013,30.4
1453,SBT4050,1,5,3.5238452,-12.502,5628.485,30.4
1453,SBT4050,1,5,3.5227012,-12.499,5631.958,30.5
1453,SBT4050,1,5,3.5218072,-12.5,5635.43,30.6
1453,SBT4050,1,5,3.5210744,-12.499,5638.902,30.6
1453,SBT4050,1,5,3.5197516,-12.499,5642.374,30.6
1453,SBT4050,1,5,3.5185792,-12.502,5645.846,30.8
1453,SBT4050,1,5,3.5176732,-12.5,5649.318,30.8
1453,SBT4050,1,5,3.516346,-12.499,5652.79,30.8
1453,SBT4050,1,5,3.5153468,-12.499,5656.262,30.9
1453,SBT4050,1,5,3.5144768,-12.499,5659.734,31
1453,SBT4050,1,5,3.5133248,-12.5,5663.206,31
1453,SBT4050,1,5,3.512228,-12.5,5666.678,31.1
1453,SBT4050,1,5,3.5113268,-12.499,5670.15,31.1
1453,SBT4050,1,5,3.5101348,-12.5,5673.622,31.2
1453,SBT4050,1,5,3.5092432,-12.5,5677.094,31.3
1453,SBT4050,1,5,3.5081716,-12.5,5680.566,31.3
1453,SBT4050,1,5,3.506956,-12.499,5684.038,31.3
1453,SBT4050,1,5,3.5058768,-12.502,5687.51,31.5
1453,SBT4050,1,5,3.5046252,-12.5,5690.982,31.5
1453,SBT4050,1,5,3.5035632,-12.5,5694.454,31.5
1453,SBT4050,1,5,3.5024308,-12.499,5697.926,31.5
1453,SBT4050,1,5,3.5015628,-12.499,5701.398,31.6
1453,SBT4050,1,5,3.5003336,-12.5,5704.87,31.7
1453,SBT4050,1,5,3.499356,-12.5,5708.342,31.7
1453,SBT4050,1,5,3.4981784,-12.5,5711.814,31.7
1453,SBT4050,1,5,3.4971056,-12.499,5715.286,31.8
1453,SBT4050,1,5,3.4960816,-12.5,5718.759,31.8
1453,SBT4050,1,5,3.4948776,-12.499,5722.231,31.9
1453,SBT4050,1,5,3.4939456,-12.5,5725.703,31.9
1453,SBT4050,1,5,3.4928012,-12.499,5729.175,32
1453,SBT4050,1,5,3.4915572,-12.5,5732.647,32
1453,SBT4050,1,5,3.4905416,-12.499,5736.119,32
1453,SBT4050,1,5,3.489302,-12.499,5739.591,32
1453,SBT4050,1,5,3.4882376,-12.497,5743.063,32.1
1453,SBT4050,1,5,3.4867832,-12.499,5746.535,32.2
1453,SBT4050,1,5,3.4860668,-12.502,5750.007,32.2
1453,SBT4050,1,5,3.4848868,-12.499,5753.479,32.2
1453,SBT4050,1,5,3.4838852,-12.497,5756.951,32.2
1453,SBT4050,1,5,3.4827924,-12.499,5760.423,32.3
1453,SBT4050,1,5,3.4815288,-12.499,5763.895,32.3
1453,SBT4050,1,5,3.4802856,-12.497,5767.367,32.4
1453,SBT4050,1,5,3.4793796,-12.499,5770.839,32.4
1453,SBT4050,1,5,3.4780172,-12.499,5774.311,32.5
1453,SBT4050,1,5,3.4770516,-12.499,5777.783,32.5
1453,SBT4050,1,5,3.4757268,-12.5,5781.255,32.5
1453,SBT4050,1,5,3.4747504,-12.499,5784.728,32.6
1453,SBT4050,1,5,3.473666,-12.497,5788.2,32.7
1453,SBT4050,1,5,3.4725672,-12.5,5791.672,32.8
1453,SBT4050,1,5,3.471542,-12.5,5795.144,32.7
1453,SBT4050,1,5,3.470318,-12.5,5798.616,32.8
1453,SBT4050,1,5,3.4692568,-12.499,5802.088,32.9
1453,SBT4050,1,5,3.4678064,-12.5,5805.56,32.9
1453,SBT4050,1,5,3.4668768,-12.499,5809.032,32.9
1453,SBT4050,1,5,3.4656164,-12.499,5812.504,33
1453,SBT4050,1,5,3.4645308,-12.5,5815.976,33.1
1453,SBT4050,1,5,3.4635292,-12.5,5819.448,33.1
1453,SBT4050,1,5,3.4624544,-12.499,5822.92,33.1
1453,SBT4050,1,5,3.4611316,-12.499,5826.392,33.1
1453,SBT4050,1,5,3.4600124,-12.5,5829.864,33.2
1453,SBT4050,1,5,3.4587132,-12.499,5833.336,33.3
1453,SBT4050,1,5,3.4574632,-12.499,5836.808,33.2
1453,SBT4050,1,5,3.4563468,-12.5,5840.28,33.2
1453,SBT4050,1,5,3.4553812,-12.499,5843.752,33.3
1453,SBT4050,1,5,3.4543004,-12.499,5847.224,33.4
1453,SBT4050,1,5,3.4531444,-12.499,5850.697,33.4
1453,SBT4050,1,5,3.4518716,-12.499,5854.169,33.5
1453,SBT4050,1,5,3.4508704,-12.5,5857.641,33.6
1453,SBT4050,1,5,3.4495584,-12.499,5861.113,33.6
1453,SBT4050,1,5,3.4484256,-12.5,5864.585,33.6
1453,SBT4050,1,5,3.447262,-12.5,5868.057,33.6
1453,SBT4050,1,5,3.4461124,-12.499,5871.529,33.6
1453,SBT4050,1,5,3.4451352,-12.5,5875.001,33.7
1453,SBT4050,1,5,3.4438996,-12.5,5878.473,33.7
1453,SBT4050,1,5,3.4427792,-12.499,5881.945,33.7
1453,SBT4050,1,5,3.4418016,-12.499,5885.417,33.8
1453,SBT4050,1,5,3.4404548,-12.499,5888.889,33.8
1453,SBT4050,1,5,3.4393148,-12.497,5892.361,33.8
1453,SBT4050,1,5,3.4380724,-12.5,5895.833,33.8
1453,SBT4050,1,5,3.4370592,-12.5,5899.305,33.9
1453,SBT4050,1,5,3.4359008,-12.499,5902.777,34
1453,SBT4050,1,5,3.43453,-12.499,5906.249,34
1453,SBT4050,1,5,3.4333256,-12.499,5909.721,33.9
1453,SBT4050,1,5,3.4324316,-12.5,5913.193,34
1453,SBT4050,1,5,3.4311464,-12.5,5916.665,34
1453,SBT4050,1,5,3.4300076,-12.5,5920.137,34
1453,SBT4050,1,5,3.4288752,-12.5,5923.609,34
1453,SBT4050,1,5,3.4278668,-12.5,5927.082,34.1
1453,SBT4050,1,5,3.426496,-12.497,5930.554,34.1
1453,SBT4050,1,5,3.425464,-12.497,5934.026,34.2
1453,SBT4050,1,5,3.42426,-12.5,5937.498,34.1
1453,SBT4050,1,5,3.4231204,-12.5,5940.97,34.2
1453,SBT4050,1,5,3.4221908,-12.499,5944.442,34.3
1453,SBT4050,1,5,3.420872,-12.497,5947.914,34.3
1453,SBT4050,1,5,3.4198,-12.5,5951.386,34.3
1453,SBT4050,1,5,3.4188344,-12.502,5954.858,34.3
1453,SBT4050,1,5,3.417532,-12.499,5958.33,34.4
1453,SBT4050,1,5,3.4163636,-12.5,5961.802,34.5
1453,SBT4050,1,5,3.4151552,-12.5,5965.274,34.5
1453,SBT4050,1,5,3.4142732,-12.5,5968.746,34.5
1453,SBT4050,1,5,3.4129992,-12.5,5972.218,34.6
1453,SBT4050,1,5,3.4118384,-12.499,5975.69,34.6
1453,SBT4050,1,5,3.4109088,-12.5,5979.162,34.6
1453,SBT4050,1,5,3.4096656,-12.5,5982.634,34.6
1453,SBT4050,1,5,3.4083068,-12.499,5986.106,34.7
1453,SBT4050,1,5,3.4075328,-12.502,5989.578,34.7
1453,SBT4050,1,5,3.4063172,-12.502,5993.05,34.8
1453,SBT4050,1,5,3.405166,-12.5,5996.522,34.8
1453,SBT4050,1,5,3.4039932,-12.499,5999.994,34.8
1453,SBT4050,1,5,3.4028012,-12.499,6003.466,34.9
1453,SBT4050,1,5,3.4016604,-12.502,6006.939,35
1453,SBT4050,1,5,3.4004924,-12.498,6010.411,34.9
1453,SBT4050,1,5,3.3994164,-12.499,6013.883,35
1453,SBT4050,1,5,3.3983796,-12.5,6017.355,35.1
1453,SBT4050,1,5,3.3973504,-12.499,6020.827,35.2
1453,SBT4050,1,5,3.3959796,-12.499,6024.299,35.2
1453,SBT4050,1,5,3.395092,-12.5,6027.771,35.2
1453,SBT4050,1,5,3.3939204,-12.5,6031.243,35.3
1453,SBT4050,1,5,3.3928832,-12.499,6034.715,35.4
1453,SBT4050,1,5,3.3917828,-12.499,6038.187,35.4
1453,SBT4050,1,5,3.3906148,-12.499,6041.659,35.4
1453,SBT4050,1,5,3.3895972,-12.499,6045.131,35.5
1453,SBT4050,1,5,3.388548,-12.499,6048.603,35.6
1453,SBT4050,1,5,3.3876432,-12.5,6052.075,35.6
1453,SBT4050,1,5,3.3864772,-12.499,6055.547,35.6
1453,SBT4050,1,5,3.3852972,-12.499,6059.019,35.7
1453,SBT4050,1,5,3.3843764,-12.5,6062.491,35.8
1453,SBT4050,1,5,3.3831724,-12.497,6065.963,35.8
1453,SBT4050,1,5,3.3821752,-12.499,6069.435,35.8
1453,SBT4050,1,5,3.3809952,-12.5,6072.907,35.9
1453,SBT4050,1,5,3.3803736,-12.5,6076.379,36
1453,SBT4050,1,5,3.37911,-12.5,6079.851,36
1453,SBT4050,1,5,3.3779952,-12.5,6083.323,36.1
1453,SBT4050,1,5,3.3769892,-12.499,6086.796,36
1453,SBT4050,1,5,3.3759404,-12.5,6090.268,36.1
1453,SBT4050,1,5,3.3747244,-12.499,6093.74,36.2
1453,SBT4050,1,5,3.3738544,-12.499,6097.212,36.1
1453,SBT4050,1,5,3.3729388,-12.499,6100.684,36.1
1453,SBT4050,1,5,3.3717704,-12.5,6104.156,36.2
1453,SBT4050,1,5,3.3706764,-12.499,6107.628,36.2
1453,SBT4050,1,5,3.3697492,-12.499,6111.1,36.3
1453,SBT4050,1,5,3.36845,-12.499,6114.572,36.2
1453,SBT4050,1,5,3.3675832,-12.499,6118.044,36.2
1453,SBT4050,1,5,3.3664508,-12.5,6121.516,36.3
1453,SBT4050,1,5,3.3655416,-12.499,6124.988,36.4
1453,SBT4050,1,5,3.364588,-12.5,6128.46,36.4
1453,SBT4050,1,5,3.3635648,-12.499,6131.932,36.4
1453,SBT4050,1,5,3.3622812,-12.499,6135.404,36.5
1453,SBT4050,1,5,3.3611368,-12.499,6138.876,36.6
1453,SBT4050,1,5,3.360418,-12.499,6142.348,36.6
1453,SBT4050,1,5,3.3595956,-12.497,6145.82,36.6
1453,SBT4050,1,5,3.3584996,-12.499,6149.292,36.6
1453,SBT4050,1,5,3.357522,-12.5,6152.764,36.7
1453,SBT4050,1,5,3.3567,-12.5,6156.236,36.7
1453,SBT4050,1,5,3.3554246,-12.5,6159.708,36.7
1453,SBT4050,1,5,3.3544582,-12.499,6163.18,36.6
1453,SBT4050,1,5,3.3533722,-12.5,6166.652,36.7
1453,SBT4050,1,5,3.3526092,-12.497,6170.125,36.7
1453,SBT4050,1,5,3.3514266,-12.5,6173.597,36.6
1453,SBT4050,1,5,3.350616,-12.499,6177.069,36.6
1453,SBT4050,1,5,3.3496436,-12.499,6180.541,36.6
1453,SBT4050,1,5,3.3484992,-12.501,6184.013,36.7
1453,SBT4050,1,5,3.34768,-12.499,6187.485,36.7
1453,SBT4050,1,5,3.3466256,-12.499,6190.957,36.7
1453,SBT4050,1,5,3.345684,-12.501,6194.429,36.7
1453,SBT4050,1,5,3.3448778,-12.499,6197.901,36.8
1453,SBT4050,1,5,3.3438646,-12.5,6201.373,36.8
1453,SBT4050,1,5,3.3427512,-12.499,6204.845,36.8
1453,SBT4050,1,5,3.3418692,-12.499,6208.317,36.8
1453,SBT4050,1,5,3.3408638,-12.499,6211.789,36.9
1453,SBT4050,1,5,3.340112,-12.499,6215.261,37
1453,SBT4050,1,5,3.3389318,-12.499,6218.733,37
1453,SBT4050,1,5,3.3381468,-12.5,6222.205,37
1453,SBT4050,1,5,3.3370026,-12.5,6225.677,37.1
1453,SBT4050,1,5,3.3362072,-12.499,6229.149,37.2
1453,SBT4050,1,5,3.3353252,-12.499,6232.621,37.2
1453,SBT4050,1,5,3.3345272,-12.5,6236.093,37.2
1453,SBT4050,1,5,3.333514,-12.499,6239.565,37.2
1453,SBT4050,1,5,3.3324306,-12.5,6243.037,37.3
1453,SBT4050,1,5,3.3316808,-12.499,6246.509,37.3
1453,SBT4050,1,5,3.3306556,-12.501,6249.981,37.3
1453,SBT4050,1,5,3.3295818,-12.499,6253.453,37.4
1453,SBT4050,1,5,3.3286758,-12.499,6256.926,37.5
1453,SBT4050,1,5,3.3278794,-12.499,6260.398,37.5
1453,SBT4050,1,5,3.3268662,-12.498,6263.87,37.5
1453,SBT4050,1,5,3.3259244,-12.498,6267.342,37.5
1453,SBT4050,1,5,3.3250542,-12.499,6270.814,37.6
1453,SBT4050,1,5,3.3242676,-12.499,6274.286,37.7
1453,SBT4050,1,5,3.3233132,-12.499,6277.758,37.7
1453,SBT4050,1,5,3.3222882,-12.499,6281.23,37.6
1453,SBT4050,1,5,3.3213892,-12.501,6284.702,37.7
1453,SBT4050,1,5,3.3205668,-12.499,6288.174,37.8
1453,SBT4050,1,5,3.3196342,-12.499,6291.646,37.7
1453,SBT4050,1,5,3.3185044,-12.499,6295.118,37.7
1453,SBT4050,1,5,3.3178132,-12.499,6298.59,37.8
1453,SBT4050,1,5,3.3168008,-12.501,6302.062,37.9
1453,SBT4050,1,5,3.3158354,-12.501,6305.534,37.9
1453,SBT4050,1,5,3.3150246,-12.499,6309.006,37.9
1453,SBT4050,1,5,3.3139042,-12.499,6312.478,37.9
1453,SBT4050,1,5,3.3131464,-12.501,6315.95,38
1453,SBT4050,1,5,3.3122524,-12.501,6319.422,38
1453,SBT4050,1,5,3.3113464,-12.499,6322.894,38
1453,SBT4050,1,5,3.3104602,-12.499,6326.366,38
1453,SBT4050,1,5,3.3096498,-12.499,6329.838,38.1
1453,SBT4050,1,5,3.3086026,-12.498,6333.31,38.2
1453,SBT4050,1,5,3.3078278,-12.498,6336.782,38.1
1453,SBT4050,1,5,3.3070874,-12.499,6340.254,38.2
1453,SBT4050,1,5,3.3058478,-12.499,6343.726,38.3
1453,SBT4050,1,5,3.3050226,-12.498,6347.198,38.4
1453,SBT4050,1,5,3.3042906,-12.498,6350.67,38.4
1453,SBT4050,1,5,3.3031106,-12.499,6354.142,38.3
1453,SBT4050,1,5,3.3023784,-12.501,6357.614,38.4
1453,SBT4050,1,5,3.3016394,-12.499,6361.086,38.5
1453,SBT4050,1,5,3.3004974,-12.499,6364.558,38.5
1453,SBT4050,1,5,3.2999014,-12.501,6368.03,38.5
1453,SBT4050,1,5,3.2988968,-12.499,6371.503,38.6
1453,SBT4050,1,5,3.2980146,-12.499,6374.975,38.7
1453,SBT4050,1,5,3.2970514,-12.499,6378.447,38.7
1453,SBT4050,1,5,3.2961702,-12.499,6381.919,38.7
1453,SBT4050,1,5,3.2950976,-12.499,6385.391,38.7
1453,SBT4050,1,5,3.294636,-12.5,6388.863,38.8
1453,SBT4050,1,5,3.2934918,-12.501,6392.335,38.9
1453,SBT4050,1,5,3.2926588,-12.498,6395.807,38.9
1453,SBT4050,1,5,3.2915742,-12.501,6399.279,38.9
1453,SBT4050,1,5,3.2909488,-12.499,6402.751,38.9
1453,SBT4050,1,5,3.2901782,-12.499,6406.223,39.1
1453,SBT4050,1,5,3.2893676,-12.499,6409.695,39
1453,SBT4050,1,5,3.2881522,-12.499,6413.167,39
1453,SBT4050,1,5,3.2874728,-12.499,6416.639,39
1453,SBT4050,1,5,3.2864694,-12.501,6420.111,39
1453,SBT4050,1,5,3.2855398,-12.499,6423.583,39
1453,SBT4050,1,5,3.284542,-12.498,6427.055,39
1453,SBT4050,1,5,3.2836088,-12.499,6430.527,38.9
1453,SBT4050,1,5,3.282715,-12.498,6433.999,38.9
1453,SBT4050,1,5,3.2817828,-12.502,6437.471,38.9
1453,SBT4050,1,5,3.2811986,-12.501,6440.943,39
1453,SBT4050,1,5,3.28013,-12.499,6444.415,38.9
1453,SBT4050,1,5,3.2794148,-12.501,6447.887,38.9
1453,SBT4050,1,5,3.2784696,-12.498,6451.359,39
1453,SBT4050,1,5,3.277683,-12.498,6454.831,39.1
1453,SBT4050,1,5,3.276722,-12.498,6458.303,39
1453,SBT4050,1,5,3.2756078,-12.502,6461.775,39
1453,SBT4050,1,5,3.274535,-12.501,6465.247,39.1
1453,SBT4050,1,5,3.2738742,-12.499,6468.719,39.2
1453,SBT4050,1,5,3.2731828,-12.499,6472.191,39.2
1453,SBT4050,1,5,3.2721344,-12.498,6475.663,39.1
1453,SBT4050,1,5,3.2713478,-12.499,6479.135,39.1
1453,SBT4050,1,5,3.2705424,-12.501,6482.607,39.2
1453,SBT4050,1,5,3.2695082,-12.499,6486.079,39.3
1453,SBT4050,1,5,3.2689242,-12.501,6489.551,39.3
1453,SBT4050,1,5,3.2678926,-12.498,6493.024,39.3
1453,SBT4050,1,5,3.2670344,-12.499,6496.496,39.3
1453,SBT4050,1,5,3.2661514,-12.501,6499.968,39.4
1453,SBT4050,1,5,3.2653052,-12.501,6503.44,39.4
1453,SBT4050,1,5,3.2644788,-12.501,6506.912,39.4
1453,SBT4050,1,5,3.2635202,-12.499,6510.384,39.3
1453,SBT4050,1,5,3.2625904,-12.499,6513.856,39.4
1453,SBT4050,1,5,3.2620246,-12.498,6517.328,39.5
1453,SBT4050,1,5,3.2609518,-12.499,6520.8,39.5
1453,SBT4050,1,5,3.2600914,-12.499,6524.272,39.3
1453,SBT4050,1,5,3.2591498,-12.498,6527.744,39.4
1453,SBT4050,1,5,3.258248,-12.499,6531.216,39.4
1453,SBT4050,1,5,3.2573778,-12.499,6534.688,39.5
1453,SBT4050,1,5,3.2564682,-12.499,6538.16,39.4
1453,SBT4050,1,5,3.255609,-12.499,6541.632,39.3
1453,SBT4050,1,5,3.2545838,-12.499,6545.104,39.3
1453,SBT4050,1,5,3.2535562,-12.501,6548.576,39.4
1453,SBT4050,1,5,3.252841,-12.498,6552.048,39.5
1453,SBT4050,1,5,3.25178,-12.499,6555.52,39.5
1453,SBT4050,1,5,3.250743,-12.5,6558.992,39.4
1453,SBT4050,1,5,3.2499296,-12.5,6562.464,39.4
1453,SBT4050,1,5,3.2492606,-12.5,6565.936,39.6
1453,SBT4050,1,5,3.2483188,-12.499,6569.408,39.6
1453,SBT4050,1,5,3.24756,-12.5,6572.881,39.5
1453,SBT4050,1,5,3.246511,-12.499,6576.353,39.5
1453,SBT4050,1,5,3.2455938,-12.499,6579.825,39.6
1453,SBT4050,1,5,3.2445806,-12.499,6583.297,39.7
1453,SBT4050,1,5,3.2437474,-12.497,6586.769,39.8
1453,SBT4050,1,5,3.242884,-12.5,6590.241,39.8
1453,SBT4050,1,5,3.24199,-12.499,6593.713,39.7
1453,SBT4050,1,5,3.2409118,-12.499,6597.185,39.7
1453,SBT4050,1,5,3.239994,-12.499,6600.657,39.8
1453,SBT4050,1,5,3.2390726,-12.497,6604.129,39.9
1453,SBT4050,1,5,3.2380236,-12.499,6607.601,39.9
1453,SBT4050,1,5,3.237147,-12.499,6611.073,39.8
1453,SBT4050,1,5,3.2361458,-12.499,6614.545,39.9
1453,SBT4050,1,5,3.2352718,-12.5,6618.017,40
1453,SBT4050,1,5,3.2346096,-12.5,6621.489,40
1453,SBT4050,1,5,3.2335488,-12.497,6624.961,40
1453,SBT4050,1,5,3.2327688,-12.5,6628.433,40
1453,SBT4050,1,5,3.2317912,-12.497,6631.905,40
1453,SBT4050,1,5,3.2307846,-12.499,6635.377,40
1453,SBT4050,1,5,3.2300098,-12.499,6638.849,40.1
1453,SBT4050,1,5,3.2288034,-12.5,6642.321,40.2
1453,SBT4050,1,5,3.227915,-12.5,6645.793,40.1
1453,SBT4050,1,5,3.2271402,-12.499,6649.265,40.2
1453,SBT4050,1,5,3.2259226,-12.499,6652.737,40.3
1453,SBT4050,1,5,3.2251834,-12.5,6656.21,40.3
1453,SBT4050,1,5,3.2240076,-12.499,6659.682,40.3
1453,SBT4050,1,5,3.223066,-12.5,6663.154,40.3
1453,SBT4050,1,5,3.2223884,-12.5,6666.626,40.3
1453,SBT4050,1,5,3.2210176,-12.499,6670.098,40.5
1453,SBT4050,1,5,3.2203728,-12.499,6673.57,40.6
1453,SBT4050,1,5,3.2191912,-12.497,6677.042,40.6
1453,SBT4050,1,5,3.2184878,-12.499,6680.514,40.5
1453,SBT4050,1,5,3.2175194,-12.499,6683.986,40.7
1453,SBT4050,1,5,3.2165182,-12.499,6687.458,40.8
1453,SBT4050,1,5,3.2154334,-12.499,6690.93,40.8
1453,SBT4050,1,5,3.21417,-12.5,6694.402,40.7
1453,SBT4050,1,5,3.213271,-12.499,6697.874,40.7
1453,SBT4050,1,5,3.212408,-12.499,6701.346,40.8
1453,SBT4050,1,5,3.211359,-12.497,6704.818,40.9
1453,SBT4050,1,5,3.2101996,-12.499,6708.29,41
1453,SBT4050,1,5,3.2095798,-12.499,6711.762,40.9
1453,SBT4050,1,5,3.2083654,-12.499,6715.234,40.9
1453,SBT4050,1,5,3.2074,-12.499,6718.706,41
1453,SBT4050,1,5,3.206213,-12.499,6722.178,41.1
1453,SBT4050,1,5,3.2050162,-12.5,6725.65,41.2
1453,SBT4050,1,5,3.2041698,-12.497,6729.122,41.1
1453,SBT4050,1,5,3.2030976,-12.5,6732.594,41.1
1453,SBT4050,1,5,3.2020726,-12.499,6736.066,41.2
1453,SBT4050,1,5,3.2011022,-12.499,6739.538,41.2
1453,SBT4050,1,5,3.1998982,-12.503,6743.01,41.2
1453,SBT4050,1,5,3.1989048,-12.5,6746.482,41.2
1453,SBT4050,1,5,3.1979632,-12.499,6749.954,41.1
1453,SBT4050,1,5,3.1966914,-12.499,6753.427,41.2
1453,SBT4050,1,5,3.1955624,-12.499,6756.899,41.3
1453,SBT4050,1,5,3.1944778,-12.501,6760.371,41.3
1453,SBT4050,1,5,3.1934592,-12.499,6763.843,41.3
1453,SBT4050,1,5,3.1922672,-12.498,6767.315,41.3
1453,SBT4050,1,5,3.1912062,-12.498,6770.787,41.3
1453,SBT4050,1,5,3.19005,-12.499,6774.259,41.5
1453,SBT4050,1,5,3.18907,-12.501,6777.731,41.5
1453,SBT4050,1,5,3.1877894,-12.501,6781.203,41.4
1453,SBT4050,1,5,3.1867882,-12.501,6784.675,41.4
1453,SBT4050,1,5,3.1855146,-12.499,6788.147,41.4
1453,SBT4050,1,5,3.184406,-12.5,6791.619,41.5
1453,SBT4050,1,5,3.1833112,-12.497,6795.091,41.6
1453,SBT4050,1,5,3.1820716,-12.501,6798.563,41.6
1453,SBT4050,1,5,3.180848,-12.5,6802.035,41.6
1453,SBT4050,1,5,3.1796528,-12.499,6805.507,41.6
1453,SBT4050,1,5,3.1784608,-12.499,6808.979,41.7
1453,SBT4050,1,5,3.1771484,-12.5,6812.451,41.8
1453,SBT4050,1,5,3.1760518,-12.499,6815.923,41.7
1453,SBT4050,1,5,3.1747822,-12.5,6819.395,41.7
1453,SBT4050,1,5,3.1734828,-12.5,6822.867,41.7
1453,SBT4050,1,5,3.1722968,-12.502,6826.339,41.7
1453,SBT4050,1,5,3.171069,-12.5,6829.811,41.8
1453,SBT4050,1,5,3.169815,-12.5,6833.283,41.9
1453,SBT4050,1,5,3.1686264,-12.5,6836.755,41.8
1453,SBT4050,1,5,3.1671246,-12.5,6840.227,41.8
1453,SBT4050,1,5,3.1659814,-12.5,6843.7,41.9
1453,SBT4050,1,5,3.1645032,-12.499,6847.172,42
1453,SBT4050,1,5,3.1634118,-12.499,6850.644,42.1
1453,SBT4050,1,5,3.1619576,-12.499,6854.116,42
1453,SBT4050,1,5,3.1605128,-12.499,6857.588,42
1453,SBT4050,1,5,3.1593,-12.5,6861.06,42.1
1453,SBT4050,1,5,3.1577504,-12.499,6864.532,42.2
1453,SBT4050,1,5,3.1565578,-12.5,6868.004,42.2
1453,SBT4050,1,5,3.154889,-12.5,6871.476,42.2
1453,SBT4050,1,5,3.1536596,-12.499,6874.948,42.2
1453,SBT4050,1,5,3.1523722,-12.499,6878.42,42.1
1453,SBT4050,1,5,3.1507926,-12.499,6881.892,42.2
1453,SBT4050,1,5,3.1491834,-12.499,6885.364,42.3
1453,SBT4050,1,5,3.14799,-12.499,6888.836,42.3
1453,SBT4050,1,5,3.146398,-12.502,6892.308,42.2
1453,SBT4050,1,5,3.1447172,-12.499,6895.78,42.3
1453,SBT4050,1,5,3.143151,-12.5,6899.252,42.4
1453,SBT4050,1,5,3.1419114,-12.499,6902.724,42.4
1453,SBT4050,1,5,3.1402298,-12.499,6906.196,42.4
1453,SBT4050,1,5,3.1385968,-12.5,6909.668,42.3
1453,SBT4050,1,5,3.1368156,-12.502,6913.14,42.3
1453,SBT4050,1,5,3.1353638,-12.497,6916.612,42.4
1453,SBT4050,1,5,3.1337546,-12.499,6920.084,42.5
1453,SBT4050,1,5,3.1321282,-12.499,6923.556,42.4
1453,SBT4050,1,5,3.1302328,-12.499,6927.028,42.4
1453,SBT4050,1,5,3.1288978,-12.501,6930.5,42.4
1453,SBT4050,1,5,3.127229,-12.502,6933.972,42.5
1453,SBT4050,1,5,3.1254274,-12.499,6937.445,42.6
1453,SBT4050,1,5,3.123626,-12.499,6940.917,42.6
1453,SBT4050,1,5,3.1215756,-12.498,6944.389,42.5
1453,SBT4050,1,5,3.1199866,-12.501,6947.861,42.6
1453,SBT4050,1,5,3.1181986,-12.501,6951.333,42.6
1453,SBT4050,1,5,3.11612,-12.499,6954.805,42.7
1453,SBT4050,1,5,3.1142844,-12.499,6958.277,42.7
1453,SBT4050,1,5,3.1122932,-12.5,6961.749,42.7
1453,SBT4050,1,5,3.1103026,-12.5,6965.222,42.7
1453,SBT4050,1,5,3.108224,-12.499,6968.694,42.8
1453,SBT4050,1,5,3.1062314,-12.5,6972.166,42.9
1453,SBT4050,1,5,3.1041454,-12.5,6975.638,42.9
1453,SBT4050,1,5,3.1022318,-12.5,6979.11,42.8
1453,SBT4050,1,5,3.0997882,-12.5,6982.582,42.9
1453,SBT4050,1,5,3.0979318,-12.499,6986.054,43
1453,SBT4050,1,5,3.0956074,-12.502,6989.526,43.1
1453,SBT4050,1,5,3.0933076,-12.499,6992.999,43.1
1453,SBT4050,1,5,3.0909402,-12.499,6996.471,43
1453,SBT4050,1,5,3.0886038,-12.499,6999.943,43
1453,SBT4050,1,5,3.0863248,-12.501,7003.415,43.2
1453,SBT4050,1,5,3.0838812,-12.5,7006.887,43.2
1453,SBT4050,1,5,3.0813308,-12.5,7010.359,43.2
1453,SBT4050,1,5,3.078601,-12.499,7013.831,43.2
1453,SBT4050,1,5,3.076143,-12.499,7017.303,43.2
1453,SBT4050,1,5,3.0735306,-12.499,7020.775,43.3
1453,SBT4050,1,5,3.070622,-12.499,7024.247,43.4
1453,SBT4050,1,5,3.0682222,-12.499,7027.719,43.4
1453,SBT4050,1,5,3.065135,-12.497,7031.191,43.4
1453,SBT4050,1,5,3.0626304,-12.5,7034.663,43.3
1453,SBT4050,1,5,3.0594836,-12.5,7038.136,43.4
1453,SBT4050,1,5,3.0567108,-12.499,7041.608,43.5
1453,SBT4050,1,5,3.0535878,-12.499,7045.08,43.5
1453,SBT4050,1,5,3.0504404,-12.499,7048.552,43.4
1453,SBT4050,1,5,3.0471018,-12.5,7052.024,43.5
1453,SBT4050,1,5,3.043776,-12.502,7055.496,43.5
1453,SBT4050,1,5,3.0405994,-12.5,7058.968,43.6
1453,SBT4050,1,5,3.0370474,-12.5,7062.44,43.5
1453,SBT4050,1,5,3.033544,-12.499,7065.913,43.4
1453,SBT4050,1,5,3.0300038,-12.497,7069.385,43.5
1453,SBT4050,1,5,3.0265356,-12.5,7072.857,43.6
1453,SBT4050,1,5,3.0226894,-12.5,7076.329,43.6
1453,SBT4050,1,5,3.0189346,-12.497,7079.801,43.6
1453,SBT4050,1,5,3.0150082,-12.5,7083.273,43.6
1453,SBT4050,1,5,3.0110508,-12.499,7086.745,43.7
1453,SBT4050,1,5,3.0070392,-12.499,7090.217,43.8
1453,SBT4050,1,5,3.0029386,-12.5,7093.69,43.7
1453,SBT4050,1,5,2.9986672,-12.499,7097.162,43.7
1453,SBT4050,1,5,2.9944578,-12.5,7100.634,43.7
1453,SBT4050,1,5,2.9899162,-12.5,7104.106,43.8
1453,SBT4050,1,5,2.9855522,-12.5,7107.578,43.9
1453,SBT4050,1,5,2.9807842,-12.502,7111.05,43.8
1453,SBT4050,1,5,2.9761152,-12.5,7114.522,43.8
1453,SBT4050,1,5,2.971383,-12.499,7117.994,43.9
1453,SBT4050,1,5,2.9665716,-12.499,7121.466,43.9
1453,SBT4050,1,5,2.9617202,-12.5,7124.939,44
1453,SBT4050,1,5,2.9566988,-12.497,7128.411,43.9
1453,SBT4050,1,5,2.9515488,-12.5,7131.883,44
1453,SBT4050,1,5,2.9460896,-12.5,7135.355,44
1453,SBT4050,1,5,2.9408572,-12.5,7138.827,44.1
1453,SBT4050,1,5,2.9354932,-12.499,7142.299,44
1453,SBT4050,1,5,2.9300514,-12.499,7145.771,44
1453,SBT4050,1,5,2.9245564,-12.5,7149.243,44
1453,SBT4050,1,5,2.9188686,-12.5,7152.716,44.1
1453,SBT4050,1,5,2.913214,-12.499,7156.188,44.2
1453,SBT4050,1,5,2.9073256,-12.499,7159.66,44.2
1453,SBT4050,1,5,2.9013,-12.5,7163.132,44.2
1453,SBT4050,1,5,2.8955428,-12.5,7166.604,44.3
1453,SBT4050,1,5,2.8895024,-12.501,7170.076,44.4
1453,SBT4050,1,5,2.8834114,-12.501,7173.548,44.4
1453,SBT4050,1,5,2.8770086,-12.499,7177.02,44.3
1453,SBT4050,1,5,2.870703,-12.499,7180.493,44.4
1453,SBT4050,1,5,2.8642574,-12.499,7183.965,44.5
1453,SBT4050,1,5,2.8579494,-12.499,7187.437,44.6
1453,SBT4050,1,5,2.8512744,-12.499,7190.909,44.6
1453,SBT4050,1,5,2.8444304,-12.497,7194.381,44.5
1453,SBT4050,1,5,2.8378388,-12.499,7197.853,44.6
1453,SBT4050,1,5,2.8308828,-12.501,7201.325,44.7
1453,SBT4050,1,5,2.8237546,-12.499,7204.797,44.8
1453,SBT4050,1,5,2.8167294,-12.501,7208.27,44.8
1453,SBT4050,1,5,2.8092838,-12.501,7211.742,44.9
1453,SBT4050,1,5,2.80212,-12.499,7215.214,44.9
1453,SBT4050,1,5,2.7945946,-12.499,7218.686,45
1453,SBT4050,1,5,2.7868468,-12.499,7222.158,45
1453,SBT4050,1,5,2.7786688,-12.501,7225.63,45
1453,SBT4050,1,5,2.7708256,-12.501,7229.102,45
1453,SBT4050,1,5,2.7624056,-12.501,7232.574,45.1
1453,SBT4050,1,5,2.7537778,-12.501,7236.047,45.2
1453,SBT4050,1,5,2.745279,-12.499,7239.519,45.1
1453,SBT4050,1,5,2.7360974,-12.499,7242.991,45.2
1453,SBT4050,1,5,2.7268594,-12.499,7246.463,45.3
1453,SBT4050,1,5,2.7174258,-12.502,7249.935,45.3
1453,SBT4050,1,5,2.707592,-12.499,7253.407,45.3
1453,SBT4050,1,5,2.6973256,-12.497,7256.879,45.3
1453,SBT4050,1,5,2.6868362,-12.501,7260.351,45.4
1453,SBT4050,1,5,2.6758674,-12.499,7263.823,45.5
1453,SBT4050,1,5,2.664762,-12.5,7267.295,45.5
1453,SBT4050,1,5,2.6531284,-12.501,7270.767,45.5
1453,SBT4050,1,5,2.6409744,-12.499,7274.239,45.6
1453,SBT4050,1,5,2.6281488,-12.499,7277.711,45.7
1453,SBT4050,1,5,2.6150214,-12.499,7281.184,45.8
1453,SBT4050,1,5,2.6013138,-12.499,7284.656,45.8
1453,SBT4050,1,5,2.5867168,-12.499,7288.128,45.9
1453,SBT4050,1,5,2.5717454,-12.498,7291.6,45.9
1453,SBT4050,1,5,2.5556538,-12.499,7295.072,46
1453,SBT4050,1,5,2.5390388,-12.501,7298.544,45.9
1453,SBT4050,1,5,2.521314,-12.499,7302.016,45.9
1453,SBT4050,1,5,2.502422,-12.499,7305.488,46
1453,SBT4050,1,5,2.4999786,-12.497,7305.929,
