1452,SBT4050,1,5,4.1726012,-0.0001,2216.8,
1452,SBT4050,1,5,4.1698716,-0.12701,2216.806,19
1452,SBT4050,1,5,4.1720768,-0.011,2216.836,19
1452,SBT4050,1,5,4.1728,0.006999,2216.839,19
1452,SBT4050,1,5,4.1726688,0.001,2216.839,19
1452,SBT4050,1,5,4.172728,0.007,2216.839,19
1452,SBT4050,1,5,4.1726324,0.003,2216.839,19
1452,SBT4050,1,5,4.1751364,0.11901,2216.839,19
1452,SBT4050,1,5,4.1746352,0.08701,2216.839,19
1452,SBT4050,1,5,4.16485,-0.40397,2216.856,19
1452,SBT4050,1,5,4.130308,-2.0499,2217.037,19
1452,SBT4050,1,5,4.0745312,-4.6151,2217.714,19.1
1452,SBT4050,1,5,4.0290604,-6.456,2219.073,19.1
1452,SBT4050,1,5,4.0070376,-7.062,2220.892,19
1452,SBT4050,1,5,3.9688316,-8.557,2222.916,19.1
1452,SBT4050,1,5,3.9499828,-8.999,2225.311,19.1
1452,SBT4050,1,5,3.9600796,-8.052,2227.771,19
1452,SBT4050,1,5,3.9563916,-7.96,2230.004,19
1452,SBT4050,1,5,3.9338736,-8.835,2232.252,19
1452,SBT4050,1,5,3.9392412,-8.193,2234.679,19.1
1452,SBT4050,1,5,3.9419592,-7.825,2236.939,19
1452,SBT4050,1,5,3.9421396,-7.616,2239.104,19
1452,SBT4050,1,5,3.9606408,-6.492,2241.173,19
1452,SBT4050,1,5,3.9953416,-4.6495,2242.899,19.1
1452,SBT4050,1,5,4.0384624,-2.5516,2244.103,19.1
1452,SBT4050,1,5,4.0887432,-0.24301,2244.715,19
1452,SBT4050,1,5,4.1249168,1.2259,2244.772,19.1
1452,SBT4050,1,5,4.1399992,1.6248,2244.772,19.1
1452,SBT4050,1,5,4.132298,0.942,2244.772,19
1452,SBT4050,1,5,4.1168564,-0.014,2244.773,19
1452,SBT4050,1,5,4.1023852,-0.8,2244.81,19.1
1452,SBT4050,1,5,4.1034568,-0.7259,2245.029,19.1
1452,SBT4050,1,5,4.1252956,0.33899,2245.2,19.1
1452,SBT4050,1,5,4.1641928,2.1679,2245.2,19
1452,SBT4050,1,5,4.2083188,4.0887,2245.2,19.1
1452,SBT4050,1,5,4.2446596,5.523,2245.2,19.1
1452,SBT4050,1,5,4.2691008,6.319,2245.2,19.1
1452,SBT4050,1,5,4.2666568,5.756,2245.2,19.1
1452,SBT4050,1,5,4.2529652,4.753,2245.2,19.2
1452,SBT4050,1,5,4.2272124,3.2551,2245.2,19.2
1452,SBT4050,1,5,4.2023696,1.9508,2245.2,19.1
1452,SBT4050,1,5,4.180134,0.8711,2245.2,19.1
1452,SBT4050,1,5,4.1655248,0.23398,2245.2,19.2
1452,SBT4050,1,5,4.1586744,-0.014,2245.2,19.2
1452,SBT4050,1,5,4.1573136,-0.004999,2245.204,19.1
1452,SBT4050,1,5,4.1561092,-0.013,2245.206,19.1
1452,SBT4050,1,5,4.155656,-0.001,2245.209,19.1
1452,SBT4050,1,5,4.1557384,0.007999,2245.209,19.2
1452,SBT4050,1,5,4.1546468,-0.011,2245.209,19.2
1452,SBT4050,1,5,4.141466,-0.648,2245.239,19.1
1452,SBT4050,1,5,4.1144544,-1.932,2245.473,19.1
1452,SBT4050,1,5,4.0837384,-3.2823,2246.066,19.2
1452,SBT4050,1,5,4.0354972,-5.455,2247.069,19.1
1452,SBT4050,1,5,3.9753592,-8.087,2248.695,19.1
1452,SBT4050,1,5,3.9370736,-9.43,2250.997,19.1
1452,SBT4050,1,5,3.911624,-10.158,2253.647,19.2
1452,SBT4050,1,5,3.87464,-11.505,2256.525,19.2
1452,SBT4050,1,5,3.849512,-12.216,2259.751,19.2
1452,SBT4050,1,5,3.8423536,-12.043,2263.136,19.2
1452,SBT4050,1,5,3.8380672,-11.828,2266.473,19.2
1452,SBT4050,1,5,3.8347056,-11.624,2269.75,19.2
1452,SBT4050,1,5,3.8409236,-10.961,2272.951,19.2
1452,SBT4050,1,5,3.8508532,-10.2,2275.964,19.2
1452,SBT4050,1,5,3.855226,-9.788,2278.78,19.2
1452,SBT4050,1,5,3.8505176,-9.87,2281.502,19.1
1452,SBT4050,1,5,3.8475508,-9.851,2284.243,19.1
1452,SBT4050,1,5,3.8670284,-8.64,2286.928,19.1
1452,SBT4050,1,5,3.897182,-7.005,2289.26,19.1
1452,SBT4050,1,5,3.9309648,-5.322,2291.136,19.1
1452,SBT4050,1,5,3.9743064,-3.213,2292.526,19.1
1452,SBT4050,1,5,4.0192192,-1.1912,2293.333,19.2
1452,SBT4050,1,5,4.0394236,-0.5319,2293.637,19.2
1452,SBT4050,1,5,4.0401904,-0.825,2293.797,19.2
1452,SBT4050,1,5,4.0404408,-1.0108,2294.034,19.2
1452,SBT4050,1,5,4.0422936,-1.0529,2294.316,19.2
1452,SBT4050,1,5,4.0493128,-0.8209,2294.599,19.3
1452,SBT4050,1,5,4.056632,-0.5737,2294.817,19.2
1452,SBT4050,1,5,4.0647364,-0.29898,2294.964,19.2
1452,SBT4050,1,5,4.0683956,-0.25402,2295.046,19.3
1452,SBT4050,1,5,4.057248,-0.9598,2295.146,19.3
1452,SBT4050,1,5,4.0362088,-2.1001,2295.46,19.3
1452,SBT4050,1,5,4.0157012,-3.079,2296.085,19.3
1452,SBT4050,1,5,3.9993584,-3.7738,2296.969,19.3
1452,SBT4050,1,5,3.975184,-4.8831,2298.064,19.3
1452,SBT4050,1,5,3.9406036,-6.469,2299.487,19.3
1452,SBT4050,1,5,3.8993592,-8.308,2301.361,19.4
1452,SBT4050,1,5,3.85932,-9.981,2303.738,19.4
1452,SBT4050,1,5,3.8206032,-11.536,2306.576,19.4
1452,SBT4050,1,5,3.7830676,-13.011,2309.842,19.4
1452,SBT4050,1,5,3.753982,-14.023,2313.499,19.4
1452,SBT4050,1,5,3.7322404,-14.676,2317.421,19.4
1452,SBT4050,1,5,3.7145912,-15.147,2321.518,19.4
1452,SBT4050,1,5,3.7119452,-14.848,2325.713,19.4
1452,SBT4050,1,5,3.735556,-13.223,2329.77,19.4
1452,SBT4050,1,5,3.7715316,-11.114,2333.355,19.4
1452,SBT4050,1,5,3.8216124,-8.426,2336.329,19.5
1452,SBT4050,1,5,3.8927416,-4.795,2338.517,19.5
1452,SBT4050,1,5,3.9636124,-1.4271,2339.708,19.5
1452,SBT4050,1,5,4.0129428,0.616,2340.045,19.4
1452,SBT4050,1,5,4.0559484,2.329,2340.045,19.5
1452,SBT4050,1,5,4.0838904,3.2327,2340.045,19.5
1452,SBT4050,1,5,4.09449,3.2494,2340.045,19.5
1452,SBT4050,1,5,4.1019692,3.2365,2340.045,19.5
1452,SBT4050,1,5,4.1102916,3.291,2340.045,19.5
1452,SBT4050,1,5,4.1227028,3.6467,2340.045,19.5
1452,SBT4050,1,5,4.1347128,3.9566,2340.045,19.6
1452,SBT4050,1,5,4.1431328,4.0899,2340.045,19.6
1452,SBT4050,1,5,4.14748,4.0256,2340.045,19.6
1452,SBT4050,1,5,4.1526068,4.0091,2340.045,19.6
1452,SBT4050,1,5,4.1533728,3.8051,2340.045,19.7
1452,SBT4050,1,5,4.157546,3.8262,2340.045,19.7
1452,SBT4050,1,5,4.1656392,4.067,2340.045,19.6
1452,SBT4050,1,5,4.1737108,4.2648,2340.045,19.7
1452,SBT4050,1,5,4.1783644,4.2978,2340.045,19.7
1452,SBT4050,1,5,4.178994,4.1433,2340.045,19.7
1452,SBT4050,1,5,4.1739628,3.696,2340.045,19.7
1452,SBT4050,1,5,4.1680676,3.2727,2340.045,19.7
1452,SBT4050,1,5,4.1724792,3.4219,2340.045,19.7
1452,SBT4050,1,5,4.1795824,3.7041,2340.045,19.7
1452,SBT4050,1,5,4.1953796,4.4095,2340.045,19.7
1452,SBT4050,1,5,4.2116792,5.107,2340.045,19.7
1452,SBT4050,1,5,4.2183656,5.251,2340.045,19.8
1452,SBT4050,1,5,4.2109736,4.6259,2340.045,19.8
1452,SBT4050,1,5,4.1946568,3.6511,2340.045,19.7
1452,SBT4050,1,5,4.172576,2.437,2340.045,19.7
1452,SBT4050,1,5,4.1521784,1.4098,2340.045,19.7
1452,SBT4050,1,5,4.1348548,0.5709,2340.045,19.8
1452,SBT4050,1,5,4.1227044,0.05299,2340.045,19.8
1452,SBT4050,1,5,4.1187588,-0.017991,2340.046,19.7
1452,SBT4050,1,5,4.1172144,-0.012999,2340.05,19.7
1452,SBT4050,1,5,4.1153004,-0.034998,2340.055,19.7
1452,SBT4050,1,5,4.1140132,-0.033004,2340.064,19.7
1452,SBT4050,1,5,4.1133564,-0.009999,2340.073,19.7
1452,SBT4050,1,5,4.1126768,-0.012,2340.076,19.7
1452,SBT4050,1,5,4.1112116,-0.06099,2340.081,19.8
1452,SBT4050,1,5,4.1024744,-0.48098,2340.115,19.8
1452,SBT4050,1,5,4.0713248,-2.0777,2340.316,19.7
1452,SBT4050,1,5,4.0170272,-4.7415,2341.005,19.8
1452,SBT4050,1,5,3.944934,-8.166,2342.466,19.8
1452,SBT4050,1,5,3.8651452,-11.79,2344.886,19.9
1452,SBT4050,1,5,3.7857208,-15.16,2348.302,19.8
1452,SBT4050,1,5,3.7307332,-17.116,2352.595,19.8
1452,SBT4050,1,5,3.7212684,-16.693,2357.331,19.8
1452,SBT4050,1,5,3.7400696,-14.992,2361.897,19.9
1452,SBT4050,1,5,3.7702416,-12.933,2365.975,19.8
1452,SBT4050,1,5,3.8048932,-10.808,2369.479,19.8
1452,SBT4050,1,5,3.8415904,-8.74,2372.394,19.8
1452,SBT4050,1,5,3.856884,-7.948,2374.789,19.9
1452,SBT4050,1,5,3.8658948,-7.496,2376.978,19.9
1452,SBT4050,1,5,3.8783632,-6.827,2379.032,19.8
1452,SBT4050,1,5,3.892446,-6.101,2380.898,19.8
1452,SBT4050,1,5,3.9008016,-5.701,2382.576,19.9
1452,SBT4050,1,5,3.9194332,-4.7416,2384.119,19.9
1452,SBT4050,1,5,3.9338932,-4.0752,2385.408,19.9
1452,SBT4050,1,5,3.92661,-4.6397,2386.564,19.8
1452,SBT4050,1,5,3.9093264,-5.59,2387.893,19.9
1452,SBT4050,1,5,3.8994804,-6.051,2389.465,20
1452,SBT4050,1,5,3.8785484,-7.08,2391.189,19.9
1452,SBT4050,1,5,3.8638152,-7.698,2393.181,19.9
1452,SBT4050,1,5,3.858686,-7.789,2395.324,19.9
1452,SBT4050,1,5,3.8699528,-7.007,2397.455,20
1452,SBT4050,1,5,3.8795248,-6.443,2399.377,20
1452,SBT4050,1,5,3.8932072,-5.666,2401.135,19.9
1452,SBT4050,1,5,3.9229236,-4.0649,2402.641,19.9
1452,SBT4050,1,5,3.9619576,-2.1148,2403.689,20
1452,SBT4050,1,5,3.9835804,-1.2659,2404.24,20
1452,SBT4050,1,5,4.0032772,-0.4841,2404.559,19.9
1452,SBT4050,1,5,4.0150272,-0.14598,2404.68,20
1452,SBT4050,1,5,4.0031664,-1.0679,2404.759,20
1452,SBT4050,1,5,3.9994676,-1.3731,2405.068,20
1452,SBT4050,1,5,3.9904676,-1.9622,2405.474,20
1452,SBT4050,1,5,3.991724,-1.8988,2406.017,20
1452,SBT4050,1,5,3.9909612,-1.9969,2406.548,20.1
1452,SBT4050,1,5,3.9973752,-1.6929,2407.09,20.1
1452,SBT4050,1,5,3.9811996,-2.6574,2407.601,20.1
1452,SBT4050,1,5,3.9821896,-2.5338,2408.334,20
1452,SBT4050,1,5,3.9798004,-2.6621,2409.043,20
1452,SBT4050,1,5,3.9828996,-2.4817,2409.775,20.1
1452,SBT4050,1,5,3.9810192,-2.6232,2410.47,20.1
1452,SBT4050,1,5,3.9943576,-1.8838,2411.168,20
1452,SBT4050,1,5,4.0191344,-0.5999,2411.637,20.1
1452,SBT4050,1,5,4.024892,-0.488,2411.799,20.1
1452,SBT4050,1,5,4.0222336,-0.7679,2411.946,20.1
1452,SBT4050,1,5,4.0332508,-0.259,2412.138,20.2
1452,SBT4050,1,5,3.9986112,-2.2669,2412.295,20.1
1452,SBT4050,1,5,3.9546604,-4.5591,2413.02,20.1
1452,SBT4050,1,5,3.9154548,-6.387,2414.363,20.1
1452,SBT4050,1,5,3.886958,-7.532,2416.186,20.2
1452,SBT4050,1,5,3.8555248,-8.867,2418.334,20.2
1452,SBT4050,1,5,3.8575604,-8.314,2420.774,20.1
1452,SBT4050,1,5,3.8570532,-8.072,2423.073,20.1
1452,SBT4050,1,5,3.8609988,-7.628,2425.297,20.1
1452,SBT4050,1,5,3.8655768,-7.228,2427.4,20.1
1452,SBT4050,1,5,3.8616908,-7.318,2429.411,20.1
1452,SBT4050,1,5,3.87031,-6.695,2431.418,20.1
1452,SBT4050,1,5,3.883732,-5.899,2433.244,20.1
1452,SBT4050,1,5,3.8987996,-5.074,2434.849,20.1
1452,SBT4050,1,5,3.9170492,-4.12,2436.218,20.2
1452,SBT4050,1,5,3.9193936,-4.1261,2437.363,20.1
1452,SBT4050,1,5,3.9207656,-4.1108,2438.509,20.1
1452,SBT4050,1,5,3.9295268,-3.6608,2439.632,20.1
1452,SBT4050,1,5,3.9258488,-3.9481,2440.661,20.1
1452,SBT4050,1,5,3.9080164,-4.9306,2441.798,20.1
1452,SBT4050,1,5,3.9030916,-5.107,2443.176,20.1
1452,SBT4050,1,5,3.9105416,-4.6094,2444.573,20.1
1452,SBT4050,1,5,3.89603,-5.422,2445.887,20.1
1452,SBT4050,1,5,3.8924352,-5.499,2447.397,20.1
1452,SBT4050,1,5,3.8939492,-5.331,2448.917,20
1452,SBT4050,1,5,3.8963672,-5.151,2450.39,20.1
1452,SBT4050,1,5,3.8814428,-5.948,2451.855,20.1
1452,SBT4050,1,5,3.8737528,-6.237,2453.519,20.1
1452,SBT4050,1,5,3.8753264,-6.027,2455.243,20.1
1452,SBT4050,1,5,3.884108,-5.462,2456.893,20.1
1452,SBT4050,1,5,3.9223056,-3.3353,2458.321,20.2
1452,SBT4050,1,5,3.945872,-2.2519,2459.202,20.2
1452,SBT4050,1,5,3.9548716,-2.0117,2459.818,20.1
1452,SBT4050,1,5,3.957804,-2.0161,2460.377,20.1
1452,SBT4050,1,5,3.9582952,-2.1468,2460.942,20.2
1452,SBT4050,1,5,3.9215096,-4.2728,2461.628,20.1
1452,SBT4050,1,5,3.9145884,-4.4849,2462.823,20.1
1452,SBT4050,1,5,3.922074,-3.9664,2464.047,20
1452,SBT4050,1,5,3.9239424,-3.8519,2465.144,20.1
1452,SBT4050,1,5,3.9309272,-3.4731,2466.198,20.1
1452,SBT4050,1,5,3.9320952,-3.4434,2467.162,20.1
1452,SBT4050,1,5,3.928808,-3.6386,2468.126,20.1
1452,SBT4050,1,5,3.9254228,-3.8121,2469.145,20.2
1452,SBT4050,1,5,3.9257796,-3.763,2470.201,20.2
1452,SBT4050,1,5,3.9193308,-4.1103,2471.261,20.2
1452,SBT4050,1,5,3.9386644,-2.9846,2472.356,20.1
1452,SBT4050,1,5,3.9329564,-3.3999,2473.202,20.1
1452,SBT4050,1,5,3.923134,-3.9431,2474.169,20.2
1452,SBT4050,1,5,3.9161188,-4.2615,2475.278,20.2
1452,SBT4050,1,5,3.90433,-4.8464,2476.486,20.1
1452,SBT4050,1,5,3.881244,-6.006,2477.881,20.1
1452,SBT4050,1,5,3.8905896,-5.251,2479.518,20.1
1452,SBT4050,1,5,3.9148776,-3.8325,2480.917,20.1
1452,SBT4050,1,5,3.9262524,-3.3131,2481.96,20.1
1452,SBT4050,1,5,3.9476492,-2.2243,2482.835,20.1
1452,SBT4050,1,5,3.958442,-1.8279,2483.436,20.2
1452,SBT4050,1,5,3.9587516,-1.9598,2483.949,20.2
1452,SBT4050,1,5,3.9384108,-3.1929,2484.545,20.1
1452,SBT4050,1,5,3.939412,-3.0725,2485.427,20.1
1452,SBT4050,1,5,3.935562,-3.2809,2486.29,20.1
1452,SBT4050,1,5,3.9356216,-3.2439,2487.199,20.2
1452,SBT4050,1,5,3.9301696,-3.5528,2488.113,20.2
1452,SBT4050,1,5,3.9297036,-3.5293,2489.099,20.1
1452,SBT4050,1,5,3.9202988,-4.0161,2490.1,20.1
1452,SBT4050,1,5,3.9220612,-3.8427,2491.208,20.1
1452,SBT4050,1,5,3.9347796,-3.1022,2492.245,20.2
1452,SBT4050,1,5,3.9324356,-3.2827,2493.114,20.1
1452,SBT4050,1,5,3.9342832,-3.184,2494.022,20.1
1452,SBT4050,1,5,3.9441504,-2.6562,2494.884,20.1
1452,SBT4050,1,5,3.9416476,-2.8538,2495.63,20.2
1452,SBT4050,1,5,3.9274988,-3.6568,2496.457,20.1
1452,SBT4050,1,5,3.932906,-3.2768,2497.456,20.1
1452,SBT4050,1,5,3.9361364,-3.0983,2498.359,20.1
1452,SBT4050,1,5,3.9296808,-3.4789,2499.236,20.1
1452,SBT4050,1,5,3.9233872,-3.7762,2500.215,20.2
1452,SBT4050,1,5,3.9167212,-4.0728,2501.276,20.1
1452,SBT4050,1,5,3.9188312,-3.8774,2502.399,20.1
1452,SBT4050,1,5,3.928754,-3.295,2503.452,20.1
1452,SBT4050,1,5,3.9233836,-3.6049,2504.38,20.2
1452,SBT4050,1,5,3.9267332,-3.4165,2505.374,20.2
1452,SBT4050,1,5,3.9338424,-3.0027,2506.305,20.1
1452,SBT4050,1,5,3.9189068,-3.8822,2507.176,20.1
1452,SBT4050,1,5,3.9161932,-3.938,2508.257,20.1
1452,SBT4050,1,5,3.9195308,-3.6926,2509.34,20.2
1452,SBT4050,1,5,3.9133664,-4.0128,2510.38,20.1
1452,SBT4050,1,5,3.9264276,-3.237,2511.462,20.1
1452,SBT4050,1,5,3.9446656,-2.283,2512.321,20.1
1452,SBT4050,1,5,3.9419484,-2.5629,2512.967,20
1452,SBT4050,1,5,3.9387776,-2.7872,2513.688,20
1452,SBT4050,1,5,3.9350428,-2.9957,2514.471,20
1452,SBT4050,1,5,3.9227176,-3.6629,2515.331,20
1452,SBT4050,1,5,3.9162952,-3.9189,2516.36,20
1452,SBT4050,1,5,3.9081,-4.2966,2517.464,20
1452,SBT4050,1,5,3.9076472,-4.2126,2518.654,20
1452,SBT4050,1,5,3.9157216,-3.7079,2519.803,20.1
1452,SBT4050,1,5,3.9124556,-3.8837,2520.84,20.1
1452,SBT4050,1,5,3.9046296,-4.2698,2521.935,20
1452,SBT4050,1,5,3.9070968,-4.0642,2523.112,20
1452,SBT4050,1,5,3.8960476,-4.6276,2524.265,20
1452,SBT4050,1,5,3.8697044,-5.978,2525.607,20.1
1452,SBT4050,1,5,3.8574992,-6.424,2527.286,20
1452,SBT4050,1,5,3.8518488,-6.527,2529.075,20
1452,SBT4050,1,5,3.8361028,-7.234,2530.917,20.1
1452,SBT4050,1,5,3.8328928,-7.19,2532.925,20.1
1452,SBT4050,1,5,3.8367312,-6.805,2534.906,20
1452,SBT4050,1,5,3.83202,-6.969,2536.803,20
1452,SBT4050,1,5,3.8302676,-6.933,2538.737,20
1452,SBT4050,1,5,3.8255372,-7.07,2540.669,20
1452,SBT4050,1,5,3.8254956,-6.97,2542.629,20
1452,SBT4050,1,5,3.8298944,-6.604,2544.549,20
1452,SBT4050,1,5,3.8298628,-6.546,2546.382,20
1452,SBT4050,1,5,3.8262272,-6.708,2548.207,20
1452,SBT4050,1,5,3.7990968,-8.123,2550.13,20
1452,SBT4050,1,5,3.766258,-9.725,2552.453,19.9
1452,SBT4050,1,5,3.7238884,-11.784,2555.241,19.9
1452,SBT4050,1,5,3.71388,-11.884,2558.519,19.9
1452,SBT4050,1,5,3.7352756,-10.357,2561.756,19.9
1452,SBT4050,1,5,3.7735076,-8.087,2564.537,19.9
1452,SBT4050,1,5,3.8079556,-6.226,2566.705,19.9
1452,SBT4050,1,5,3.8457888,-4.2915,2568.353,19.9
1452,SBT4050,1,5,3.849472,-4.3811,2569.549,19.9
1452,SBT4050,1,5,3.8282364,-5.727,2570.823,20
1452,SBT4050,1,5,3.8367112,-5.19,2572.391,20
1452,SBT4050,1,5,3.85061,-4.46,2573.802,20.1
1452,SBT4050,1,5,3.8657928,-3.706,2575.009,20.1
1452,SBT4050,1,5,3.8806808,-3.0382,2576.011,20.1
1452,SBT4050,1,5,3.8883652,-2.7844,2576.844,20.1
1452,SBT4050,1,5,3.8786148,-3.4891,2577.647,20.1
1452,SBT4050,1,5,3.8637128,-4.3764,2578.653,20.1
1452,SBT4050,1,5,3.8515664,-5.008,2579.896,20.1
1452,SBT4050,1,5,3.8335848,-5.94,2581.326,20.1
1452,SBT4050,1,5,3.8127436,-6.948,2583.018,20.1
1452,SBT4050,1,5,3.789214,-8.051,2584.994,20.1
1452,SBT4050,1,5,3.759476,-9.454,2587.29,20.1
1452,SBT4050,1,5,3.7304992,-10.732,2589.969,20.1
1452,SBT4050,1,5,3.705084,-11.799,2592.995,20.1
1452,SBT4050,1,5,3.6792896,-12.881,2596.318,20.2
1452,SBT4050,1,5,3.6611044,-13.5,2599.921,20.2
1452,SBT4050,1,5,3.6849924,-11.732,2603.597,20.1
1452,SBT4050,1,5,3.740336,-8.46,2606.719,20.1
1452,SBT4050,1,5,3.7942152,-5.567,2608.947,20.2
1452,SBT4050,1,5,3.823514,-4.251,2610.438,20.2
1452,SBT4050,1,5,3.8308524,-4.1447,2611.615,20.1
1452,SBT4050,1,5,3.8058568,-5.793,2612.835,20.1
1452,SBT4050,1,5,3.7485636,-9.035,2614.58,20.2
1452,SBT4050,1,5,3.7026844,-11.258,2617.184,20.2
1452,SBT4050,1,5,3.6904448,-11.509,2620.322,20.2
1452,SBT4050,1,5,3.7044868,-10.376,2623.472,20.2
1452,SBT4050,1,5,3.7137128,-9.714,2626.326,20.3
1452,SBT4050,1,5,3.7281908,-8.826,2628.987,20.3
1452,SBT4050,1,5,3.758968,-7.061,2631.365,20.2
1452,SBT4050,1,5,3.7803584,-5.987,2633.282,20.2
1452,SBT4050,1,5,3.7934348,-5.416,2634.921,20.3
1452,SBT4050,1,5,3.8136212,-4.412,2636.383,20.3
1452,SBT4050,1,5,3.8445584,-2.8488,2637.543,20.3
1452,SBT4050,1,5,3.865454,-1.989,2638.299,20.3
1452,SBT4050,1,5,3.8969828,-0.485,2638.788,20.3
1452,SBT4050,1,5,3.9356252,1.329,2638.902,20.3
1452,SBT4050,1,5,3.9736796,3.0308,2638.902,20.4
1452,SBT4050,1,5,4.0004452,4.0026,2638.902,20.3
1452,SBT4050,1,5,4.0123444,4.1497,2638.902,20.3
1452,SBT4050,1,5,3.9947664,2.6595,2638.902,20.4
1452,SBT4050,1,5,3.9743312,1.2549,2638.902,20.4
1452,SBT4050,1,5,3.952552,-0.11499,2638.907,20.3
1452,SBT4050,1,5,3.9190448,-2.0538,2639.021,20.3
1452,SBT4050,1,5,3.8898264,-3.5929,2639.656,20.4
1452,SBT4050,1,5,3.8668564,-4.6866,2640.7,20.4
1452,SBT4050,1,5,3.8408692,-5.934,2642.054,20.4
1452,SBT4050,1,5,3.8113552,-7.334,2643.761,20.3
1452,SBT4050,1,5,3.800586,-7.555,2645.807,20.4
1452,SBT4050,1,5,3.7915924,-7.761,2647.915,20.4
1452,SBT4050,1,5,3.8110464,-6.363,2650.012,20.4
1452,SBT4050,1,5,3.8287484,-5.266,2651.733,20.4
1452,SBT4050,1,5,3.8486912,-4.113,2653.148,20.4
1452,SBT4050,1,5,3.8731348,-2.8121,2654.235,20.4
1452,SBT4050,1,5,3.8991088,-1.484,2654.961,20.5
1452,SBT4050,1,5,3.9043412,-1.4499,2655.372,20.5
1452,SBT4050,1,5,3.9094784,-1.3257,2655.769,20.5
1452,SBT4050,1,5,3.9069276,-1.6261,2656.15,20.4
1452,SBT4050,1,5,3.8840436,-3.0471,2656.661,20.5
1452,SBT4050,1,5,3.86931,-3.8125,2657.54,20.5
1452,SBT4050,1,5,3.8533288,-4.6115,2658.633,20.5
1452,SBT4050,1,5,3.8288328,-5.869,2659.966,20.5
1452,SBT4050,1,5,3.8170488,-6.292,2661.614,20.4
1452,SBT4050,1,5,3.8134368,-6.255,2663.36,20.5
1452,SBT4050,1,5,3.8010732,-6.784,2665.12,20.5
1452,SBT4050,1,5,3.7944132,-6.969,2667.012,20.5
1452,SBT4050,1,5,3.7972024,-6.605,2668.933,20.4
1452,SBT4050,1,5,3.8103896,-5.725,2670.731,20.3
1452,SBT4050,1,5,3.804918,-6.011,2672.333,20.4
1452,SBT4050,1,5,3.8035456,-6.011,2674.002,20.4
1452,SBT4050,1,5,3.8093152,-5.586,2675.654,20.3
1452,SBT4050,1,5,3.8026592,-5.937,2677.22,20.3
1452,SBT4050,1,5,3.7851256,-6.867,2678.908,20.4
1452,SBT4050,1,5,3.7886304,-6.483,2680.8,20.4
1452,SBT4050,1,5,3.7864492,-6.519,2682.602,20.4
1452,SBT4050,1,5,3.796808,-5.831,2684.384,20.4
1452,SBT4050,1,5,3.8086088,-5.127,2685.975,20.5
1452,SBT4050,1,5,3.8247848,-4.2434,2687.361,20.5
1452,SBT4050,1,5,3.844972,-3.1949,2688.496,20.5
1452,SBT4050,1,5,3.8518108,-2.9757,2689.374,20.4
1452,SBT4050,1,5,3.8376016,-3.9289,2690.241,20.4
1452,SBT4050,1,5,3.8472084,-3.3571,2691.308,20.4
1452,SBT4050,1,5,3.8500812,-3.2756,2692.237,20.4
1452,SBT4050,1,5,3.8303368,-4.4761,2693.198,20.4
1452,SBT4050,1,5,3.8300508,-4.3979,2694.438,20.4
1452,SBT4050,1,5,3.8361248,-4.002,2695.643,20.4
1452,SBT4050,1,5,3.821022,-4.8856,2696.791,20.5
1452,SBT4050,1,5,3.8049884,-5.704,2698.183,20.4
1452,SBT4050,1,5,3.8067208,-5.439,2699.756,20.5
1452,SBT4050,1,5,3.8000096,-5.751,2701.28,20.5
1452,SBT4050,1,5,3.7788844,-6.852,2702.923,20.6
1452,SBT4050,1,5,3.7821388,-6.443,2704.81,20.6
1452,SBT4050,1,5,3.7866624,-6.072,2706.584,20.5
1452,SBT4050,1,5,3.7925032,-5.672,2708.254,20.5
1452,SBT4050,1,5,3.7913544,-5.712,2709.831,20.5
1452,SBT4050,1,5,3.7990192,-5.221,2711.397,20.5
1452,SBT4050,1,5,3.7975052,-5.327,2712.851,20.5
1452,SBT4050,1,5,3.807062,-4.7272,2714.306,20.4
1452,SBT4050,1,5,3.7950104,-5.475,2715.65,20.5
1452,SBT4050,1,5,3.7856864,-5.94,2717.191,20.5
1452,SBT4050,1,5,3.7834336,-5.96,2718.842,20.5
1452,SBT4050,1,5,3.769512,-6.663,2720.527,20.4
1452,SBT4050,1,5,3.7640344,-6.849,2722.386,20.5
1452,SBT4050,1,5,3.7707932,-6.321,2724.266,20.5
1452,SBT4050,1,5,3.7868904,-5.345,2725.981,20.5
1452,SBT4050,1,5,3.7949724,-4.925,2727.448,20.5
1452,SBT4050,1,5,3.803404,-4.4743,2728.797,20.4
1452,SBT4050,1,5,3.781566,-5.816,2730.096,20.5
1452,SBT4050,1,5,3.7729428,-6.19,2731.728,20.5
1452,SBT4050,1,5,3.7656356,-6.501,2733.46,20.4
1452,SBT4050,1,5,3.7883228,-5.066,2735.206,20.4
1452,SBT4050,1,5,3.8090092,-3.9427,2736.566,20.5
1452,SBT4050,1,5,3.8418976,-2.191,2737.588,20.5
1452,SBT4050,1,5,3.8625548,-1.2649,2738.157,20.5
1452,SBT4050,1,5,3.8661668,-1.3388,2738.512,20.4
1452,SBT4050,1,5,3.84104,-2.994,2738.953,20.5
1452,SBT4050,1,5,3.8320284,-3.4867,2739.805,20.5
1452,SBT4050,1,5,3.808256,-4.8257,2740.83,20.5
1452,SBT4050,1,5,3.8084016,-4.6429,2742.163,20.4
1452,SBT4050,1,5,3.8139924,-4.2404,2743.436,20.4
1452,SBT4050,1,5,3.8387428,-2.793,2744.553,20.5
1452,SBT4050,1,5,3.8444644,-2.6198,2745.321,20.5
1452,SBT4050,1,5,3.8648272,-1.5301,2746.003,20.4
1452,SBT4050,1,5,3.8539204,-2.362,2746.463,20.5
1452,SBT4050,1,5,3.8535164,-2.4198,2747.122,20.5
1452,SBT4050,1,5,3.8474444,-2.8142,2747.811,20.5
1452,SBT4050,1,5,3.8446192,-2.9837,2748.599,20.5
1452,SBT4050,1,5,3.8307448,-3.77,2749.461,20.5
1452,SBT4050,1,5,3.8310072,-3.6847,2750.505,20.5
1452,SBT4050,1,5,3.8301304,-3.6665,2751.528,20.5
1452,SBT4050,1,5,3.8250404,-3.9287,2752.557,20.5
1452,SBT4050,1,5,3.8250704,-3.8749,2753.646,20.4
1452,SBT4050,1,5,3.8403168,-2.9357,2754.683,20.5
1452,SBT4050,1,5,3.840908,-2.995,2755.501,20.5
1452,SBT4050,1,5,3.8453732,-2.7732,2756.324,20.4
1452,SBT4050,1,5,3.8376728,-3.2431,2757.114,20.4
1452,SBT4050,1,5,3.839432,-3.1269,2758.01,20.5
1452,SBT4050,1,5,3.8290616,-3.7202,2758.903,20.5
1452,SBT4050,1,5,3.8508976,-2.3848,2759.881,20.5
1452,SBT4050,1,5,3.875108,-1.0999,2760.489,20.5
1452,SBT4050,1,5,3.8846176,-0.76,2760.781,20.4
1452,SBT4050,1,5,3.8916312,-0.5241,2760.982,20.4
1452,SBT4050,1,5,3.8970072,-0.36999,2761.121,20.5
1452,SBT4050,1,5,3.8802744,-1.4949,2761.271,20.5
1452,SBT4050,1,5,3.8579716,-2.7697,2761.74,20.4
1452,SBT4050,1,5,3.8486712,-3.1989,2762.527,20.4
1452,SBT4050,1,5,3.8358928,-3.823,2763.442,20.4
1452,SBT4050,1,5,3.826316,-4.2273,2764.521,20.5
1452,SBT4050,1,5,3.8254548,-4.1284,2765.691,20.5
1452,SBT4050,1,5,3.819018,-4.4013,2766.849,20.4
1452,SBT4050,1,5,3.8195188,-4.2468,2768.065,20.4
1452,SBT4050,1,5,3.8158592,-4.3709,2769.25,20.4
1452,SBT4050,1,5,3.8255488,-3.7376,2770.438,20.5
1452,SBT4050,1,5,3.8162748,-4.253,2771.498,20.5
1452,SBT4050,1,5,3.8137672,-4.3048,2772.681,20.5
1452,SBT4050,1,5,3.8181896,-3.9713,2773.863,20.4
1452,SBT4050,1,5,3.817702,-3.9749,2774.966,20.5
1452,SBT4050,1,5,3.8164612,-3.9881,2776.071,20.5
1452,SBT4050,1,5,3.8182612,-3.848,2777.173,20.4
1452,SBT4050,1,5,3.8171844,-3.8747,2778.243,20.5
1452,SBT4050,1,5,3.8096148,-4.2707,2779.336,20.5
1452,SBT4050,1,5,3.820062,-3.6051,2780.494,20.5
1452,SBT4050,1,5,3.8280724,-3.1441,2781.476,20.4
1452,SBT4050,1,5,3.8576676,-1.4886,2782.28,20.4
1452,SBT4050,1,5,3.8844832,-0.18299,2782.639,20.4
1452,SBT4050,1,5,3.9115468,1.0981,2782.682,20.4
1452,SBT4050,1,5,3.9405172,2.432,2782.682,20.4
1452,SBT4050,1,5,3.9570296,2.9909,2782.682,20.3
1452,SBT4050,1,5,3.9696924,3.3647,2782.682,20.3
1452,SBT4050,1,5,3.9876596,4.0542,2782.682,20.4
1452,SBT4050,1,5,3.999788,4.4175,2782.682,20.3
1452,SBT4050,1,5,3.9880164,3.403,2782.682,20.3
1452,SBT4050,1,5,3.9929992,3.5236,2782.682,20.3
1452,SBT4050,1,5,4.000984,3.7874,2782.682,20.3
1452,SBT4050,1,5,4.0045968,3.7914,2782.682,20.3
1452,SBT4050,1,5,4.0151184,4.2076,2782.682,20.3
1452,SBT4050,1,5,4.032692,5.007,2782.682,20.3
1452,SBT4050,1,5,4.0367136,4.968,2782.682,20.3
1452,SBT4050,1,5,4.0417212,5.024,2782.682,20.4
1452,SBT4050,1,5,4.0415392,4.833,2782.682,20.4
1452,SBT4050,1,5,4.0340408,4.215,2782.682,20.3
1452,SBT4050,1,5,4.0232152,3.4789,2782.682,20.4
1452,SBT4050,1,5,4.0235652,3.4568,2782.682,20.4
1452,SBT4050,1,5,4.0129784,2.7536,2782.682,20.3
1452,SBT4050,1,5,4.0000176,1.9949,2782.682,20.3
1452,SBT4050,1,5,3.9909804,1.5036,2782.682,20.3
1452,SBT4050,1,5,3.98862,1.4269,2782.682,20.3
1452,SBT4050,1,5,3.9770008,0.774,2782.682,20.3
1452,SBT4050,1,5,3.9658056,0.20499,2782.682,20.3
1452,SBT4050,1,5,3.960676,-0.013001,2782.683,20.3
1452,SBT4050,1,5,3.9591384,-0.017002,2782.687,20.4
1452,SBT4050,1,5,3.9576388,-0.041003,2782.692,20.4
1452,SBT4050,1,5,3.9570072,-0.044999,2782.704,20.3
1452,SBT4050,1,5,3.956526,-0.05301,2782.717,20.3
1452,SBT4050,1,5,3.9557868,-0.056,2782.732,20.3
1452,SBT4050,1,5,3.9504936,-0.333,2782.759,20.2
1452,SBT4050,1,5,3.9315892,-1.3299,2782.893,20.2
1452,SBT4050,1,5,3.899178,-3.023,2783.334,20.2
1452,SBT4050,1,5,3.8579612,-5.092,2784.26,20.2
1452,SBT4050,1,5,3.8164188,-7.014,2785.755,20.2
1452,SBT4050,1,5,3.7900656,-8.011,2787.745,20.2
1452,SBT4050,1,5,3.792724,-7.393,2789.944,20.3
1452,SBT4050,1,5,3.8223112,-5.407,2791.914,20.3
1452,SBT4050,1,5,3.865886,-2.8343,2793.308,20.3
1452,SBT4050,1,5,3.9143416,-0.22098,2793.986,20.3
1452,SBT4050,1,5,3.9623844,2.2003,2794.038,20.3
1452,SBT4050,1,5,3.98921,3.305,2794.038,20.3
1452,SBT4050,1,5,3.9950664,3.2313,2794.038,20.3
1452,SBT4050,1,5,3.9832752,2.2718,2794.038,20.3
1452,SBT4050,1,5,3.9544312,0.5059,2794.038,20.3
1452,SBT4050,1,5,3.9110728,-1.9271,2794.119,20.3
1452,SBT4050,1,5,3.860698,-4.5153,2794.763,20.3
1452,SBT4050,1,5,3.8162952,-6.611,2796.105,20.3
1452,SBT4050,1,5,3.789272,-7.657,2797.985,20.3
1452,SBT4050,1,5,3.7828924,-7.554,2800.108,20.3
1452,SBT4050,1,5,3.8049564,-5.954,2802.139,20.3
1452,SBT4050,1,5,3.8519736,-3.1548,2803.676,20.2
1452,SBT4050,1,5,3.9049948,-0.27799,2804.431,20.2
1452,SBT4050,1,5,3.9560988,2.287,2804.497,20.2
1452,SBT4050,1,5,3.9932816,3.9418,2804.497,20.3
1452,SBT4050,1,5,4.0060388,4.1858,2804.497,20.2
1452,SBT4050,1,5,3.9971972,3.3062,2804.497,20.2
1452,SBT4050,1,5,3.9814832,2.1917,2804.497,20.2
1452,SBT4050,1,5,3.9636324,1.096,2804.497,20.2
1452,SBT4050,1,5,3.9474892,0.15799,2804.497,20.3
1452,SBT4050,1,5,3.9327692,-0.622,2804.523,20.2
1452,SBT4050,1,5,3.9088044,-1.874,2804.748,20.2
1452,SBT4050,1,5,3.8734488,-3.6951,2805.345,20.2
1452,SBT4050,1,5,3.8307844,-5.79,2806.459,20.2
1452,SBT4050,1,5,3.794582,-7.383,2808.135,20.2
1452,SBT4050,1,5,3.778484,-7.814,2810.204,20.2
1452,SBT4050,1,5,3.785958,-6.984,2812.34,20.2
1452,SBT4050,1,5,3.8200444,-4.83,2814.189,20.2
1452,SBT4050,1,5,3.8735468,-1.7652,2815.403,20.2
1452,SBT4050,1,5,3.9256344,0.929,2815.819,20.2
1452,SBT4050,1,5,3.966926,2.8901,2815.819,20.2
1452,SBT4050,1,5,3.9905808,3.75,2815.819,20.2
1452,SBT4050,1,5,3.9957712,3.6403,2815.819,20.1
1452,SBT4050,1,5,3.9846116,2.6891,2815.819,20.2
1452,SBT4050,1,5,3.9622076,1.2659,2815.819,20.2
1452,SBT4050,1,5,3.9358252,-0.25597,2815.83,20.2
1452,SBT4050,1,5,3.9036248,-1.9732,2815.973,20.2
1452,SBT4050,1,5,3.8644268,-3.9446,2816.603,20.2
1452,SBT4050,1,5,3.8215024,-6.019,2817.786,20.3
1452,SBT4050,1,5,3.777938,-8.033,2819.543,20.3
1452,SBT4050,1,5,3.7597,-8.522,2821.795,20.2
1452,SBT4050,1,5,3.7843536,-6.674,2824.084,20.2
1452,SBT4050,1,5,3.8361468,-3.5775,2825.808,20.3
1452,SBT4050,1,5,3.8945992,-0.41896,2826.67,20.2
1452,SBT4050,1,5,3.959662,2.9191,2826.768,20.2
1452,SBT4050,1,5,4.0041212,4.8683,2826.768,20.2
1452,SBT4050,1,5,4.0089916,4.5828,2826.768,20.2
1452,SBT4050,1,5,3.9919784,3.2298,2826.768,20.2
1452,SBT4050,1,5,3.971334,1.8782,2826.768,20.2
1452,SBT4050,1,5,3.9532356,0.806,2826.768,20.1
1452,SBT4050,1,5,3.941128,0.12798,2826.768,20.1
1452,SBT4050,1,5,3.9376256,-0.031002,2826.77,20.2
1452,SBT4050,1,5,3.9370176,-0.06401,2826.78,20.2
1452,SBT4050,1,5,3.9368556,-0.05199,2826.797,20.1
1452,SBT4050,1,5,3.9372608,-0.05399,2826.812,20
1452,SBT4050,1,5,3.9374136,-0.040002,2826.826,20.1
1452,SBT4050,1,5,3.9371868,-0.08599,2826.839,20.1
1452,SBT4050,1,5,3.925308,-0.746,2826.891,20.1
1452,SBT4050,1,5,3.8933268,-2.4781,2827.17,20.1
1452,SBT4050,1,5,3.8505512,-4.6459,2827.95,20.1
1452,SBT4050,1,5,3.8012004,-7.018,2829.34,20.2
1452,SBT4050,1,5,3.7250784,-10.786,2831.447,20.2
1452,SBT4050,1,5,3.6672712,-13.286,2834.548,20.1
1452,SBT4050,1,5,3.6434552,-13.851,2838.262,20.1
1452,SBT4050,1,5,3.6037964,-15.476,2842.178,20.1
1452,SBT4050,1,5,3.5424556,-18.279,2846.594,20.2
1452,SBT4050,1,5,3.5353364,-17.858,2851.654,20.2
1452,SBT4050,1,5,3.5633908,-15.634,2856.521,20.1
1452,SBT4050,1,5,3.5967192,-13.407,2860.771,20.1
1452,SBT4050,1,5,3.661616,-9.545,2864.333,20.1
1452,SBT4050,1,5,3.7736044,-3.3018,2866.722,20.1
1452,SBT4050,1,5,3.8619496,1.1052,2867.501,20
1452,SBT4050,1,5,3.9118212,3.2062,2867.501,20
1452,SBT4050,1,5,3.945336,4.4342,2867.501,20.1
1452,SBT4050,1,5,3.9741656,5.471,2867.501,20.1
1452,SBT4050,1,5,3.9838344,5.434,2867.501,20.1
1452,SBT4050,1,5,3.987338,5.161,2867.501,20.1
1452,SBT4050,1,5,3.9970548,5.311,2867.501,20.1
1452,SBT4050,1,5,4.0007432,5.153,2867.501,20.2
1452,SBT4050,1,5,4.001256,4.861,2867.501,20.2
1452,SBT4050,1,5,3.9962456,4.3165,2867.501,20.2
1452,SBT4050,1,5,3.9869104,3.5568,2867.501,20.1
1452,SBT4050,1,5,3.9688028,2.387,2867.501,20.2
1452,SBT4050,1,5,3.9521012,1.396,2867.501,20.2
1452,SBT4050,1,5,3.9387604,0.6379,2867.501,20.3
1452,SBT4050,1,5,3.9289464,0.14198,2867.501,20.2
1452,SBT4050,1,5,3.9252912,-0.033,2867.502,20.2
1452,SBT4050,1,5,3.9242644,-0.05201,2867.512,20.2
1452,SBT4050,1,5,3.9241928,-0.05599,2867.527,20.3
1452,SBT4050,1,5,3.9240496,-0.06098,2867.542,20.3
1452,SBT4050,1,5,3.9240944,-0.06698,2867.56,20.2
1452,SBT4050,1,5,3.9242732,-0.05599,2867.578,20.2
1452,SBT4050,1,5,3.9246732,-0.046997,2867.593,20.3
1452,SBT4050,1,5,3.9244348,-0.05299,2867.606,20.3
1452,SBT4050,1,5,3.9246552,-0.06099,2867.621,20.2
1452,SBT4050,1,5,3.924846,-0.06399,2867.638,20.2
1452,SBT4050,1,5,3.9245444,-0.094,2867.657,20.3
1452,SBT4050,1,5,3.924484,-0.12501,2867.685,20.3
1452,SBT4050,1,5,3.9208008,-0.32598,2867.728,20.2
1452,SBT4050,1,5,3.9023764,-1.3559,2867.862,20.2
1452,SBT4050,1,5,3.8634224,-3.4497,2868.326,20.2
1452,SBT4050,1,5,3.8162636,-5.833,2869.384,20.3
1452,SBT4050,1,5,3.7929244,-6.7,2871.041,20.3
1452,SBT4050,1,5,3.76268,-8.003,2872.957,20.2
1452,SBT4050,1,5,3.7311044,-9.339,2875.236,20.3
1452,SBT4050,1,5,3.7259868,-9.128,2877.821,20.3
1452,SBT4050,1,5,3.733614,-8.336,2880.323,20.3
1452,SBT4050,1,5,3.7174508,-8.997,2882.666,20.2
1452,SBT4050,1,5,3.7125996,-8.965,2885.164,20.2
1452,SBT4050,1,5,3.714352,-8.592,2887.639,20.2
1452,SBT4050,1,5,3.7112848,-8.568,2890.024,20.2
1452,SBT4050,1,5,3.7190564,-7.906,2892.377,20.3
1452,SBT4050,1,5,3.745332,-6.271,2894.504,20.2
1452,SBT4050,1,5,3.7808752,-4.2617,2896.162,20.2
1452,SBT4050,1,5,3.8373392,-1.1999,2897.217,20.2
1452,SBT4050,1,5,3.88127,0.9219,2897.5,20.3
1452,SBT4050,1,5,3.9110876,2.1708,2897.5,20.3
1452,SBT4050,1,5,3.9178016,2.1252,2897.5,20.3
1452,SBT4050,1,5,3.9026364,0.9431,2897.5,20.2
1452,SBT4050,1,5,3.885388,-0.18601,2897.508,20.3
1452,SBT4050,1,5,3.878546,-0.6119,2897.577,20.3
1452,SBT4050,1,5,3.8924652,0.13999,2897.722,20.3
1452,SBT4050,1,5,3.919296,1.5629,2897.722,20.2
1452,SBT4050,1,5,3.963944,3.8449,2897.722,20.2
1452,SBT4050,1,5,3.994634,5.203,2897.722,20.2
1452,SBT4050,1,5,4.020362,6.217,2897.722,20.2
1452,SBT4050,1,5,4.02108,5.835,2897.722,20.2
1452,SBT4050,1,5,4.0073816,4.7061,2897.722,20.1
1452,SBT4050,1,5,3.9862212,3.3389,2897.722,20.2
1452,SBT4050,1,5,3.9708572,2.3989,2897.722,20.2
1452,SBT4050,1,5,3.9542736,1.4301,2897.722,20.2
1452,SBT4050,1,5,3.9393456,0.6229,2897.722,20.3
1452,SBT4050,1,5,3.9332532,0.33999,2897.722,20.3
1452,SBT4050,1,5,3.9278636,0.08799,2897.722,20.3
1452,SBT4050,1,5,3.925174,-0.028,2897.723,20.3
1452,SBT4050,1,5,3.9247924,-0.019002,2897.73,20.2
1452,SBT4050,1,5,3.9242608,-0.021004,2897.736,20.2
1452,SBT4050,1,5,3.9235932,-0.05199,2897.743,20.2
1452,SBT4050,1,5,3.9188488,-0.30501,2897.768,20.2
1452,SBT4050,1,5,3.89874,-1.4238,2897.899,20.1
1452,SBT4050,1,5,3.8719676,-2.7711,2898.352,20.2
1452,SBT4050,1,5,3.8366848,-4.5432,2899.196,20.2
1452,SBT4050,1,5,3.7865192,-7.019,2900.561,20.2
1452,SBT4050,1,5,3.7360144,-9.372,2902.61,20.2
1452,SBT4050,1,5,3.710532,-10.205,2905.248,20.2
1452,SBT4050,1,5,3.6808148,-11.349,2908.131,20.3
1452,SBT4050,1,5,3.6452576,-12.825,2911.345,20.3
1452,SBT4050,1,5,3.6260624,-13.336,2914.929,20.2
1452,SBT4050,1,5,3.61748,-13.299,2918.632,20.2
1452,SBT4050,1,5,3.6100492,-13.261,2922.324,20.2
1452,SBT4050,1,5,3.6114676,-12.775,2925.987,20.2
1452,SBT4050,1,5,3.625306,-11.645,2929.488,20.2
1452,SBT4050,1,5,3.6390176,-10.657,2932.681,20.2
1452,SBT4050,1,5,3.643678,-10.249,2935.624,20.2
1452,SBT4050,1,5,3.6446432,-10.06,2938.464,20.3
1452,SBT4050,1,5,3.6547872,-9.34,2941.227,20.3
1452,SBT4050,1,5,3.689342,-7.284,2943.735,20.3
1452,SBT4050,1,5,3.715554,-5.869,2945.699,20.2
1452,SBT4050,1,5,3.754346,-3.8097,2947.244,20.3
1452,SBT4050,1,5,3.7911824,-1.9799,2948.225,20.3
1452,SBT4050,1,5,3.8262152,-0.30102,2948.705,20.4
1452,SBT4050,1,5,3.827668,-0.6408,2948.803,20.3
1452,SBT4050,1,5,3.830946,-0.712,2948.984,20.2
1452,SBT4050,1,5,3.836466,-0.591,2949.176,20.3
1452,SBT4050,1,5,3.8403876,-0.5649,2949.339,20.3
1452,SBT4050,1,5,3.8436296,-0.5259,2949.495,20.3
1452,SBT4050,1,5,3.852522,-0.16699,2949.626,20.2
1452,SBT4050,1,5,3.8588128,0.001,2949.665,20.2
1452,SBT4050,1,5,3.860326,-0.05699,2949.668,20.3
1452,SBT4050,1,5,3.8521848,-0.6499,2949.708,20.4
1452,SBT4050,1,5,3.8351796,-1.68,2949.932,20.3
1452,SBT4050,1,5,3.8175256,-2.6479,2950.439,20.3
1452,SBT4050,1,5,3.7971324,-3.7343,2951.22,20.3
1452,SBT4050,1,5,3.7640424,-5.466,2952.33,20.3
1452,SBT4050,1,5,3.7244892,-7.445,2953.932,20.4
1452,SBT4050,1,5,3.678444,-9.667,2956.093,20.3
1452,SBT4050,1,5,3.6382496,-11.434,2958.852,20.3
1452,SBT4050,1,5,3.6030664,-12.885,2962.089,20.3
1452,SBT4050,1,5,3.5737668,-13.999,2965.715,20.4
1452,SBT4050,1,5,3.5524824,-14.69,2969.633,20.4
1452,SBT4050,1,5,3.5415516,-14.817,2973.718,20.3
1452,SBT4050,1,5,3.5344504,-14.817,2977.833,20.3
1452,SBT4050,1,5,3.5402344,-14.102,2981.919,20.3
1452,SBT4050,1,5,3.5679852,-12.229,2985.758,20.4
1452,SBT4050,1,5,3.607256,-9.884,2989.056,20.3
1452,SBT4050,1,5,3.6588468,-6.984,2991.681,20.3
1452,SBT4050,1,5,3.7296884,-3.1739,2993.461,20.3
1452,SBT4050,1,5,3.7885744,-0.29898,2994.222,20.4
1452,SBT4050,1,5,3.8338152,1.7158,2994.293,20.4
1452,SBT4050,1,5,3.8677712,3.0749,2994.293,20.4
1452,SBT4050,1,5,3.8848628,3.4967,2994.293,20.3
1452,SBT4050,1,5,3.8891904,3.2341,2994.293,20.3
1452,SBT4050,1,5,3.8949608,3.1965,2994.293,20.4
1452,SBT4050,1,5,3.9060304,3.5016,2994.293,20.5
1452,SBT4050,1,5,3.9282428,4.4598,2994.293,20.5
1452,SBT4050,1,5,3.9415488,4.8362,2994.293,20.4
1452,SBT4050,1,5,3.953066,5.144,2994.293,20.4
1452,SBT4050,1,5,3.9620372,5.316,2994.293,20.4
1452,SBT4050,1,5,3.9733096,5.648,2994.293,20.4
1452,SBT4050,1,5,3.9691604,5.082,2994.293,20.4
1452,SBT4050,1,5,3.9780284,5.38,2994.293,20.5
1452,SBT4050,1,5,3.9862552,5.573,2994.293,20.5
1452,SBT4050,1,5,3.991438,5.641,2994.293,20.5
1452,SBT4050,1,5,3.987384,5.166,2994.293,20.5
1452,SBT4050,1,5,3.9867912,4.976,2994.293,20.5
1452,SBT4050,1,5,3.9810708,4.4578,2994.293,20.6
1452,SBT4050,1,5,3.972562,3.8686,2994.293,20.6
1452,SBT4050,1,5,3.9766892,4.0381,2994.293,20.5
1452,SBT4050,1,5,3.9863708,4.4979,2994.293,20.5
1452,SBT4050,1,5,3.997792,5.01,2994.293,20.5
1452,SBT4050,1,5,4.0062932,5.322,2994.293,20.5
1452,SBT4050,1,5,4.0088804,5.304,2994.293,20.5
1452,SBT4050,1,5,3.9924028,4.1796,2994.293,20.4
1452,SBT4050,1,5,3.9709524,2.9032,2994.293,20.5
1452,SBT4050,1,5,3.9509044,1.7829,2994.293,20.6
1452,SBT4050,1,5,3.932674,0.8179,2994.293,20.6
1452,SBT4050,1,5,3.9185324,0.13498,2994.293,20.5
1452,SBT4050,1,5,3.9133048,-0.031999,2994.294,20.5
1452,SBT4050,1,5,3.9114924,-0.03,2994.303,20.6
1452,SBT4050,1,5,3.910098,-0.035989,2994.311,20.6
1452,SBT4050,1,5,3.9084536,-0.05399,2994.322,20.6
1452,SBT4050,1,5,3.908238,-0.030003,2994.336,20.6
1452,SBT4050,1,5,3.9074512,-0.023997,2994.344,20.6
1452,SBT4050,1,5,3.9067912,-0.026001,2994.351,20.6
1452,SBT4050,1,5,3.903382,-0.20499,2994.366,20.6
1452,SBT4050,1,5,3.8873092,-1.0789,2994.459,20.5
1452,SBT4050,1,5,3.8498192,-3.106,2994.844,20.5
1452,SBT4050,1,5,3.792504,-6.128,2995.834,20.5
1452,SBT4050,1,5,3.7222336,-9.661,2997.684,20.6
1452,SBT4050,1,5,3.6484348,-13.237,3000.517,20.6
1452,SBT4050,1,5,3.577012,-16.534,3004.332,20.5
1452,SBT4050,1,5,3.5397608,-17.748,3008.976,20.6
1452,SBT4050,1,5,3.5380948,-16.999,3013.875,20.6
1452,SBT4050,1,5,3.5563928,-15.313,3018.526,20.6
1452,SBT4050,1,5,3.587126,-13.102,3022.686,20.5
1452,SBT4050,1,5,3.6299084,-10.407,3026.213,20.5
1452,SBT4050,1,5,3.6616848,-8.543,3029.025,20.6
1452,SBT4050,1,5,3.6781352,-7.634,3031.361,20.6
1452,SBT4050,1,5,3.6919508,-6.871,3033.449,20.5
1452,SBT4050,1,5,3.706546,-6.065,3035.323,20.5
1452,SBT4050,1,5,3.7159156,-5.589,3036.988,20.5
1452,SBT4050,1,5,3.730244,-4.819,3038.509,20.6
1452,SBT4050,1,5,3.7543708,-3.5177,3039.792,20.6
1452,SBT4050,1,5,3.7593452,-3.3877,3040.764,20.6
1452,SBT4050,1,5,3.7475892,-4.213,3041.74,20.5
1452,SBT4050,1,5,3.7341072,-5.004,3042.943,20.7
1452,SBT4050,1,5,3.71534,-6.018,3044.375,20.6
1452,SBT4050,1,5,3.6894252,-7.365,3046.104,20.6
1452,SBT4050,1,5,3.6787672,-7.752,3048.165,20.6
1452,SBT4050,1,5,3.676526,-7.668,3050.315,20.6
1452,SBT4050,1,5,3.6866912,-6.907,3052.413,20.7
1452,SBT4050,1,5,3.695822,-6.311,3054.307,20.6
1452,SBT4050,1,5,3.7114272,-5.387,3056.021,20.5
1452,SBT4050,1,5,3.7434544,-3.5569,3057.441,20.6
1452,SBT4050,1,5,3.7756508,-1.8699,3058.358,20.6
1452,SBT4050,1,5,3.7935344,-1.124,3058.846,20.7
1452,SBT4050,1,5,3.814812,-0.14399,3059.117,20.6
1452,SBT4050,1,5,3.820038,-0.12399,3059.156,20.6
1452,SBT4050,1,5,3.8168076,-0.5471,3059.209,20.7
1452,SBT4050,1,5,3.8120772,-0.959,3059.378,20.7
1452,SBT4050,1,5,3.8114836,-1.1059,3059.65,20.7
1452,SBT4050,1,5,3.8117932,-1.149,3059.959,20.6
1452,SBT4050,1,5,3.8163796,-0.968,3060.271,20.6
1452,SBT4050,1,5,3.8150684,-1.1449,3060.547,20.7
1452,SBT4050,1,5,3.8072576,-1.6629,3060.887,20.7
1452,SBT4050,1,5,3.8074248,-1.6479,3061.348,20.7
1452,SBT4050,1,5,3.8091296,-1.5841,3061.803,20.6
1452,SBT4050,1,5,3.8108636,-1.511,3062.24,20.6
1452,SBT4050,1,5,3.8112332,-1.5311,3062.661,20.7
1452,SBT4050,1,5,3.8306608,-0.43696,3063.04,20.7
1452,SBT4050,1,5,3.8462796,0.326,3063.143,20.6
1452,SBT4050,1,5,3.849956,0.37996,3063.143,20.6
1452,SBT4050,1,5,3.862558,0.9499,3063.143,20.7
1452,SBT4050,1,5,3.8628312,0.801,3063.143,20.7
1452,SBT4050,1,5,3.8165744,-2.0271,3063.228,20.7
1452,SBT4050,1,5,3.7671384,-4.7048,3063.904,20.6
1452,SBT4050,1,5,3.7292076,-6.549,3065.288,20.6
1452,SBT4050,1,5,3.6944248,-8.136,3067.173,20.7
1452,SBT4050,1,5,3.6729496,-8.93,3069.467,20.7
1452,SBT4050,1,5,3.6822832,-7.924,3071.905,20.6
1452,SBT4050,1,5,3.6867064,-7.424,3074.085,20.6
1452,SBT4050,1,5,3.6901036,-7.022,3076.13,20.6
1452,SBT4050,1,5,3.6853324,-7.143,3078.086,20.7
1452,SBT4050,1,5,3.6827572,-7.133,3080.07,20.6
1452,SBT4050,1,5,3.6902908,-6.533,3082.026,20.6
1452,SBT4050,1,5,3.700978,-5.81,3083.81,20.6
1452,SBT4050,1,5,3.7185364,-4.79,3085.381,20.6
1452,SBT4050,1,5,3.7298044,-4.1839,3086.686,20.6
1452,SBT4050,1,5,3.7316164,-4.1335,3087.846,20.6
1452,SBT4050,1,5,3.7396004,-3.7081,3088.977,20.6
1452,SBT4050,1,5,3.7472988,-3.3327,3089.991,20.6
1452,SBT4050,1,5,3.7383588,-3.9189,3090.941,20.6
1452,SBT4050,1,5,3.7216328,-4.8793,3092.07,20.5
1452,SBT4050,1,5,3.7251848,-4.5518,3093.412,20.5
1452,SBT4050,1,5,3.7225048,-4.6756,3094.681,20.6
1452,SBT4050,1,5,3.7095,-5.383,3096.01,20.6
1452,SBT4050,1,5,3.7091192,-5.278,3097.5,20.6
1452,SBT4050,1,5,3.7158184,-4.816,3098.947,20.5
1452,SBT4050,1,5,3.708574,-5.222,3100.302,20.6
1452,SBT4050,1,5,3.6942944,-5.975,3101.784,20.6
1452,SBT4050,1,5,3.6953672,-5.751,3103.434,20.7
1452,SBT4050,1,5,3.693498,-5.811,3105.035,20.6
1452,SBT4050,1,5,3.7182912,-4.2732,3106.584,20.5
1452,SBT4050,1,5,3.7524836,-2.3718,3107.691,20.5
1452,SBT4050,1,5,3.7646656,-1.9094,3108.331,20.6
1452,SBT4050,1,5,3.7654308,-2.06,3108.867,20.6
1452,SBT4050,1,5,3.774628,-1.6319,3109.422,20.5
1452,SBT4050,1,5,3.7516704,-3.0896,3109.936,20.5
1452,SBT4050,1,5,3.7308468,-4.2654,3110.844,20.5
1452,SBT4050,1,5,3.739298,-3.641,3112.002,20.6
1452,SBT4050,1,5,3.74171,-3.4921,3113.007,20.6
1452,SBT4050,1,5,3.7544884,-2.7553,3113.946,20.6
1452,SBT4050,1,5,3.7611868,-2.4317,3114.698,20.5
1452,SBT4050,1,5,3.760104,-2.5727,3115.38,20.6
1452,SBT4050,1,5,3.7563136,-2.833,3116.105,20.6
1452,SBT4050,1,5,3.75911,-2.6709,3116.885,20.6
1452,SBT4050,1,5,3.7434948,-3.5959,3117.666,20.5
1452,SBT4050,1,5,3.749578,-3.1676,3118.647,20.6
1452,SBT4050,1,5,3.7563128,-2.7959,3119.511,20.6
1452,SBT4050,1,5,3.7483536,-3.274,3120.308,20.6
1452,SBT4050,1,5,3.7465892,-3.3423,3121.22,20.5
1452,SBT4050,1,5,3.7416924,-3.6028,3122.16,20.5
1452,SBT4050,1,5,3.7222936,-4.666,3123.205,20.5
1452,SBT4050,1,5,3.7095156,-5.266,3124.526,20.6
1452,SBT4050,1,5,3.7242096,-4.2368,3125.946,20.5
1452,SBT4050,1,5,3.728942,-3.9553,3127.111,20.5
1452,SBT4050,1,5,3.7492736,-2.7617,3128.16,20.4
1452,SBT4050,1,5,3.761718,-2.152,3128.901,20.5
1452,SBT4050,1,5,3.778132,-1.3139,3129.464,20.5
1452,SBT4050,1,5,3.7673464,-2.1099,3129.862,20.5
1452,SBT4050,1,5,3.7738188,-1.7561,3130.434,20.4
1452,SBT4050,1,5,3.7706244,-2.0149,3130.932,20.5
1452,SBT4050,1,5,3.773044,-1.9062,3131.487,20.5
1452,SBT4050,1,5,3.7671684,-2.3099,3132.034,20.5
1452,SBT4050,1,5,3.7682412,-2.241,3132.672,20.4
1452,SBT4050,1,5,3.7557776,-2.9689,3133.326,20.4
1452,SBT4050,1,5,3.7460536,-3.4644,3134.171,20.5
1452,SBT4050,1,5,3.7580808,-2.6833,3135.101,20.5
1452,SBT4050,1,5,3.7628996,-2.4247,3135.835,20.4
1452,SBT4050,1,5,3.7615644,-2.5339,3136.513,20.5
1452,SBT4050,1,5,3.7676668,-2.1806,3137.202,20.5
1452,SBT4050,1,5,3.7812196,-1.4379,3137.777,20.5
1452,SBT4050,1,5,3.7683092,-2.283,3138.212,20.4
1452,SBT4050,1,5,3.7696084,-2.1841,3138.842,20.4
1452,SBT4050,1,5,3.7793848,-1.6458,3139.426,20.5
1452,SBT4050,1,5,3.78056,-1.643,3139.883,20.5
1452,SBT4050,1,5,3.77814,-1.8259,3140.347,20.4
1452,SBT4050,1,5,3.7757544,-1.968,3140.86,20.4
1452,SBT4050,1,5,3.7665164,-2.5061,3141.429,20.4
1452,SBT4050,1,5,3.7757408,-1.9277,3142.101,20.5
1452,SBT4050,1,5,3.7798176,-1.7299,3142.629,20.5
1452,SBT4050,1,5,3.7739948,-2.1059,3143.125,20.5
1452,SBT4050,1,5,3.7929868,-1.0089,3143.664,20.5
1452,SBT4050,1,5,3.7886956,-1.3731,3143.959,20.5
1452,SBT4050,1,5,3.7824788,-1.7519,3144.357,20.5
1452,SBT4050,1,5,3.79186,-1.2008,3144.82,20.4
1452,SBT4050,1,5,3.7872636,-1.5349,3145.168,20.4
1452,SBT4050,1,5,3.7850584,-1.6611,3145.599,20.5
1452,SBT4050,1,5,3.8061352,-0.46397,3146.011,20.4
1452,SBT4050,1,5,3.815278,-0.07599,3146.123,20.4
1452,SBT4050,1,5,3.8084876,-0.586,3146.166,20.3
1452,SBT4050,1,5,3.8132016,-0.36598,3146.319,20.4
1452,SBT4050,1,5,3.8099236,-0.623,3146.432,20.4
1452,SBT4050,1,5,3.8068744,-0.8391,3146.614,20.4
1452,SBT4050,1,5,3.8041448,-1.011,3146.854,20.4
1452,SBT4050,1,5,3.79767,-1.388,3147.151,20.4
1452,SBT4050,1,5,3.8073852,-0.8049,3147.512,20.5
1452,SBT4050,1,5,3.8072568,-0.8689,3147.738,20.4
1452,SBT4050,1,5,3.8031456,-1.1449,3147.991,20.3
1452,SBT4050,1,5,3.7942528,-1.6408,3148.33,20.3
1452,SBT4050,1,5,3.802516,-1.1169,3148.764,20.3
1452,SBT4050,1,5,3.7816316,-2.3419,3149.125,20.3
1452,SBT4050,1,5,3.7638108,-3.2328,3149.813,20.3
1452,SBT4050,1,5,3.756146,-3.5139,3150.723,20.3
1452,SBT4050,1,5,3.7524664,-3.5776,3151.702,20.3
1452,SBT4050,1,5,3.7387924,-4.2351,3152.723,20.3
1452,SBT4050,1,5,3.7522744,-3.294,3153.86,20.3
1452,SBT4050,1,5,3.756066,-3.0278,3154.764,20.4
1452,SBT4050,1,5,3.7605956,-2.7258,3155.592,20.4
1452,SBT4050,1,5,3.7628156,-2.5892,3156.344,20.3
1452,SBT4050,1,5,3.763304,-2.5638,3157.062,20.2
1452,SBT4050,1,5,3.7671276,-2.3242,3157.764,20.3
1452,SBT4050,1,5,3.772158,-2.037,3158.398,20.3
1452,SBT4050,1,5,3.7727972,-2.029,3158.963,20.3
1452,SBT4050,1,5,3.772936,-2.04,3159.527,20.3
1452,SBT4050,1,5,3.7521232,-3.2208,3160.143,20.3
1452,SBT4050,1,5,3.7308176,-4.299,3161.083,20.4
1452,SBT4050,1,5,3.698978,-5.915,3162.345,20.4
1452,SBT4050,1,5,3.7134984,-4.783,3163.941,20.3
1452,SBT4050,1,5,3.7286972,-3.8179,3165.229,20.3
1452,SBT4050,1,5,3.7624372,-1.8819,3166.208,20.4
1452,SBT4050,1,5,3.7860912,-0.7049,3166.682,20.3
1452,SBT4050,1,5,3.8116336,0.535,3166.848,20.3
1452,SBT4050,1,5,3.80436,-0.12999,3166.853,20.2
1452,SBT4050,1,5,3.8063744,-0.11601,3166.889,20.2
1452,SBT4050,1,5,3.8257724,0.8819,3166.916,20.3
1452,SBT4050,1,5,3.8315196,0.9931,3166.916,20.3
1452,SBT4050,1,5,3.847862,1.7681,3166.916,20.3
1452,SBT4050,1,5,3.8516072,1.7537,3166.916,20.3
1452,SBT4050,1,5,3.8479944,1.3731,3166.916,20.3
1452,SBT4050,1,5,3.8298476,0.21902,3166.916,20.3
1452,SBT4050,1,5,3.8258176,0.001,3166.916,20.2
1452,SBT4050,1,5,3.82215,-0.24902,3166.927,20.2
1452,SBT4050,1,5,3.8066772,-1.109,3167.032,20.2
1452,SBT4050,1,5,3.7911548,-1.92,3167.374,20.3
1452,SBT4050,1,5,3.7746332,-2.7463,3167.942,20.2
1452,SBT4050,1,5,3.750824,-3.913,3168.754,20.1
1452,SBT4050,1,5,3.7351168,-4.582,3169.869,20.1
1452,SBT4050,1,5,3.7219924,-5.074,3171.162,20.2
1452,SBT4050,1,5,3.7090844,-5.574,3172.593,20.2
1452,SBT4050,1,5,3.7117308,-5.142,3174.123,20.1
1452,SBT4050,1,5,3.7507052,-2.7781,3175.452,20.1
1452,SBT4050,1,5,3.7946804,-0.38902,3176.123,20.2
1452,SBT4050,1,5,3.8309236,1.4059,3176.215,20.2
1452,SBT4050,1,5,3.8375832,1.468,3176.215,20.1
1452,SBT4050,1,5,3.8339348,1.0148,3176.215,20.1
1452,SBT4050,1,5,3.8102452,-0.46395,3176.234,20.1
1452,SBT4050,1,5,3.7703464,-2.693,3176.457,20.2
1452,SBT4050,1,5,3.7576932,-3.1903,3177.226,20.2
1452,SBT4050,1,5,3.7740004,-2.1211,3178.067,20.1
1452,SBT4050,1,5,3.7956968,-0.8778,3178.604,20.1
1452,SBT4050,1,5,3.8031496,-0.5669,3178.835,20.2
1452,SBT4050,1,5,3.8225556,0.44504,3178.968,20.2
1452,SBT4050,1,5,3.8451256,1.561,3178.968,20.1
1452,SBT4050,1,5,3.8580384,2.0596,3178.968,20.1
1452,SBT4050,1,5,3.8674144,2.3697,3178.968,20.1
1452,SBT4050,1,5,3.8860264,3.2044,3178.968,20.1
1452,SBT4050,1,5,3.9042912,3.9904,3178.968,20.1
1452,SBT4050,1,5,3.9197792,4.5734,3178.968,20
1452,SBT4050,1,5,3.9423844,5.589,3178.968,20.1
1452,SBT4050,1,5,3.9550072,5.984,3178.968,20.1
1452,SBT4050,1,5,3.9608376,6.007,3178.968,20.1
1452,SBT4050,1,5,3.956958,5.536,3178.968,20
1452,SBT4050,1,5,3.9413268,4.4532,3178.968,20.1
1452,SBT4050,1,5,3.9058216,2.3682,3178.968,20.1
1452,SBT4050,1,5,3.893696,1.76,3178.968,20.1
1452,SBT4050,1,5,3.87761,0.9159,3178.968,20
1452,SBT4050,1,5,3.8582104,-0.092,3178.972,20.1
1452,SBT4050,1,5,3.8484832,-0.49599,3179.015,20.1
1452,SBT4050,1,5,3.8420176,-0.727,3179.162,20.1
1452,SBT4050,1,5,3.8280112,-1.3989,3179.392,20
1452,SBT4050,1,5,3.81456,-2.0129,3179.807,20
1452,SBT4050,1,5,3.8195068,-1.5539,3180.347,20
1452,SBT4050,1,5,3.8164824,-1.6387,3180.782,20
1452,SBT4050,1,5,3.8389116,-0.27198,3181.18,20
1452,SBT4050,1,5,3.8435484,-0.06597,3181.247,20
1452,SBT4050,1,5,3.8581764,0.7269,3181.262,20
1452,SBT4050,1,5,3.8735212,1.4989,3181.262,20.1
1452,SBT4050,1,5,3.8849732,2.0078,3181.262,20
1452,SBT4050,1,5,3.8791308,1.5359,3181.262,20
1452,SBT4050,1,5,3.8817208,1.6278,3181.262,20
1452,SBT4050,1,5,3.8692016,0.8488,3181.262,20
1452,SBT4050,1,5,3.85218,-0.09699,3181.266,20.1
1452,SBT4050,1,5,3.853206,0.042001,3181.289,20
1452,SBT4050,1,5,3.8414712,-0.5698,3181.313,20
1452,SBT4050,1,5,3.8248328,-1.4279,3181.507,20
1452,SBT4050,1,5,3.8241176,-1.3208,3181.899,20
1452,SBT4050,1,5,3.8215776,-1.3699,3182.268,20.1
1452,SBT4050,1,5,3.8085608,-2.0271,3182.677,20.1
1452,SBT4050,1,5,3.8125108,-1.677,3183.225,20
1452,SBT4050,1,5,3.8216444,-1.0968,3183.666,20
1452,SBT4050,1,5,3.8311212,-0.5459,3183.948,20.1
1452,SBT4050,1,5,3.8209,-1.1579,3184.125,20.1
1452,SBT4050,1,5,3.8284696,-0.682,3184.427,20
1452,SBT4050,1,5,3.8340728,-0.38803,3184.604,20
1452,SBT4050,1,5,3.8212464,-1.123,3184.743,20
1452,SBT4050,1,5,3.8169344,-1.296,3185.062,20
1452,SBT4050,1,5,3.8316084,-0.4219,3185.385,20
1452,SBT4050,1,5,3.8263804,-0.754,3185.516,20.1
1452,SBT4050,1,5,3.8354528,-0.22499,3185.704,20
1452,SBT4050,1,5,3.840042,-0.028996,3185.758,19.9
1452,SBT4050,1,5,3.8522152,0.5998,3185.765,20
1452,SBT4050,1,5,3.8587964,0.8879,3185.765,20
1452,SBT4050,1,5,3.8492568,0.25698,3185.765,19.9
1452,SBT4050,1,5,3.8441628,-0.011003,3185.765,19.9
1452,SBT4050,1,5,3.8617212,0.9418,3185.768,19.9
1452,SBT4050,1,5,3.8491012,0.14398,3185.768,19.9
1452,SBT4050,1,5,3.8339468,-0.6819,3185.796,20
1452,SBT4050,1,5,3.8494108,0.245,3185.957,20
1452,SBT4050,1,5,3.8496732,0.19897,3185.957,19.9
1452,SBT4050,1,5,3.8300308,-0.9169,3185.996,19.9
1452,SBT4050,1,5,3.8328556,-0.6578,3186.239,20
1452,SBT4050,1,5,3.8453124,0.056,3186.395,20
1452,SBT4050,1,5,3.8327568,-0.6919,3186.424,19.9
1452,SBT4050,1,5,3.8192032,-1.392,3186.645,19.8
1452,SBT4050,1,5,3.8375436,-0.25201,3186.984,19.9
1452,SBT4050,1,5,3.8389384,-0.233,3187.053,19.9
1452,SBT4050,1,5,3.8369584,-0.36297,3187.123,20
1452,SBT4050,1,5,3.8362792,-0.41301,3187.226,19.9
1452,SBT4050,1,5,3.8423116,-0.06199,3187.326,19.8
1452,SBT4050,1,5,3.8418468,-0.12299,3187.346,19.8
1452,SBT4050,1,5,3.8397704,-0.24899,3187.386,19.8
1452,SBT4050,1,5,3.8262272,-1.0007,3187.486,19.8
1452,SBT4050,1,5,3.8281704,-0.8159,3187.757,19.7
1452,SBT4050,1,5,3.8254744,-0.9418,3187.989,19.7
1452,SBT4050,1,5,3.8145552,-1.4999,3188.274,19.7
1452,SBT4050,1,5,3.8205244,-1.0867,3188.673,19.8
1452,SBT4050,1,5,3.8359852,-0.21498,3188.938,19.8
1452,SBT4050,1,5,3.8406584,-0.015999,3188.99,19.8
1452,SBT4050,1,5,3.8497852,0.43401,3188.993,19.8
1452,SBT4050,1,5,3.8480564,0.26301,3188.993,19.8
1452,SBT4050,1,5,3.8314408,-0.6979,3189.023,19.8
1452,SBT4050,1,5,3.8298316,-0.7119,3189.217,19.9
1452,SBT4050,1,5,3.8338904,-0.47403,3189.405,19.8
1452,SBT4050,1,5,3.8487596,0.34501,3189.517,19.8
1452,SBT4050,1,5,3.8644156,1.1498,3189.517,19.8
1452,SBT4050,1,5,3.8840608,2.0943,3189.517,19.9
1452,SBT4050,1,5,3.8849192,1.9629,3189.517,19.9
1452,SBT4050,1,5,3.8663076,0.8249,3189.517,19.8
1452,SBT4050,1,5,3.8507912,-0.023997,3189.518,19.7
1452,SBT4050,1,5,3.8468452,-0.18999,3189.531,19.8
1452,SBT4050,1,5,3.838048,-0.6269,3189.602,19.8
1452,SBT4050,1,5,3.8476756,-0.018997,3189.751,19.8
1452,SBT4050,1,5,3.8676028,1.0468,3189.756,19.7
1452,SBT4050,1,5,3.8824092,1.7629,3189.756,19.7
1452,SBT4050,1,5,3.8871092,1.9027,3189.756,19.7
1452,SBT4050,1,5,3.890686,1.9736,3189.756,19.8
1452,SBT4050,1,5,3.8755668,1.0632,3189.756,19.7
1452,SBT4050,1,5,3.873552,0.9349,3189.756,19.7
1452,SBT4050,1,5,3.8644016,0.45904,3189.756,19.7
1452,SBT4050,1,5,3.8590364,0.17601,3189.756,19.8
1452,SBT4050,1,5,3.8535644,-0.093,3189.759,19.8
1452,SBT4050,1,5,3.8578904,0.20698,3189.781,19.7
1452,SBT4050,1,5,3.8565312,0.12202,3189.781,19.7
1452,SBT4050,1,5,3.8545032,0.035992,3189.781,19.7
1452,SBT4050,1,5,3.86465,0.592,3189.781,19.8
1452,SBT4050,1,5,3.8696248,0.8251,3189.781,19.8
1452,SBT4050,1,5,3.8694696,0.7519,3189.781,19.7
1452,SBT4050,1,5,3.8669812,0.6039,3189.781,19.7
1452,SBT4050,1,5,3.862372,0.35195,3189.781,19.8
1452,SBT4050,1,5,3.8594988,0.19101,3189.781,19.8
1452,SBT4050,1,5,3.8607152,0.29499,3189.781,19.7
1452,SBT4050,1,5,3.8851336,1.621,3189.781,19.7
1452,SBT4050,1,5,3.8963988,2.129,3189.781,19.7
1452,SBT4050,1,5,3.9037076,2.3957,3189.781,19.8
1452,SBT4050,1,5,3.9124504,2.7747,3189.781,19.8
1452,SBT4050,1,5,3.9126648,2.6448,3189.781,19.7
1452,SBT4050,1,5,3.8971312,1.7057,3189.781,19.7
1452,SBT4050,1,5,3.8820356,0.8878,3189.781,19.6
1452,SBT4050,1,5,3.8727356,0.43394,3189.781,19.8
1452,SBT4050,1,5,3.8630308,-0.041996,3189.783,19.7
1452,SBT4050,1,5,3.8611472,-0.06299,3189.796,19.7
1452,SBT4050,1,5,3.85615,-0.29002,3189.823,19.6
1452,SBT4050,1,5,3.8571632,-0.14999,3189.897,19.7
1452,SBT4050,1,5,3.8543992,-0.27599,3189.944,19.7
1452,SBT4050,1,5,3.8568888,-0.10298,3190.014,19.7
1452,SBT4050,1,5,3.85646,-0.11499,3190.043,19.6
1452,SBT4050,1,5,3.8436108,-0.797,3190.103,19.6
1452,SBT4050,1,5,3.8453512,-0.621,3190.317,19.6
1452,SBT4050,1,5,3.8478008,-0.43999,3190.482,19.6
1452,SBT4050,1,5,3.8466684,-0.47303,3190.606,19.6
1452,SBT4050,1,5,3.8466348,-0.43796,3190.736,19.7
1452,SBT4050,1,5,3.8525572,-0.10601,3190.844,19.7
1452,SBT4050,1,5,3.8451664,-0.5119,3190.89,19.6
1452,SBT4050,1,5,3.8469156,-0.38802,3191.027,19.6
1452,SBT4050,1,5,3.8531264,-0.028003,3191.12,19.6
1452,SBT4050,1,5,3.8674284,0.723,3191.126,19.7
1452,SBT4050,1,5,3.8977488,2.304,3191.126,19.7
1452,SBT4050,1,5,3.9202188,3.345,3191.126,19.7
1452,SBT4050,1,5,3.9536152,4.9386,3191.126,19.7
1452,SBT4050,1,5,3.9743348,5.788,3191.126,19.7
1452,SBT4050,1,5,3.997522,6.774,3191.126,19.8
1452,SBT4050,1,5,4.0090396,7.1,3191.126,19.7
1452,SBT4050,1,5,4.0219728,7.551,3191.126,19.7
1452,SBT4050,1,5,4.0040048,6.26,3191.126,19.7
1452,SBT4050,1,5,4.0056864,6.242,3191.126,19.7
1452,SBT4050,1,5,4.0086552,6.25,3191.126,19.6
1452,SBT4050,1,5,4.0023756,5.745,3191.126,19.6
1452,SBT4050,1,5,4.0056936,5.821,3191.126,19.6
1452,SBT4050,1,5,4.0285384,6.954,3191.126,19.6
1452,SBT4050,1,5,4.0264956,6.616,3191.126,19.7
1452,SBT4050,1,5,4.0218572,6.224,3191.126,19.6
1452,SBT4050,1,5,4.026962,6.386,3191.126,19.6
1452,SBT4050,1,5,4.0258888,6.18,3191.126,19.6
1452,SBT4050,1,5,4.0184816,5.648,3191.126,19.7
1452,SBT4050,1,5,4.0173324,5.529,3191.126,19.6
1452,SBT4050,1,5,4.008024,4.944,3191.126,19.6
1452,SBT4050,1,5,3.9947384,4.1646,3191.126,19.7
1452,SBT4050,1,5,3.9824216,3.5046,3191.126,19.7
1452,SBT4050,1,5,3.9682396,2.7935,3191.126,19.6
1452,SBT4050,1,5,3.9504856,1.8838,3191.126,19.6
1452,SBT4050,1,5,3.933894,1.1098,3191.126,19.6
1452,SBT4050,1,5,3.9209572,0.5668,3191.126,19.7
1452,SBT4050,1,5,3.9103252,0.15398,3191.126,19.7
1452,SBT4050,1,5,3.9041364,-0.026999,3191.127,19.6
1452,SBT4050,1,5,3.9012756,-0.029999,3191.135,19.6
1452,SBT4050,1,5,3.8992008,-0.026999,3191.143,19.7
1452,SBT4050,1,5,3.8971028,-0.033998,3191.151,19.6
1452,SBT4050,1,5,3.8957104,-0.028003,3191.16,19.6
1452,SBT4050,1,5,3.893672,-0.045002,3191.169,19.7
1452,SBT4050,1,5,3.873132,-1.082,3191.225,19.7
1452,SBT4050,1,5,3.8360604,-2.9428,3191.603,19.7
1452,SBT4050,1,5,3.7947192,-4.8617,3192.501,19.7
1452,SBT4050,1,5,3.7557,-6.569,3193.923,19.7
1452,SBT4050,1,5,3.728628,-7.564,3195.79,19.7
1452,SBT4050,1,5,3.7375552,-6.593,3197.851,19.7
1452,SBT4050,1,5,3.7721728,-4.3845,3199.59,19.7
1452,SBT4050,1,5,3.8165824,-1.862,3200.702,19.7
1452,SBT4050,1,5,3.8539356,0.061,3201.141,19.7
1452,SBT4050,1,5,3.8913444,1.8949,3201.141,19.7
1452,SBT4050,1,5,3.9099652,2.6092,3201.141,19.6
1452,SBT4050,1,5,3.9111336,2.3979,3201.141,19.7
1452,SBT4050,1,5,3.8968492,1.4368,3201.141,19.7
1452,SBT4050,1,5,3.8717304,-0.027998,3201.142,19.7
1452,SBT4050,1,5,3.82889,-2.2759,3201.244,19.7
1452,SBT4050,1,5,3.7801224,-4.6697,3201.977,19.7
1452,SBT4050,1,5,3.7404412,-6.449,3203.348,19.8
1452,SBT4050,1,5,3.7196588,-7.14,3205.169,19.8
1452,SBT4050,1,5,3.737206,-5.786,3207.095,19.7
1452,SBT4050,1,5,3.7843172,-3.0043,3208.586,19.7
1452,SBT4050,1,5,3.838508,-0.08498,3209.298,19.8
1452,SBT4050,1,5,3.8934296,2.655,3209.318,19.8
1452,SBT4050,1,5,3.9370436,4.6458,3209.318,19.8
1452,SBT4050,1,5,3.9519312,5.003,3209.318,19.8
1452,SBT4050,1,5,3.946964,4.3075,3209.318,19.9
1452,SBT4050,1,5,3.9353268,3.4264,3209.318,19.9
1452,SBT4050,1,5,3.922114,2.5571,3209.318,19.8
1452,SBT4050,1,5,3.909106,1.7519,3209.318,19.8
1452,SBT4050,1,5,3.8948552,0.9499,3209.318,19.8
1452,SBT4050,1,5,3.875578,-0.06699,3209.321,19.8
1452,SBT4050,1,5,3.8434556,-1.7162,3209.409,19.8
1452,SBT4050,1,5,3.8005656,-3.8136,3209.973,19.7
1452,SBT4050,1,5,3.7590396,-5.721,3211.112,19.7
1452,SBT4050,1,5,3.7287688,-6.918,3212.752,19.7
1452,SBT4050,1,5,3.7290668,-6.454,3214.654,19.8
1452,SBT4050,1,5,3.7650632,-4.1596,3216.35,19.7
1452,SBT4050,1,5,3.8201836,-1.082,3217.377,19.7
1452,SBT4050,1,5,3.8779156,1.8869,3217.632,19.7
1452,SBT4050,1,5,3.928874,4.2986,3217.632,19.8
1452,SBT4050,1,5,3.9542672,5.214,3217.632,19.8
1452,SBT4050,1,5,3.9563252,4.885,3217.632,19.7
1452,SBT4050,1,5,3.9453324,3.9493,3217.632,19.7
1452,SBT4050,1,5,3.9294576,2.9035,3217.632,19.7
1452,SBT4050,1,5,3.91025,1.7521,3217.632,19.7
1452,SBT4050,1,5,3.8811364,0.15099,3217.632,19.7
1452,SBT4050,1,5,3.8442796,-1.7157,3217.704,19.7
1452,SBT4050,1,5,3.8009176,-3.8091,3218.268,19.7
1452,SBT4050,1,5,3.757568,-5.787,3219.409,19.7
1452,SBT4050,1,5,3.718076,-7.493,3221.088,19.7
1452,SBT4050,1,5,3.7153756,-7.131,3223.155,19.7
1452,SBT4050,1,5,3.75631,-4.529,3225.027,19.8
1452,SBT4050,1,5,3.8088904,-1.5808,3226.161,19.8
1452,SBT4050,1,5,3.8604636,1.0739,3226.534,19.7
1452,SBT4050,1,5,3.917394,3.902,3226.534,19.6
1452,SBT4050,1,5,3.9457228,4.9443,3226.534,19.7
1452,SBT4050,1,5,3.9387044,4.1046,3226.534,19.7
1452,SBT4050,1,5,3.924874,3.0776,3226.534,19.6
1452,SBT4050,1,5,3.9077528,1.997,3226.534,19.6
1452,SBT4050,1,5,3.8928292,1.1339,3226.534,19.6
1452,SBT4050,1,5,3.881896,0.549,3226.534,19.7
1452,SBT4050,1,5,3.8730016,0.10199,3226.534,19.7
1452,SBT4050,1,5,3.8695836,-0.025999,3226.535,19.6
1452,SBT4050,1,5,3.868942,-0.033004,3226.542,19.6
1452,SBT4050,1,5,3.8685012,-0.032001,3226.551,19.7
1452,SBT4050,1,5,3.8681556,-0.027003,3226.56,19.7
1452,SBT4050,1,5,3.8674552,-0.05999,3226.569,19.7
1452,SBT4050,1,5,3.8534368,-0.809,3226.617,19.7
1452,SBT4050,1,5,3.8143028,-2.8488,3226.927,19.7
1452,SBT4050,1,5,3.7690772,-5.04,3227.811,19.7
1452,SBT4050,1,5,3.7145584,-7.589,3229.318,19.7
1452,SBT4050,1,5,3.6321304,-11.593,3231.593,19.6
1452,SBT4050,1,5,3.5909336,-13.13,3234.878,19.6
1452,SBT4050,1,5,3.5770924,-13.264,3238.53,19.6
1452,SBT4050,1,5,3.542404,-14.698,3242.275,19.7
1452,SBT4050,1,5,3.4981016,-16.613,3246.438,19.7
1452,SBT4050,1,5,3.5311924,-14.123,3250.949,19.7
1452,SBT4050,1,5,3.5724296,-11.531,3254.764,19.7
1452,SBT4050,1,5,3.6360012,-7.902,3257.814,19.8
1452,SBT4050,1,5,3.7143892,-3.655,3259.832,19.8
1452,SBT4050,1,5,3.8371932,2.7981,3260.694,19.7
1452,SBT4050,1,5,3.90941,6.065,3260.694,19.7
1452,SBT4050,1,5,3.9431012,7.195,3260.694,19.7
1452,SBT4050,1,5,3.9632744,7.668,3260.694,19.7
1452,SBT4050,1,5,3.9864888,8.439,3260.694,19.7
1452,SBT4050,1,5,3.9824112,7.659,3260.694,19.7
1452,SBT4050,1,5,3.982188,7.271,3260.694,19.7
1452,SBT4050,1,5,3.9836084,7.006,3260.694,19.7
1452,SBT4050,1,5,3.9766456,6.307,3260.694,19.8
1452,SBT4050,1,5,3.9704076,5.712,3260.694,19.7
1452,SBT4050,1,5,3.9578052,4.83,3260.694,19.7
1452,SBT4050,1,5,3.9399656,3.6967,3260.694,19.8
1452,SBT4050,1,5,3.919828,2.5359,3260.694,19.7
1452,SBT4050,1,5,3.897554,1.301,3260.694,19.7
1452,SBT4050,1,5,3.8809872,0.46992,3260.694,19.8
1452,SBT4050,1,5,3.8710436,0.012998,3260.694,19.8
1452,SBT4050,1,5,3.8679492,-0.045993,3260.696,19.8
1452,SBT4050,1,5,3.8669836,-0.039003,3260.708,19.8
1452,SBT4050,1,5,3.86616,-0.047001,3260.719,19.8
1452,SBT4050,1,5,3.865254,-0.048998,3260.732,19.9
1452,SBT4050,1,5,3.8647964,-0.039001,3260.746,19.9
1452,SBT4050,1,5,3.864558,-0.038998,3260.756,19.9
1452,SBT4050,1,5,3.8642256,-0.034996,3260.767,19.8
1452,SBT4050,1,5,3.8638588,-0.033996,3260.777,19.9
1452,SBT4050,1,5,3.8634296,-0.044,3260.787,19.9
1452,SBT4050,1,5,3.8634032,-0.035995,3260.798,19.9
1452,SBT4050,1,5,3.8634864,-0.033,3260.808,19.8
1452,SBT4050,1,5,3.862782,-0.046997,3260.818,19.9
1452,SBT4050,1,5,3.8625316,-0.035992,3260.831,19.9
1452,SBT4050,1,5,3.8525356,-0.5899,3260.864,20
1452,SBT4050,1,5,3.8078968,-2.995,3261.129,19.9
1452,SBT4050,1,5,3.7702648,-4.7786,3262.035,19.8
1452,SBT4050,1,5,3.7661032,-4.5977,3263.355,19.9
1452,SBT4050,1,5,3.73225,-6.227,3264.701,19.9
1452,SBT4050,1,5,3.6999464,-7.642,3266.49,20
1452,SBT4050,1,5,3.7107224,-6.633,3268.57,19.9
1452,SBT4050,1,5,3.721648,-5.801,3270.377,19.9
1452,SBT4050,1,5,3.701534,-6.774,3272.029,20
1452,SBT4050,1,5,3.7100928,-6.036,3273.88,20
1452,SBT4050,1,5,3.7238276,-5.137,3275.519,19.9
1452,SBT4050,1,5,3.729764,-4.7348,3276.929,19.9
1452,SBT4050,1,5,3.7491136,-3.606,3278.197,19.9
1452,SBT4050,1,5,3.7872696,-1.5179,3279.111,20
1452,SBT4050,1,5,3.8168384,-0.06099,3279.472,20
1452,SBT4050,1,5,3.8745888,2.9201,3279.486,19.9
1452,SBT4050,1,5,3.9142484,4.68,3279.486,19.8
1452,SBT4050,1,5,3.93325,5.285,3279.486,19.9
1452,SBT4050,1,5,3.917524,3.9849,3279.486,20
1452,SBT4050,1,5,3.9036356,3.0093,3279.486,19.9
1452,SBT4050,1,5,3.882008,1.6649,3279.486,19.9
1452,SBT4050,1,5,3.8785988,1.4748,3279.486,19.9
1452,SBT4050,1,5,3.8948968,2.3168,3279.486,19.9
1452,SBT4050,1,5,3.9239224,3.8029,3279.486,19.9
1452,SBT4050,1,5,3.955172,5.275,3279.486,19.9
1452,SBT4050,1,5,3.9747368,6.018,3279.486,19.9
1452,SBT4050,1,5,3.9894816,6.525,3279.486,19.9
1452,SBT4050,1,5,3.9835684,5.869,3279.486,19.9
1452,SBT4050,1,5,3.9719544,5.013,3279.486,19.8
1452,SBT4050,1,5,3.9595668,4.1514,3279.486,19.9
1452,SBT4050,1,5,3.9411304,3.0699,3279.486,19.9
1452,SBT4050,1,5,3.921232,1.9591,3279.486,19.9
1452,SBT4050,1,5,3.90057,0.8749,3279.486,19.8
1452,SBT4050,1,5,3.8868784,0.26399,3279.486,19.9
1452,SBT4050,1,5,3.8795364,-0.024,3279.487,19.9
1452,SBT4050,1,5,3.8772764,-0.035987,3279.494,19.9
1452,SBT4050,1,5,3.8759888,-0.041995,3279.505,19.8
1452,SBT4050,1,5,3.8750168,-0.030998,3279.516,19.8
1452,SBT4050,1,5,3.8741588,-0.035005,3279.525,19.8
1452,SBT4050,1,5,3.868102,-0.324,3279.546,19.9
1452,SBT4050,1,5,3.8433256,-1.608,3279.69,19.9
1452,SBT4050,1,5,3.8156832,-2.9326,3280.192,19.8
1452,SBT4050,1,5,3.7750668,-4.8684,3281.088,19.9
1452,SBT4050,1,5,3.7220228,-7.395,3282.547,19.9
1452,SBT4050,1,5,3.6784928,-9.246,3284.679,19.9
1452,SBT4050,1,5,3.662246,-9.587,3287.261,19.9
1452,SBT4050,1,5,3.6403752,-10.36,3289.957,19.9
1452,SBT4050,1,5,3.6250884,-10.754,3292.851,19.9
1452,SBT4050,1,5,3.6202012,-10.621,3295.832,19.9
1452,SBT4050,1,5,3.6209832,-10.233,3298.766,19.9
1452,SBT4050,1,5,3.6309364,-9.396,3301.574,19.8
1452,SBT4050,1,5,3.64869,-8.198,3304.134,19.9
1452,SBT4050,1,5,3.6696692,-6.922,3306.358,19.9
1452,SBT4050,1,5,3.6995072,-5.224,3308.209,19.9
1452,SBT4050,1,5,3.7176252,-4.2919,3309.621,19.9
1452,SBT4050,1,5,3.7233384,-4.0304,3310.802,19.9
1452,SBT4050,1,5,3.7431384,-2.9938,3311.879,20
1452,SBT4050,1,5,3.78046,-1.0099,3312.627,20
1452,SBT4050,1,5,3.8031896,0.001,3312.865,19.9
1452,SBT4050,1,5,3.8440484,2.0278,3312.865,19.9
1452,SBT4050,1,5,3.876272,3.4601,3312.865,20
1452,SBT4050,1,5,3.9029312,4.5422,3312.865,19.9
1452,SBT4050,1,5,3.8960748,3.7489,3312.865,19.9
1452,SBT4050,1,5,3.9053788,4.0265,3312.865,19.8
1452,SBT4050,1,5,3.9017304,3.5537,3312.865,19.9
1452,SBT4050,1,5,3.909052,3.7878,3312.865,19.9
1452,SBT4050,1,5,3.9194484,4.1459,3312.865,19.9
1452,SBT4050,1,5,3.9252916,4.2524,3312.865,19.9
1452,SBT4050,1,5,3.9267104,4.1094,3312.865,19.9
1452,SBT4050,1,5,3.9215112,3.6568,3312.865,19.9
1452,SBT4050,1,5,3.9111864,2.9532,3312.865,19.9
1452,SBT4050,1,5,3.88225,1.2729,3312.865,19.8
1452,SBT4050,1,5,3.8674164,0.517,3312.865,19.9
1452,SBT4050,1,5,3.8443192,-0.7031,3312.895,19.9
1452,SBT4050,1,5,3.8160132,-2.1108,3313.149,19.9
1452,SBT4050,1,5,3.77347,-4.2362,3313.824,19.9
1452,SBT4050,1,5,3.7351872,-5.999,3315.075,19.9
1452,SBT4050,1,5,3.7083072,-7.045,3316.785,19.9
1452,SBT4050,1,5,3.6901424,-7.645,3318.768,19.9
1452,SBT4050,1,5,3.673896,-8.166,3320.913,19.9
1452,SBT4050,1,5,3.6738008,-7.793,3323.166,19.9
1452,SBT4050,1,5,3.6837692,-6.973,3325.296,20
1452,SBT4050,1,5,3.693866,-6.228,3327.202,20
1452,SBT4050,1,5,3.71585,-4.883,3328.876,19.9
1452,SBT4050,1,5,3.7562604,-2.6008,3330.136,19.9
1452,SBT4050,1,5,3.7936328,-0.6822,3330.778,19.9
1452,SBT4050,1,5,3.8309684,1.1681,3330.939,19.9
1452,SBT4050,1,5,3.8741052,3.2465,3330.939,20
1452,SBT4050,1,5,3.9014348,4.341,3330.939,20
1452,SBT4050,1,5,3.9162072,4.7575,3330.939,20
1452,SBT4050,1,5,3.9282528,5.103,3330.939,20.1
1452,SBT4050,1,5,3.9448372,5.691,3330.939,20.1
1452,SBT4050,1,5,3.9610404,6.263,3330.939,20
1452,SBT4050,1,5,3.9743288,6.668,3330.939,20
1452,SBT4050,1,5,3.9888148,7.157,3330.939,20
1452,SBT4050,1,5,4.0011188,7.51,3330.939,20
1452,SBT4050,1,5,4.0035988,7.309,3330.939,19.9
1452,SBT4050,1,5,4.0138668,7.637,3330.939,19.9
1452,SBT4050,1,5,4.0202692,7.678,3330.939,19.9
1452,SBT4050,1,5,4.0242228,7.616,3330.939,19.9
1452,SBT4050,1,5,4.0310068,7.707,3330.939,19.9
1452,SBT4050,1,5,4.0368588,7.783,3330.939,19.9
1452,SBT4050,1,5,4.0421696,7.8,3330.939,19.9
1452,SBT4050,1,5,4.0516008,8.074,3330.939,20
1452,SBT4050,1,5,4.0465212,7.503,3330.939,20
1452,SBT4050,1,5,4.034026,6.609,3330.939,19.9
1452,SBT4050,1,5,4.028834,6.213,3330.939,19.9
1452,SBT4050,1,5,4.019558,5.577,3330.939,19.9
1452,SBT4050,1,5,4.013066,5.154,3330.939,19.9
1452,SBT4050,1,5,4.0214192,5.572,3330.939,19.9
1452,SBT4050,1,5,4.0303496,5.978,3330.939,19.9
1452,SBT4050,1,5,4.026416,5.61,3330.939,19.9
1452,SBT4050,1,5,4.0153396,4.892,3330.939,19.9
1452,SBT4050,1,5,4.000494,4.0461,3330.939,20
1452,SBT4050,1,5,3.9843268,3.1536,3330.939,20
1452,SBT4050,1,5,3.9681228,2.341,3330.939,20
1452,SBT4050,1,5,3.9550424,1.698,3330.939,20
1452,SBT4050,1,5,3.9412628,1.0749,3330.939,20
1452,SBT4050,1,5,3.9286368,0.507,3330.939,20
1452,SBT4050,1,5,3.920434,0.20601,3330.939,20
1452,SBT4050,1,5,3.9143224,0.028001,3330.939,20
1452,SBT4050,1,5,3.9108604,-0.039004,3330.941,20
1452,SBT4050,1,5,3.9086032,-0.038002,3330.952,20
1452,SBT4050,1,5,3.9067796,-0.038,3330.962,20
1452,SBT4050,1,5,3.9048172,-0.05401,3330.973,20
1452,SBT4050,1,5,3.9037112,-0.033998,3330.987,20
1452,SBT4050,1,5,3.8902052,-0.702,3331.025,20
1452,SBT4050,1,5,3.8443408,-3.1223,3331.321,20
1452,SBT4050,1,5,3.7765256,-6.511,3332.331,20
1452,SBT4050,1,5,3.699938,-10.101,3334.29,20
1452,SBT4050,1,5,3.6150168,-13.997,3337.259,20
1452,SBT4050,1,5,3.5443004,-16.953,3341.271,20.1
1452,SBT4050,1,5,3.5220336,-17.212,3345.991,20.1
1452,SBT4050,1,5,3.5423936,-15.306,3350.692,20
1452,SBT4050,1,5,3.5817676,-12.603,3354.831,20
1452,SBT4050,1,5,3.6273396,-9.772,3358.213,20
1452,SBT4050,1,5,3.6790032,-6.781,3360.802,20
1452,SBT4050,1,5,3.7143232,-4.893,3362.606,20
1452,SBT4050,1,5,3.7313792,-4.0678,3363.931,20
1452,SBT4050,1,5,3.7479844,-3.2405,3365.026,20
1452,SBT4050,1,5,3.7672692,-2.2732,3365.886,20
1452,SBT4050,1,5,3.7770424,-1.872,3366.5,20
1452,SBT4050,1,5,3.7973784,-0.835,3366.977,20.1
1452,SBT4050,1,5,3.8141516,-0.089,3367.177,20.1
1452,SBT4050,1,5,3.8139968,-0.30495,3367.211,20.1
1452,SBT4050,1,5,3.8021184,-1.0949,3367.329,20.1
1452,SBT4050,1,5,3.7947516,-1.5399,3367.652,20.1
1452,SBT4050,1,5,3.7773792,-2.5136,3368.121,20.2
1452,SBT4050,1,5,3.773248,-2.6739,3368.826,20.1
1452,SBT4050,1,5,3.7688256,-2.8499,3369.576,20.1
1452,SBT4050,1,5,3.7794924,-2.1882,3370.34,20.1
1452,SBT4050,1,5,3.7958356,-1.289,3370.91,20.2
1452,SBT4050,1,5,3.8119508,-0.4839,3371.234,20.2
1452,SBT4050,1,5,3.8334448,0.5921,3371.348,20.1
1452,SBT4050,1,5,3.865528,2.2331,3371.348,20.1
1452,SBT4050,1,5,3.890296,3.3257,3371.348,20.1
1452,SBT4050,1,5,3.8996316,3.5276,3371.348,20.1
1452,SBT4050,1,5,3.9212856,4.4843,3371.348,20.1
1452,SBT4050,1,5,3.9039736,3.1865,3371.348,20
1452,SBT4050,1,5,3.9137392,3.6079,3371.348,20.1
1452,SBT4050,1,5,3.9011012,2.6881,3371.348,20.1
1452,SBT4050,1,5,3.9114864,3.1931,3371.348,20.1
1452,SBT4050,1,5,3.896678,2.1851,3371.348,20.2
1452,SBT4050,1,5,3.9090088,2.8383,3371.348,20.2
1452,SBT4050,1,5,3.8827356,1.228,3371.348,20.2
1452,SBT4050,1,5,3.8820084,1.2231,3371.348,20.2
1452,SBT4050,1,5,3.8751064,0.8279,3371.348,20.2
1452,SBT4050,1,5,3.8760724,0.8799,3371.348,20.2
1452,SBT4050,1,5,3.8739304,0.7699,3371.348,20.2
1452,SBT4050,1,5,3.8797252,1.063,3371.348,20.1
1452,SBT4050,1,5,3.9106712,2.7581,3371.348,20.1
1452,SBT4050,1,5,3.9169272,2.911,3371.348,20.2
1452,SBT4050,1,5,3.9129328,2.524,3371.348,20.1
1452,SBT4050,1,5,3.9326076,3.5578,3371.348,20.1
1452,SBT4050,1,5,3.9054832,1.817,3371.348,20.1
1452,SBT4050,1,5,3.8408592,-1.7608,3371.422,20.1
1452,SBT4050,1,5,3.8010928,-3.5961,3371.988,20.1
1452,SBT4050,1,5,3.7784568,-4.452,3373.023,20.1
1452,SBT4050,1,5,3.744188,-5.993,3374.324,20.1
1452,SBT4050,1,5,3.7471564,-5.363,3375.962,20.1
1452,SBT4050,1,5,3.7633188,-4.1874,3377.402,20.2
1452,SBT4050,1,5,3.7701492,-3.6663,3378.544,20.1
1452,SBT4050,1,5,3.7784392,-3.1073,3379.539,20.2
1452,SBT4050,1,5,3.767532,-3.659,3380.425,20.2
1452,SBT4050,1,5,3.776302,-3.03,3381.415,20.2
1452,SBT4050,1,5,3.7962564,-1.844,3382.207,20.1
1452,SBT4050,1,5,3.8114992,-1.049,3382.686,20.2
1452,SBT4050,1,5,3.82848,-0.18704,3382.941,20.2
1452,SBT4050,1,5,3.8341064,-0.012001,3382.985,20.2
1452,SBT4050,1,5,3.8356956,-0.022998,3382.989,20.1
1452,SBT4050,1,5,3.8427552,0.29101,3382.995,20.1
1452,SBT4050,1,5,3.8428968,0.211,3382.995,20.1
1452,SBT4050,1,5,3.83933,-0.044995,3382.996,20.2
1452,SBT4050,1,5,3.831934,-0.48396,3383.027,20.1
1452,SBT4050,1,5,3.8379868,-0.13,3383.147,20
1452,SBT4050,1,5,3.8253392,-0.8828,3383.215,20
1452,SBT4050,1,5,3.8271964,-0.7349,3383.454,20.1
1452,SBT4050,1,5,3.825432,-0.8159,3383.661,20.1
1452,SBT4050,1,5,3.832794,-0.40002,3383.87,20
1452,SBT4050,1,5,3.8305532,-0.5509,3383.988,20
1452,SBT4050,1,5,3.8191456,-1.1769,3384.167,20
1452,SBT4050,1,5,3.8244764,-0.8181,3384.479,20.1
1452,SBT4050,1,5,3.820316,-1.0459,3384.716,20.1
1452,SBT4050,1,5,3.8495548,0.605,3384.962,20.1
1452,SBT4050,1,5,3.8624428,1.154,3384.962,20
1452,SBT4050,1,5,3.8701936,1.4328,3384.962,20
1452,SBT4050,1,5,3.8711828,1.327,3384.962,20.1
1452,SBT4050,1,5,3.8791356,1.6601,3384.962,20.1
1452,SBT4050,1,5,3.8493016,-0.09699,3384.967,20.1
1452,SBT4050,1,5,3.8520724,0.136,3384.989,20.1
1452,SBT4050,1,5,3.8579908,0.45007,3384.989,20.1
1452,SBT4050,1,5,3.8543904,0.19798,3384.989,20.1
1452,SBT4050,1,5,3.8676496,0.9228,3384.989,20.1
1452,SBT4050,1,5,3.8670892,0.809,3384.989,20.1
1452,SBT4050,1,5,3.865806,0.6878,3384.989,20.1
1452,SBT4050,1,5,3.862146,0.42201,3384.989,20.1
1452,SBT4050,1,5,3.8707824,0.8949,3384.989,20
1452,SBT4050,1,5,3.8536248,-0.124,3384.995,20
1452,SBT4050,1,5,3.8714304,0.91,3385.024,20
1452,SBT4050,1,5,3.8602072,0.21298,3385.024,20
1452,SBT4050,1,5,3.8557904,-0.019001,3385.025,20
1452,SBT4050,1,5,3.8534404,-0.12899,3385.035,20
1452,SBT4050,1,5,3.8473972,-0.44299,3385.084,19.9
1452,SBT4050,1,5,3.82402,-1.668,3385.258,19.9
1452,SBT4050,1,5,3.8273092,-1.3112,3385.706,19.9
1452,SBT4050,1,5,3.8454872,-0.24998,3386.026,19.9
1452,SBT4050,1,5,3.8422132,-0.48101,3386.105,19.9
1452,SBT4050,1,5,3.8681948,0.9518,3386.219,19.9
1452,SBT4050,1,5,3.8751368,1.174,3386.219,20
1452,SBT4050,1,5,3.8968,2.2322,3386.219,20
1452,SBT4050,1,5,3.878776,1.0509,3386.219,20
1452,SBT4050,1,5,3.8901856,1.6609,3386.219,20.1
1452,SBT4050,1,5,3.8747712,0.7069,3386.219,20
1452,SBT4050,1,5,3.8866868,1.3849,3386.219,20
1452,SBT4050,1,5,3.867194,0.21502,3386.219,20
1452,SBT4050,1,5,3.8690712,0.40201,3386.219,19.9
1452,SBT4050,1,5,3.8577632,-0.24303,3386.229,20
1452,SBT4050,1,5,3.8592676,-0.082,3386.289,19.9
1452,SBT4050,1,5,3.8625884,0.10999,3386.309,19.8
1452,SBT4050,1,5,3.8609508,0.034996,3386.309,19.9
1452,SBT4050,1,5,3.8602964,-0.019001,3386.31,19.9
1452,SBT4050,1,5,3.8661328,0.30198,3386.314,20
1452,SBT4050,1,5,3.8692824,0.45203,3386.314,19.9
1452,SBT4050,1,5,3.8551492,-0.35003,3386.329,20
1452,SBT4050,1,5,3.85908,-0.07799,3386.415,20
1452,SBT4050,1,5,3.867026,0.358,3386.433,20
1452,SBT4050,1,5,3.8639812,0.154,3386.433,20
1452,SBT4050,1,5,3.8607572,-0.019001,3386.434,19.9
1452,SBT4050,1,5,3.8564064,-0.24798,3386.449,19.9
1452,SBT4050,1,5,3.8497912,-0.5659,3386.531,19.9
1452,SBT4050,1,5,3.8564068,-0.14897,3386.671,19.9
1452,SBT4050,1,5,3.8549124,-0.241,3386.716,19.8
1452,SBT4050,1,5,3.8524928,-0.364,3386.788,19.8
1452,SBT4050,1,5,3.8648312,0.32992,3386.874,19.9
1452,SBT4050,1,5,3.854692,-0.293,3386.886,19.9
1452,SBT4050,1,5,3.8536436,-0.29797,3386.968,19.8
1452,SBT4050,1,5,3.8566548,-0.11401,3387.043,19.8
1452,SBT4050,1,5,3.8468804,-0.6529,3387.097,19.9
1452,SBT4050,1,5,3.84976,-0.43901,3387.269,19.9
1452,SBT4050,1,5,3.8670876,0.524,3387.373,19.9
1452,SBT4050,1,5,3.867752,0.45995,3387.373,19.8
1452,SBT4050,1,5,3.8621008,0.101,3387.373,19.8
1452,SBT4050,1,5,3.8675468,0.40298,3387.373,19.8
1452,SBT4050,1,5,3.8620028,0.061,3387.373,19.8
1452,SBT4050,1,5,3.8604228,-0.023997,3387.374,19.7
1452,SBT4050,1,5,3.8559684,-0.24798,3387.39,19.8
1452,SBT4050,1,5,3.8510576,-0.47297,3387.468,19.8
1452,SBT4050,1,5,3.8578252,-0.07199,3387.583,19.8
1452,SBT4050,1,5,3.8552504,-0.22601,3387.609,19.8
1452,SBT4050,1,5,3.847476,-0.6349,3387.689,19.8
1452,SBT4050,1,5,3.841766,-0.8959,3387.877,19.8
1452,SBT4050,1,5,3.8455204,-0.6069,3388.113,19.8
1452,SBT4050,1,5,3.8183824,-2.0498,3388.342,19.8
1452,SBT4050,1,5,3.8009312,-2.7948,3388.943,19.7
1452,SBT4050,1,5,3.7943324,-2.9181,3389.725,19.7
1452,SBT4050,1,5,3.7876452,-3.0958,3390.543,19.8
1452,SBT4050,1,5,3.7773288,-3.4931,3391.419,19.7
1452,SBT4050,1,5,3.7930752,-2.4497,3392.346,19.6
1452,SBT4050,1,5,3.79242,-2.4261,3393.025,19.7
1452,SBT4050,1,5,3.7970136,-2.1161,3393.686,19.7
1452,SBT4050,1,5,3.7965724,-2.087,3394.273,19.7
1452,SBT4050,1,5,3.796402,-2.0431,3394.851,19.8
1452,SBT4050,1,5,3.7999184,-1.8027,3395.408,19.7
1452,SBT4050,1,5,3.8036516,-1.595,3395.9,19.7
1452,SBT4050,1,5,3.8027816,-1.6199,3396.344,19.7
1452,SBT4050,1,5,3.7964004,-1.9429,3396.808,19.8
1452,SBT4050,1,5,3.7702536,-3.2949,3397.404,19.8
1452,SBT4050,1,5,3.7450064,-4.489,3398.37,19.7
1452,SBT4050,1,5,3.7216912,-5.536,3399.66,19.7
1452,SBT4050,1,5,3.7420632,-4.1397,3401.139,19.7
1452,SBT4050,1,5,3.759984,-3.0965,3402.246,19.7
1452,SBT4050,1,5,3.795066,-1.1852,3403.026,19.7
1452,SBT4050,1,5,3.8162944,-0.19799,3403.313,19.7
1452,SBT4050,1,5,3.836096,0.7219,3403.36,19.6
1452,SBT4050,1,5,3.8238496,-0.13199,3403.366,19.7
1452,SBT4050,1,5,3.8329308,0.293,3403.397,19.7
1452,SBT4050,1,5,3.8512204,1.1839,3403.397,19.7
1452,SBT4050,1,5,3.8565496,1.304,3403.397,19.6
1452,SBT4050,1,5,3.871978,1.9869,3403.397,19.6
1452,SBT4050,1,5,3.8714112,1.7619,3403.397,19.7
1452,SBT4050,1,5,3.86229,1.1221,3403.397,19.7
1452,SBT4050,1,5,3.8449084,0.11799,3403.397,19.6
1452,SBT4050,1,5,3.8436224,0.07899,3403.397,19.6
1452,SBT4050,1,5,3.8351196,-0.37602,3403.413,19.7
1452,SBT4050,1,5,3.817932,-1.2739,3403.555,19.7
1452,SBT4050,1,5,3.8017324,-2.0329,3403.94,19.7
1452,SBT4050,1,5,3.7812624,-2.9798,3404.545,19.6
1452,SBT4050,1,5,3.756754,-4.0744,3405.419,19.7
1452,SBT4050,1,5,3.741804,-4.6292,3406.574,19.7
1452,SBT4050,1,5,3.7273304,-5.162,3407.882,19.8
1452,SBT4050,1,5,3.7162444,-5.516,3409.331,19.7
1452,SBT4050,1,5,3.731406,-4.467,3410.819,19.7
1452,SBT4050,1,5,3.7787536,-1.8087,3411.948,19.7
1452,SBT4050,1,5,3.8213024,0.33801,3412.375,19.8
1452,SBT4050,1,5,3.850084,1.642,3412.375,19.7
1452,SBT4050,1,5,3.8510232,1.421,3412.375,19.7
1452,SBT4050,1,5,3.8408768,0.6889,3412.375,19.7
1452,SBT4050,1,5,3.8086932,-1.1311,3412.422,19.7
1452,SBT4050,1,5,3.7716252,-3.0325,3412.816,19.7
1452,SBT4050,1,5,3.7690028,-2.9056,3413.653,19.6
1452,SBT4050,1,5,3.7909968,-1.592,3414.405,19.6
1452,SBT4050,1,5,3.8087344,-0.6501,3414.808,19.7
1452,SBT4050,1,5,3.8166988,-0.31502,3414.974,19.7
1452,SBT4050,1,5,3.840732,0.909,3415.049,19.6
1452,SBT4050,1,5,3.8612256,1.8399,3415.049,19.6
1452,SBT4050,1,5,3.871668,2.1883,3415.049,19.7
1452,SBT4050,1,5,3.883674,2.6203,3415.049,19.7
1452,SBT4050,1,5,3.9033968,3.5,3415.049,19.7
1452,SBT4050,1,5,3.9214116,4.1861,3415.049,19.6
1452,SBT4050,1,5,3.9398976,4.9199,3415.049,19.6
1452,SBT4050,1,5,3.9621928,5.811,3415.049,19.7
1452,SBT4050,1,5,3.9730192,6.047,3415.049,19.7
1452,SBT4050,1,5,3.9768832,5.927,3415.049,19.7
1452,SBT4050,1,5,3.9706956,5.311,3415.049,19.6
1452,SBT4050,1,5,3.945812,3.7571,3415.049,19.6
1452,SBT4050,1,5,3.91535,2.0411,3415.049,19.6
1452,SBT4050,1,5,3.904624,1.5447,3415.049,19.6
1452,SBT4050,1,5,3.8854052,0.5511,3415.049,19.5
1452,SBT4050,1,5,3.8683596,-0.24498,3415.059,19.5
1452,SBT4050,1,5,3.8599916,-0.534,3415.139,19.5
1452,SBT4050,1,5,3.8509076,-0.872,3415.302,19.6
1452,SBT4050,1,5,3.8334692,-1.6739,3415.577,19.6
1452,SBT4050,1,5,3.8264004,-1.857,3416.05,19.6
1452,SBT4050,1,5,3.8272252,-1.6319,3416.556,19.5
1452,SBT4050,1,5,3.833042,-1.2029,3416.992,19.6
1452,SBT4050,1,5,3.852732,-0.09,3417.279,19.6
1452,SBT4050,1,5,3.8585548,0.14002,3417.3,19.7
1452,SBT4050,1,5,3.8763204,1.0571,3417.3,19.5
1452,SBT4050,1,5,3.8923968,1.7709,3417.3,19.5
1452,SBT4050,1,5,3.8973924,1.8628,3417.3,19.6
1452,SBT4050,1,5,3.8947272,1.5929,3417.3,19.6
1452,SBT4050,1,5,3.8947628,1.5099,3417.3,19.5
1452,SBT4050,1,5,3.875608,0.42001,3417.3,19.5
1452,SBT4050,1,5,3.8648824,-0.075,3417.304,19.5
1452,SBT4050,1,5,3.864844,-0.010999,3417.322,19.6
1452,SBT4050,1,5,3.8468236,-0.9269,3417.363,19.5
1452,SBT4050,1,5,3.83457,-1.449,3417.643,19.5
1452,SBT4050,1,5,3.8353736,-1.235,3418.036,19.5
1452,SBT4050,1,5,3.8267436,-1.61,3418.395,19.6
1452,SBT4050,1,5,3.8181056,-1.9481,3418.856,19.6
1452,SBT4050,1,5,3.823374,-1.512,3419.379,19.6
1452,SBT4050,1,5,3.8361024,-0.7509,3419.767,19.6
1452,SBT4050,1,5,3.836162,-0.7652,3419.976,19.6
1452,SBT4050,1,5,3.8303512,-1.0699,3420.202,19.6
1452,SBT4050,1,5,3.8408148,-0.45696,3420.473,19.6
1452,SBT4050,1,5,3.8390268,-0.5708,3420.605,19.6
1452,SBT4050,1,5,3.8240032,-1.363,3420.797,19.6
1452,SBT4050,1,5,3.8306308,-0.9179,3421.157,19.6
1452,SBT4050,1,5,3.8372984,-0.53,3421.395,19.6
1452,SBT4050,1,5,3.8363088,-0.603,3421.545,19.6
1452,SBT4050,1,5,3.8453704,-0.11299,3421.692,19.5
1452,SBT4050,1,5,3.8507128,0.135,3421.719,19.5
1452,SBT4050,1,5,3.8650436,0.834,3421.719,19.6
1452,SBT4050,1,5,3.8661996,0.748,3421.719,19.6
1452,SBT4050,1,5,3.8536688,0.003,3421.719,19.6
1452,SBT4050,1,5,3.8599048,0.36403,3421.719,19.6
1452,SBT4050,1,5,3.8702892,0.8589,3421.719,19.5
1452,SBT4050,1,5,3.8489752,-0.36198,3421.734,19.6
1452,SBT4050,1,5,3.8466748,-0.41595,3421.837,19.6
1452,SBT4050,1,5,3.8618416,0.438,3421.935,19.6
1452,SBT4050,1,5,3.8511424,-0.216,3421.944,19.5
1452,SBT4050,1,5,3.8349904,-1.0389,3422.039,19.5
1452,SBT4050,1,5,3.8461816,-0.32203,3422.297,19.5
1452,SBT4050,1,5,3.8524756,-0.011,3422.374,19.4
1452,SBT4050,1,5,3.8305456,-1.2088,3422.427,19.4
1452,SBT4050,1,5,3.8327508,-0.958,3422.752,19.4
1452,SBT4050,1,5,3.8458644,-0.20597,3422.987,19.5
1452,SBT4050,1,5,3.8464816,-0.22398,3423.045,19.5
1452,SBT4050,1,5,3.8415704,-0.501,3423.119,19.4
1452,SBT4050,1,5,3.8465752,-0.199,3423.245,19.4
1452,SBT4050,1,5,3.8484824,-0.13002,3423.297,19.5
1452,SBT4050,1,5,3.8503364,-0.038998,3423.33,19.6
1452,SBT4050,1,5,3.8412172,-0.561,3423.363,19.5
1452,SBT4050,1,5,3.8319216,-0.986,3423.536,19.5
1452,SBT4050,1,5,3.8355124,-0.721,3423.799,19.5
1452,SBT4050,1,5,3.8258216,-1.2111,3424.02,19.5
1452,SBT4050,1,5,3.8192604,-1.4819,3424.367,19.5
1452,SBT4050,1,5,3.8303936,-0.7849,3424.75,19.4
1452,SBT4050,1,5,3.843594,-0.084,3424.939,19.4
1452,SBT4050,1,5,3.8473052,0.033999,3424.958,19.5
1452,SBT4050,1,5,3.8601968,0.681,3424.958,19.5
1452,SBT4050,1,5,3.8445156,-0.28198,3424.97,19.5
1452,SBT4050,1,5,3.8375804,-0.611,3425.062,19.4
1452,SBT4050,1,5,3.8327692,-0.8239,3425.241,19.5
1452,SBT4050,1,5,3.8454044,-0.095,3425.439,19.5
1452,SBT4050,1,5,3.8573628,0.48695,3425.462,19.5
1452,SBT4050,1,5,3.8810052,1.632,3425.462,19.4
1452,SBT4050,1,5,3.8932388,2.0802,3425.462,19.4
1452,SBT4050,1,5,3.891832,1.796,3425.462,19.5
1452,SBT4050,1,5,3.8648388,0.24899,3425.462,19.5
1452,SBT4050,1,5,3.8612264,0.131,3425.462,19.4
1452,SBT4050,1,5,3.8467012,-0.6269,3425.488,19.4
1452,SBT4050,1,5,3.850204,-0.31699,3425.649,19.4
1452,SBT4050,1,5,3.857052,0.065,3425.724,19.4
1452,SBT4050,1,5,3.888042,1.69,3425.724,19.5
1452,SBT4050,1,5,3.8878512,1.4481,3425.724,19.4
1452,SBT4050,1,5,3.9069696,2.3727,3425.724,19.4
1452,SBT4050,1,5,3.8917864,1.3607,3425.724,19.5
1452,SBT4050,1,5,3.8888416,1.1989,3425.724,19.5
1452,SBT4050,1,5,3.8784836,0.6041,3425.724,19.4
1452,SBT4050,1,5,3.8761348,0.4979,3425.724,19.4
1452,SBT4050,1,5,3.8651988,-0.05299,3425.726,19.4
1452,SBT4050,1,5,3.8660888,0.05899,3425.739,19.5
1452,SBT4050,1,5,3.867256,0.15999,3425.739,19.4
1452,SBT4050,1,5,3.8665404,0.10399,3425.739,19.3
1452,SBT4050,1,5,3.864752,0.033002,3425.739,19.3
1452,SBT4050,1,5,3.880732,0.904,3425.739,19.4
1452,SBT4050,1,5,3.8768452,0.5961,3425.739,19.5
1452,SBT4050,1,5,3.8835104,0.9279,3425.739,19.4
1452,SBT4050,1,5,3.8737456,0.32699,3425.739,19.3
1452,SBT4050,1,5,3.8758564,0.48795,3425.739,19.4
1452,SBT4050,1,5,3.8668712,-0.009999,3425.739,19.5
1452,SBT4050,1,5,3.87992,0.731,3425.741,19.4
1452,SBT4050,1,5,3.9035464,1.9152,3425.741,19.4
1452,SBT4050,1,5,3.9110936,2.1467,3425.741,19.3
1452,SBT4050,1,5,3.9213772,2.565,3425.741,19.4
1452,SBT4050,1,5,3.9290556,2.7874,3425.741,19.4
1452,SBT4050,1,5,3.9251304,2.4325,3425.741,19.4
1452,SBT4050,1,5,3.9058272,1.3128,3425.741,19.3
1452,SBT4050,1,5,3.8952268,0.784,3425.741,19.3
1452,SBT4050,1,5,3.8838304,0.22798,3425.741,19.3
1452,SBT4050,1,5,3.8764408,-0.081,3425.745,19.4
1452,SBT4050,1,5,3.875908,-0.027,3425.765,19.4
1452,SBT4050,1,5,3.8681,-0.38299,3425.787,19.3
1452,SBT4050,1,5,3.8744836,0.026999,3425.878,19.4
1452,SBT4050,1,5,3.8647348,-0.46901,3425.897,19.4
1452,SBT4050,1,5,3.875474,0.173,3426.008,19.4
1452,SBT4050,1,5,3.863842,-0.46203,3426.027,19.4
1452,SBT4050,1,5,3.8560772,-0.783,3426.169,19.3
1452,SBT4050,1,5,3.859132,-0.516,3426.375,19.4
1452,SBT4050,1,5,3.8598832,-0.44997,3426.516,19.4
1452,SBT4050,1,5,3.858686,-0.47401,3426.642,19.4
1452,SBT4050,1,5,3.8606288,-0.34002,3426.768,19.3
1452,SBT4050,1,5,3.8653888,-0.06199,3426.851,19.4
1452,SBT4050,1,5,3.8532656,-0.7179,3426.896,19.5
1452,SBT4050,1,5,3.8622652,-0.15599,3427.071,19.5
1452,SBT4050,1,5,3.8654232,-0.015997,3427.109,19.5
1452,SBT4050,1,5,3.8908508,1.3029,3427.113,19.4
1452,SBT4050,1,5,3.9207864,2.7078,3427.113,19.4
1452,SBT4050,1,5,3.9453716,3.7159,3427.113,19.4
1452,SBT4050,1,5,3.9832376,5.454,3427.113,19.5
1452,SBT4050,1,5,3.9987852,5.888,3427.113,19.5
1452,SBT4050,1,5,4.0270164,7.104,3427.113,19.5
1452,SBT4050,1,5,4.0337316,7.086,3427.113,19.4
1452,SBT4050,1,5,4.0477888,7.569,3427.113,19.4
1452,SBT4050,1,5,4.0198584,5.754,3427.113,19.4
1452,SBT4050,1,5,4.0367892,6.603,3427.113,19.4
1452,SBT4050,1,5,4.0286636,5.94,3427.113,19.4
1452,SBT4050,1,5,4.027412,5.754,3427.113,19.4
1452,SBT4050,1,5,4.0340804,6.036,3427.113,19.3
1452,SBT4050,1,5,4.058284,7.19,3427.113,19.4
1452,SBT4050,1,5,4.0457412,6.286,3427.113,19.3
1452,SBT4050,1,5,4.0486304,6.347,3427.113,19.3
1452,SBT4050,1,5,4.0509076,6.356,3427.113,19.3
1452,SBT4050,1,5,4.0473112,6.05,3427.113,19.3
1452,SBT4050,1,5,4.0394064,5.531,3427.113,19.3
1452,SBT4050,1,5,4.0389424,5.468,3427.113,19.3
1452,SBT4050,1,5,4.0251836,4.6459,3427.113,19.4
1452,SBT4050,1,5,4.0119644,3.953,3427.113,19.4
1452,SBT4050,1,5,3.9990952,3.2888,3427.113,19.4
1452,SBT4050,1,5,3.983882,2.5218,3427.113,19.3
1452,SBT4050,1,5,3.9646384,1.5909,3427.113,19.4
1452,SBT4050,1,5,3.9494372,0.9049,3427.113,19.4
1452,SBT4050,1,5,3.9375872,0.42498,3427.113,19.5
1452,SBT4050,1,5,3.928228,0.062,3427.113,19.5
1452,SBT4050,1,5,3.9238332,-0.024995,3427.114,19.5
1452,SBT4050,1,5,3.921642,-0.023001,3427.121,19.5
1452,SBT4050,1,5,3.9193892,-0.02,3427.127,19.5
1452,SBT4050,1,5,3.9176504,-0.033003,3427.133,19.4
1452,SBT4050,1,5,3.9161604,-0.029002,3427.142,19.4
1452,SBT4050,1,5,3.9111376,-0.21396,3427.158,19.4
1452,SBT4050,1,5,3.8827796,-1.6709,3427.278,19.4
1452,SBT4050,1,5,3.843722,-3.5796,3427.823,19.4
1452,SBT4050,1,5,3.8034564,-5.457,3428.896,19.4
1452,SBT4050,1,5,3.7673932,-7.004,3430.477,19.4
1452,SBT4050,1,5,3.7500952,-7.496,3432.443,19.4
1452,SBT4050,1,5,3.7712652,-5.927,3434.459,19.4
1452,SBT4050,1,5,3.8115772,-3.5541,3436.006,19.4
1452,SBT4050,1,5,3.8569684,-1.1011,3436.891,19.5
1452,SBT4050,1,5,3.8925108,0.643,3437.15,19.4
1452,SBT4050,1,5,3.9269068,2.2943,3437.15,19.4
1452,SBT4050,1,5,3.9375516,2.6067,3437.15,19.5
1452,SBT4050,1,5,3.9329956,2.151,3437.15,19.5
1452,SBT4050,1,5,3.9135024,0.9779,3437.15,19.5
1452,SBT4050,1,5,3.8833512,-0.6478,3437.178,19.5
1452,SBT4050,1,5,3.8352896,-3.11,3437.461,19.5
1452,SBT4050,1,5,3.7882636,-5.345,3438.418,19.5
1452,SBT4050,1,5,3.7536356,-6.816,3439.965,19.5
1452,SBT4050,1,5,3.743222,-6.928,3441.863,19.4
1452,SBT4050,1,5,3.7729864,-4.969,3443.705,19.5
1452,SBT4050,1,5,3.8266556,-1.9689,3444.959,19.5
1452,SBT4050,1,5,3.8819956,0.8281,3445.424,19.4
1452,SBT4050,1,5,3.9361236,3.4309,3445.424,19.5
1452,SBT4050,1,5,3.9725236,4.974,3445.424,19.5
1452,SBT4050,1,5,3.977722,4.8393,3445.424,19.5
1452,SBT4050,1,5,3.967474,4.0079,3445.424,19.5
1452,SBT4050,1,5,3.9548484,3.1458,3445.424,19.5
1452,SBT4050,1,5,3.9405768,2.2999,3445.424,19.5
1452,SBT4050,1,5,3.9262936,1.4848,3445.424,19.6
1452,SBT4050,1,5,3.9105204,0.6439,3445.424,19.5
1452,SBT4050,1,5,3.8879328,-0.5049,3445.445,19.5
1452,SBT4050,1,5,3.8500508,-2.4109,3445.665,19.5
1452,SBT4050,1,5,3.8070572,-4.4822,3446.422,19.5
1452,SBT4050,1,5,3.7674352,-6.232,3447.74,19.5
1452,SBT4050,1,5,3.74533,-6.969,3449.502,19.5
1452,SBT4050,1,5,3.7576332,-5.872,3451.391,19.6
1452,SBT4050,1,5,3.803692,-3.1502,3452.909,19.6
1452,SBT4050,1,5,3.8615324,-0.09401,3453.655,19.6
1452,SBT4050,1,5,3.9219136,2.8759,3453.678,19.6
1452,SBT4050,1,5,3.9655112,4.7787,3453.678,19.6
1452,SBT4050,1,5,3.9820236,5.23,3453.678,19.5
1452,SBT4050,1,5,3.9777276,4.6353,3453.678,19.5
1452,SBT4050,1,5,3.9630748,3.6114,3453.678,19.5
1452,SBT4050,1,5,3.945512,2.5597,3453.678,19.5
1452,SBT4050,1,5,3.922046,1.2559,3453.678,19.5
1452,SBT4050,1,5,3.8899616,-0.42796,3453.695,19.5
1452,SBT4050,1,5,3.8502804,-2.4018,3453.897,19.5
1452,SBT4050,1,5,3.8062708,-4.4779,3454.651,19.5
1452,SBT4050,1,5,3.7628528,-6.425,3455.977,19.5
1452,SBT4050,1,5,3.7302028,-7.671,3457.814,19.5
1452,SBT4050,1,5,3.7427544,-6.476,3459.894,19.5
1452,SBT4050,1,5,3.7921224,-3.5372,3461.57,19.5
1452,SBT4050,1,5,3.844476,-0.761,3462.436,19.5
1452,SBT4050,1,5,3.9021304,2.0778,3462.615,19.6
1452,SBT4050,1,5,3.9547684,4.4917,3462.615,19.6
1452,SBT4050,1,5,3.97017,4.8374,3462.615,19.5
1452,SBT4050,1,5,3.9568644,3.7444,3462.615,19.5
1452,SBT4050,1,5,3.9409004,2.7207,3462.615,19.6
1452,SBT4050,1,5,3.9228364,1.6658,3462.615,19.5
1452,SBT4050,1,5,3.9089464,0.9109,3462.615,19.5
1452,SBT4050,1,5,3.8984164,0.385,3462.615,19.5
1452,SBT4050,1,5,3.8910008,0.020996,3462.615,19.5
1452,SBT4050,1,5,3.8887584,-0.024001,3462.616,19.5
1452,SBT4050,1,5,3.8881984,-0.023998,3462.623,19.5
1452,SBT4050,1,5,3.8877372,-0.023995,3462.63,19.5
1452,SBT4050,1,5,3.887368,-0.023,3462.636,19.5
1452,SBT4050,1,5,3.8844436,-0.17001,3462.649,19.5
1452,SBT4050,1,5,3.8615192,-1.3711,3462.746,19.5
1452,SBT4050,1,5,3.8176288,-3.578,3463.22,19.4
1452,SBT4050,1,5,3.7703788,-5.776,3464.306,19.5
1452,SBT4050,1,5,3.7041976,-8.864,3466.04,19.5
1452,SBT4050,1,5,3.6252168,-12.438,3468.652,19.5
1452,SBT4050,1,5,3.5944388,-13.206,3472.139,19.4
1452,SBT4050,1,5,3.5748468,-13.539,3475.821,19.5
1452,SBT4050,1,5,3.5274688,-15.478,3479.664,19.5
1452,SBT4050,1,5,3.5013752,-16.187,3483.993,19.5
1452,SBT4050,1,5,3.54462,-13.166,3488.363,19.5
1452,SBT4050,1,5,3.5898812,-10.421,3491.905,19.4
1452,SBT4050,1,5,3.657342,-6.635,3494.641,19.5
1452,SBT4050,1,5,3.752478,-1.6152,3496.274,19.5
1452,SBT4050,1,5,3.8702732,4.3419,3496.655,19.5
1452,SBT4050,1,5,3.9263756,6.574,3496.655,19.5
1452,SBT4050,1,5,3.954084,7.322,3496.655,19.5
1452,SBT4050,1,5,3.976022,7.868,3496.655,19.6
1452,SBT4050,1,5,3.9944668,8.245,3496.655,19.6
1452,SBT4050,1,5,3.9897032,7.404,3496.655,19.5
1452,SBT4050,1,5,3.9931728,7.145,3496.655,19.6
1452,SBT4050,1,5,3.9944128,6.784,3496.655,19.6
1452,SBT4050,1,5,3.9896556,6.148,3496.655,19.6
1452,SBT4050,1,5,3.9828684,5.48,3496.655,19.5
1452,SBT4050,1,5,3.968714,4.4651,3496.655,19.6
1452,SBT4050,1,5,3.9504244,3.328,3496.655,19.6
1452,SBT4050,1,5,3.9293076,2.127,3496.655,19.6
1452,SBT4050,1,5,3.9077272,0.9599,3496.655,19.6
1452,SBT4050,1,5,3.9057916,0.9599,3496.655,
