1448,SBT4050,1,5,4.1724196,-0.0001,2415.328,
1448,SBT4050,1,5,3.9704652,-10,2415.995,18.9
1448,SBT4050,1,5,3.9509632,-10,2418.772,18.9
1448,SBT4050,1,5,3.9383172,-10.001,2421.55,18.9
1448,SBT4050,1,5,3.928328,-10,2424.328,18.9
1448,SBT4050,1,5,3.91947,-9.999,2427.105,18.9
1448,SBT4050,1,5,3.9116156,-9.999,2429.883,18.9
1448,SBT4050,1,5,3.9044992,-9.999,2432.661,18.9
1448,SBT4050,1,5,3.8977684,-9.998,2435.438,18.8
1448,SBT4050,1,5,3.89188,-9.999,2438.216,18.9
1448,SBT4050,1,5,3.8861236,-10.001,2440.993,18.9
1448,SBT4050,1,5,3.8808784,-10.001,2443.771,18.9
1448,SBT4050,1,5,3.875994,-9.998,2446.549,18.9
1448,SBT4050,1,5,3.8712916,-9.999,2449.326,18.9
1448,SBT4050,1,5,3.8667976,-10.001,2452.104,18.9
1448,SBT4050,1,5,3.8625564,-9.999,2454.881,19
1448,SBT4050,1,5,3.8583844,-9.999,2457.659,19
1448,SBT4050,1,5,3.8547376,-9.999,2460.436,18.9
1448,SBT4050,1,5,3.8511616,-9.998,2463.214,18.9
1448,SBT4050,1,5,3.8477816,-9.999,2465.991,18.9
1448,SBT4050,1,5,3.844206,-9.999,2468.769,19
1448,SBT4050,1,5,3.8412736,-9.999,2471.547,19
1448,SBT4050,1,5,3.8380752,-9.999,2474.324,19
1448,SBT4050,1,5,3.8354052,-10.001,2477.102,19
1448,SBT4050,1,5,3.8326648,-9.999,2479.879,19
1448,SBT4050,1,5,3.8299828,-9.999,2482.657,19
1448,SBT4050,1,5,3.8273448,-9.999,2485.435,19.1
1448,SBT4050,1,5,3.8251752,-10.001,2488.212,19.1
1448,SBT4050,1,5,3.8227752,-9.999,2490.99,19
1448,SBT4050,1,5,3.8203884,-10.001,2493.768,19
1448,SBT4050,1,5,3.818076,-10.001,2496.545,19.1
1448,SBT4050,1,5,3.8162404,-9.999,2499.323,19.2
1448,SBT4050,1,5,3.8143808,-10.003,2502.1,19.2
1448,SBT4050,1,5,3.8122608,-9.999,2504.878,19.1
1448,SBT4050,1,5,3.8104252,-9.999,2507.656,19.1
1448,SBT4050,1,5,3.8086296,-9.999,2510.433,19.2
1448,SBT4050,1,5,3.8069448,-10.001,2513.211,19.2
1448,SBT4050,1,5,3.8050972,-9.998,2515.989,19.3
1448,SBT4050,1,5,3.803558,-9.999,2518.766,19.2
1448,SBT4050,1,5,3.801806,-10.001,2521.544,19.2
1448,SBT4050,1,5,3.800218,-9.999,2524.322,19.3
1448,SBT4050,1,5,3.7987756,-9.999,2527.099,19.4
1448,SBT4050,1,5,3.7970864,-10.001,2529.877,19.3
1448,SBT4050,1,5,3.7958032,-10.001,2532.654,19.3
1448,SBT4050,1,5,3.7942652,-10.001,2535.432,19.3
1448,SBT4050,1,5,3.7929848,-9.999,2538.21,19.4
1448,SBT4050,1,5,3.7912564,-9.999,2540.987,19.4
1448,SBT4050,1,5,3.7903552,-10.001,2543.765,19.4
1448,SBT4050,1,5,3.7887816,-9.999,2546.543,19.4
1448,SBT4050,1,5,3.7874928,-9.999,2549.32,19.4
1448,SBT4050,1,5,3.786122,-9.999,2552.098,19.5
1448,SBT4050,1,5,3.7849568,-9.999,2554.876,19.5
1448,SBT4050,1,5,3.7836292,-9.999,2557.653,19.5
1448,SBT4050,1,5,3.7824376,-9.998,2560.431,19.4
1448,SBT4050,1,5,3.7811616,-9.998,2563.209,19.5
1448,SBT4050,1,5,3.7801008,-10.001,2565.986,19.6
1448,SBT4050,1,5,3.7788104,-9.998,2568.764,19.6
1448,SBT4050,1,5,3.7775828,-9.999,2571.541,19.5
1448,SBT4050,1,5,3.7763596,-9.999,2574.319,19.5
1448,SBT4050,1,5,3.7754384,-10.002,2577.097,19.6
1448,SBT4050,1,5,3.7741392,-10.001,2579.874,19.7
1448,SBT4050,1,5,3.7732104,-9.999,2582.652,19.6
1448,SBT4050,1,5,3.772138,-9.999,2585.43,19.6
1448,SBT4050,1,5,3.7709368,-9.999,2588.207,19.7
1448,SBT4050,1,5,3.7699712,-9.999,2590.985,19.7
1448,SBT4050,1,5,3.7688412,-10,2593.762,19.7
1448,SBT4050,1,5,3.768036,-10,2596.54,19.7
1448,SBT4050,1,5,3.7667964,-10,2599.318,19.7
1448,SBT4050,1,5,3.7657736,-10,2602.096,19.8
1448,SBT4050,1,5,3.7647128,-9.999,2604.873,19.8
1448,SBT4050,1,5,3.7638672,-9.999,2607.651,19.8
1448,SBT4050,1,5,3.762842,-10.001,2610.428,19.8
1448,SBT4050,1,5,3.7618352,-9.998,2613.206,19.9
1448,SBT4050,1,5,3.7609292,-9.999,2615.984,20
1448,SBT4050,1,5,3.7600096,-9.999,2618.761,19.9
1448,SBT4050,1,5,3.7590176,-9.999,2621.539,19.9
1448,SBT4050,1,5,3.758028,-10,2624.317,20
1448,SBT4050,1,5,3.7571088,-9.998,2627.094,20
1448,SBT4050,1,5,3.756,-9.997,2629.872,20
1448,SBT4050,1,5,3.7553356,-10,2632.65,20
1448,SBT4050,1,5,3.7544656,-10.001,2635.427,20
1448,SBT4050,1,5,3.7532712,-10,2638.205,20.1
1448,SBT4050,1,5,3.7524052,-9.998,2640.983,20.1
1448,SBT4050,1,5,3.7515588,-10,2643.761,20.1
1448,SBT4050,1,5,3.7507216,-9.998,2646.538,20.1
1448,SBT4050,1,5,3.7496964,-10.001,2649.316,20.1
1448,SBT4050,1,5,3.74883,-10,2652.094,20.2
1448,SBT4050,1,5,3.7481624,-10,2654.871,20.2
1448,SBT4050,1,5,3.7473056,-10,2657.649,20.1
1448,SBT4050,1,5,3.7461376,-10,2660.427,20.1
1448,SBT4050,1,5,3.7454844,-9.998,2663.204,20.2
1448,SBT4050,1,5,3.7444972,-9.998,2665.982,20.2
1448,SBT4050,1,5,3.744044,-10,2668.76,20.2
1448,SBT4050,1,5,3.74297,-10,2671.537,20.2
1448,SBT4050,1,5,3.7419328,-10,2674.315,20.2
1448,SBT4050,1,5,3.7410996,-10,2677.093,20.3
1448,SBT4050,1,5,3.7403488,-10,2679.871,20.3
1448,SBT4050,1,5,3.739562,-10,2682.648,20.3
1448,SBT4050,1,5,3.738598,-10,2685.426,20.3
1448,SBT4050,1,5,3.7378232,-9.998,2688.204,20.4
1448,SBT4050,1,5,3.7367648,-10.001,2690.981,20.4
1448,SBT4050,1,5,3.7363,-10,2693.759,20.3
1448,SBT4050,1,5,3.7352712,-10,2696.537,20.3
1448,SBT4050,1,5,3.7344488,-10,2699.314,20.4
1448,SBT4050,1,5,3.7337216,-9.998,2702.092,20.4
1448,SBT4050,1,5,3.7328956,-10.001,2704.87,20.5
1448,SBT4050,1,5,3.7321444,-9.998,2707.648,20.4
1448,SBT4050,1,5,3.731154,-9.998,2710.425,20.5
1448,SBT4050,1,5,3.7302364,-10,2713.203,20.5
1448,SBT4050,1,5,3.7294272,-9.999,2715.981,20.5
1448,SBT4050,1,5,3.7286764,-9.999,2718.758,20.5
1448,SBT4050,1,5,3.7279436,-10.001,2721.536,20.5
1448,SBT4050,1,5,3.7269064,-9.999,2724.313,20.6
1448,SBT4050,1,5,3.7260728,-9.999,2727.091,20.6
1448,SBT4050,1,5,3.7253188,-9.999,2729.869,20.6
1448,SBT4050,1,5,3.7246392,-9.999,2732.646,20.6
1448,SBT4050,1,5,3.7236544,-10.001,2735.424,20.6
1448,SBT4050,1,5,3.722844,-9.999,2738.202,20.6
1448,SBT4050,1,5,3.72205,-9.999,2740.979,20.7
1448,SBT4050,1,5,3.7211084,-9.999,2743.757,20.6
1448,SBT4050,1,5,3.7204288,-9.999,2746.535,20.6
1448,SBT4050,1,5,3.7195828,-9.999,2749.312,20.7
1448,SBT4050,1,5,3.7187248,-9.999,2752.09,20.7
1448,SBT4050,1,5,3.717938,-9.999,2754.867,20.7
1448,SBT4050,1,5,3.7170796,-9.998,2757.645,20.6
1448,SBT4050,1,5,3.7163308,-9.999,2760.423,20.7
1448,SBT4050,1,5,3.7151984,-9.999,2763.2,20.7
1448,SBT4050,1,5,3.7145544,-9.999,2765.978,20.8
1448,SBT4050,1,5,3.7138368,-9.999,2768.756,20.7
1448,SBT4050,1,5,3.7129072,-9.999,2771.533,20.7
1448,SBT4050,1,5,3.712064,-10,2774.311,20.8
1448,SBT4050,1,5,3.7109556,-10.002,2777.088,20.8
1448,SBT4050,1,5,3.7102236,-9.999,2779.866,20.8
1448,SBT4050,1,5,3.7094128,-9.999,2782.644,20.8
1448,SBT4050,1,5,3.7084544,-9.999,2785.421,20.8
1448,SBT4050,1,5,3.7075248,-10,2788.199,20.9
1448,SBT4050,1,5,3.7067904,-9.999,2790.977,20.9
1448,SBT4050,1,5,3.7058944,-10,2793.754,20.9
1448,SBT4050,1,5,3.7048456,-9.999,2796.532,20.8
1448,SBT4050,1,5,3.7040284,-9.999,2799.309,20.8
1448,SBT4050,1,5,3.7033608,-9.999,2802.087,20.9
1448,SBT4050,1,5,3.7024228,-9.997,2804.865,20.9
1448,SBT4050,1,5,3.7018984,-9.999,2807.642,20.9
1448,SBT4050,1,5,3.700716,-9.999,2810.42,20.9
1448,SBT4050,1,5,3.69996,-9.999,2813.197,21
1448,SBT4050,1,5,3.6988992,-10,2815.975,21
1448,SBT4050,1,5,3.6981584,-10,2818.753,21
1448,SBT4050,1,5,3.6971808,-10,2821.53,21
1448,SBT4050,1,5,3.6962784,-9.998,2824.308,21
1448,SBT4050,1,5,3.6956824,-10,2827.086,21
1448,SBT4050,1,5,3.694562,-10.002,2829.863,21.1
1448,SBT4050,1,5,3.6936788,-10,2832.641,21.1
1448,SBT4050,1,5,3.6928324,-10,2835.418,21.1
1448,SBT4050,1,5,3.691692,-10,2838.196,21.2
1448,SBT4050,1,5,3.6909412,-10,2840.974,21.2
1448,SBT4050,1,5,3.6900584,-10,2843.751,21.1
1448,SBT4050,1,5,3.6892716,-10.002,2846.529,21.1
1448,SBT4050,1,5,3.6882912,-9.998,2849.306,21.2
1448,SBT4050,1,5,3.6873612,-9.998,2852.084,21.2
1448,SBT4050,1,5,3.6863624,-9.999,2854.862,21.2
1448,SBT4050,1,5,3.6854436,-10,2857.639,21.2
1448,SBT4050,1,5,3.6845972,-10,2860.417,21.2
1448,SBT4050,1,5,3.6836548,-9.998,2863.195,21.2
1448,SBT4050,1,5,3.6828084,-10,2865.972,21.3
1448,SBT4050,1,5,3.681882,-10,2868.75,21.2
1448,SBT4050,1,5,3.6807852,-10,2871.527,21.2
1448,SBT4050,1,5,3.679834,-9.999,2874.305,21.3
1448,SBT4050,1,5,3.6790516,-10,2877.083,21.3
1448,SBT4050,1,5,3.6781096,-9.999,2879.86,21.3
1448,SBT4050,1,5,3.677152,-9.999,2882.638,21.2
1448,SBT4050,1,5,3.6763772,-9.999,2885.416,21.2
1448,SBT4050,1,5,3.6750376,-10,2888.193,21.3
1448,SBT4050,1,5,3.674418,-9.999,2890.971,21.4
1448,SBT4050,1,5,3.67351,-10,2893.748,21.4
1448,SBT4050,1,5,3.6724728,-9.999,2896.526,21.3
1448,SBT4050,1,5,3.6715584,-10,2899.304,21.3
1448,SBT4050,1,5,3.6706584,-9.999,2902.081,21.4
1448,SBT4050,1,5,3.6696092,-10,2904.859,21.4
1448,SBT4050,1,5,3.6688796,-9.999,2907.636,21.4
1448,SBT4050,1,5,3.6677712,-10,2910.414,21.3
1448,SBT4050,1,5,3.6667804,-9.999,2913.192,21.4
1448,SBT4050,1,5,3.665684,-10,2915.969,21.5
1448,SBT4050,1,5,3.6646784,-9.999,2918.747,21.5
1448,SBT4050,1,5,3.6638548,-9.999,2921.524,21.4
1448,SBT4050,1,5,3.6629372,-9.999,2924.302,21.4
1448,SBT4050,1,5,3.6620476,-9.997,2927.079,21.4
1448,SBT4050,1,5,3.6610464,-9.999,2929.857,21.5
1448,SBT4050,1,5,3.6600524,-9.999,2932.635,21.5
1448,SBT4050,1,5,3.6594444,-9.999,2935.412,21.4
1448,SBT4050,1,5,3.6581896,-9.999,2938.19,21.5
1448,SBT4050,1,5,3.657172,-10,2940.967,21.6
1448,SBT4050,1,5,3.6562424,-9.997,2943.745,21.6
1448,SBT4050,1,5,3.65529,-9.999,2946.523,21.6
1448,SBT4050,1,5,3.654432,-9.997,2949.3,21.5
1448,SBT4050,1,5,3.6533976,-10.001,2952.078,21.5
1448,SBT4050,1,5,3.6521696,-9.999,2954.856,21.6
1448,SBT4050,1,5,3.6514928,-10.001,2957.633,21.6
1448,SBT4050,1,5,3.6503724,-10.001,2960.411,21.6
1448,SBT4050,1,5,3.6494192,-9.999,2963.189,21.6
1448,SBT4050,1,5,3.6484244,-9.999,2965.966,21.6
1448,SBT4050,1,5,3.6474468,-10.001,2968.744,21.7
1448,SBT4050,1,5,3.646428,-9.998,2971.522,21.7
1448,SBT4050,1,5,3.6451288,-9.999,2974.299,21.7
1448,SBT4050,1,5,3.64435,-9.999,2977.077,21.6
1448,SBT4050,1,5,3.6435752,-9.999,2979.855,21.6
1448,SBT4050,1,5,3.6426532,-10.001,2982.632,21.7
1448,SBT4050,1,5,3.6415296,-10.001,2985.41,21.8
1448,SBT4050,1,5,3.6404568,-10,2988.188,21.7
1448,SBT4050,1,5,3.63968,-10,2990.965,21.7
1448,SBT4050,1,5,3.6386784,-9.999,2993.743,21.7
1448,SBT4050,1,5,3.6376848,-10,2996.521,21.8
1448,SBT4050,1,5,3.6367192,-9.999,2999.298,21.8
1448,SBT4050,1,5,3.6355596,-10,3002.076,21.7
1448,SBT4050,1,5,3.6347268,-10,3004.854,21.7
1448,SBT4050,1,5,3.6335708,-9.999,3007.631,21.7
1448,SBT4050,1,5,3.6327004,-9.999,3010.409,21.8
1448,SBT4050,1,5,3.6317828,-9.999,3013.187,21.8
1448,SBT4050,1,5,3.6306384,-9.999,3015.964,21.8
1448,SBT4050,1,5,3.6296488,-10,3018.742,21.8
1448,SBT4050,1,5,3.6286248,-9.999,3021.519,21.7
1448,SBT4050,1,5,3.6277904,-10,3024.297,21.8
1448,SBT4050,1,5,3.6264352,-10,3027.075,21.9
1448,SBT4050,1,5,3.6257748,-10,3029.852,21.8
1448,SBT4050,1,5,3.6246184,-10,3032.63,21.8
1448,SBT4050,1,5,3.623684,-10,3035.408,21.8
1448,SBT4050,1,5,3.6227184,-9.999,3038.185,21.9
1448,SBT4050,1,5,3.621622,-9.999,3040.963,21.9
1448,SBT4050,1,5,3.620394,-9.999,3043.741,21.9
1448,SBT4050,1,5,3.6195452,-9.998,3046.518,21.9
1448,SBT4050,1,5,3.6187844,-10.001,3049.296,21.9
1448,SBT4050,1,5,3.617664,-9.999,3052.074,21.9
1448,SBT4050,1,5,3.6166368,-9.997,3054.852,22
1448,SBT4050,1,5,3.6156832,-10.001,3057.629,22
1448,SBT4050,1,5,3.614502,-9.999,3060.407,21.9
1448,SBT4050,1,5,3.613644,-9.999,3063.185,22
1448,SBT4050,1,5,3.6127676,-9.999,3065.962,22
1448,SBT4050,1,5,3.611826,-10.001,3068.74,22.1
1448,SBT4050,1,5,3.6102736,-9.999,3071.518,22
1448,SBT4050,1,5,3.6096088,-9.999,3074.295,22
1448,SBT4050,1,5,3.6084884,-10.001,3077.073,22
1448,SBT4050,1,5,3.6076128,-10.001,3079.85,22
1448,SBT4050,1,5,3.6064924,-9.999,3082.628,22.1
1448,SBT4050,1,5,3.6053852,-10.001,3085.406,22.1
1448,SBT4050,1,5,3.6043124,-9.999,3088.184,22
1448,SBT4050,1,5,3.6034312,-9.999,3090.961,22
1448,SBT4050,1,5,3.6025512,-9.999,3093.739,22.1
1448,SBT4050,1,5,3.60124,-10.001,3096.517,22.1
1448,SBT4050,1,5,3.6004272,-9.999,3099.294,22
1448,SBT4050,1,5,3.5994736,-9.999,3102.072,22
1448,SBT4050,1,5,3.5985004,-10.001,3104.85,22
1448,SBT4050,1,5,3.5974276,-9.999,3107.627,22.1
1448,SBT4050,1,5,3.5964624,-10.001,3110.405,22.1
1448,SBT4050,1,5,3.5953152,-9.999,3113.183,22.1
1448,SBT4050,1,5,3.5941352,-9.999,3115.96,22
1448,SBT4050,1,5,3.5932532,-9.999,3118.738,22
1448,SBT4050,1,5,3.5922044,-9.999,3121.515,22.1
1448,SBT4050,1,5,3.5910848,-9.999,3124.293,22.2
1448,SBT4050,1,5,3.5900836,-9.999,3127.071,22.1
1448,SBT4050,1,5,3.5891472,-9.998,3129.848,22
1448,SBT4050,1,5,3.5881936,-9.999,3132.626,22.1
1448,SBT4050,1,5,3.586854,-10.001,3135.404,22.2
1448,SBT4050,1,5,3.586152,-9.999,3138.181,22.2
1448,SBT4050,1,5,3.5850556,-10.001,3140.959,22.1
1448,SBT4050,1,5,3.5841992,-9.999,3143.737,22.1
1448,SBT4050,1,5,3.5829952,-10.001,3146.514,22.1
1448,SBT4050,1,5,3.5819896,-9.999,3149.292,22.2
1448,SBT4050,1,5,3.5808812,-9.998,3152.069,22.2
1448,SBT4050,1,5,3.5797956,-9.999,3154.847,22.1
1448,SBT4050,1,5,3.578982,-9.998,3157.625,22.2
1448,SBT4050,1,5,3.5779212,-9.998,3160.402,22.2
1448,SBT4050,1,5,3.5766436,-10,3163.18,22.3
1448,SBT4050,1,5,3.5755588,-9.999,3165.958,22.2
1448,SBT4050,1,5,3.5746304,-9.999,3168.735,22.2
1448,SBT4050,1,5,3.573522,-9.998,3171.513,22.2
1448,SBT4050,1,5,3.5725748,-9.999,3174.29,22.3
1448,SBT4050,1,5,3.5714392,-10.001,3177.068,22.3
1448,SBT4050,1,5,3.570438,-9.999,3179.846,22.2
1448,SBT4050,1,5,3.5697116,-10.001,3182.623,22.2
1448,SBT4050,1,5,3.5685912,-9.999,3185.401,22.2
1448,SBT4050,1,5,3.5677836,-9.999,3188.178,22.3
1448,SBT4050,1,5,3.566556,-9.999,3190.956,22.2
1448,SBT4050,1,5,3.5655192,-9.999,3193.734,22.2
1448,SBT4050,1,5,3.5644108,-9.999,3196.511,22.3
1448,SBT4050,1,5,3.5634428,-9.999,3199.289,22.3
1448,SBT4050,1,5,3.5620644,-9.999,3202.066,22.3
1448,SBT4050,1,5,3.5614088,-9.999,3204.844,22.3
1448,SBT4050,1,5,3.5601476,-9.999,3207.621,22.3
1448,SBT4050,1,5,3.5593252,-9.998,3210.399,22.3
1448,SBT4050,1,5,3.5582076,-10.001,3213.177,22.4
1448,SBT4050,1,5,3.557218,-9.999,3215.954,22.3
1448,SBT4050,1,5,3.556322,-10.001,3218.732,22.3
1448,SBT4050,1,5,3.5549384,-9.999,3221.509,22.3
1448,SBT4050,1,5,3.554104,-9.999,3224.287,22.3
1448,SBT4050,1,5,3.5531476,-9.999,3227.065,22.3
1448,SBT4050,1,5,3.551884,-9.999,3229.842,22.3
1448,SBT4050,1,5,3.5511064,-10.001,3232.62,22.3
1448,SBT4050,1,5,3.5497476,-9.998,3235.397,22.4
1448,SBT4050,1,5,3.5488756,-10.001,3238.175,22.3
1448,SBT4050,1,5,3.547902,-9.999,3240.953,22.3
1448,SBT4050,1,5,3.5470796,-9.999,3243.73,22.3
1448,SBT4050,1,5,3.5457768,-10.001,3246.508,22.3
1448,SBT4050,1,5,3.5448116,-10.001,3249.285,22.4
1448,SBT4050,1,5,3.5437608,-9.998,3252.063,22.3
1448,SBT4050,1,5,3.5429024,-10.001,3254.841,22.4
1448,SBT4050,1,5,3.541606,-9.999,3257.618,22.4
1448,SBT4050,1,5,3.5405572,-9.999,3260.396,22.4
1448,SBT4050,1,5,3.5396964,-9.999,3263.173,22.4
1448,SBT4050,1,5,3.538436,-9.999,3265.951,22.4
1448,SBT4050,1,5,3.537566,-10.001,3268.729,22.4
1448,SBT4050,1,5,3.5366276,-10.001,3271.506,22.4
1448,SBT4050,1,5,3.53565,-9.999,3274.284,22.4
1448,SBT4050,1,5,3.5343576,-9.999,3277.061,22.4
1448,SBT4050,1,5,3.533404,-10.001,3279.839,22.4
1448,SBT4050,1,5,3.532226,-9.999,3282.617,22.5
1448,SBT4050,1,5,3.5314192,-9.999,3285.394,22.4
1448,SBT4050,1,5,3.5300244,-9.999,3288.172,22.4
1448,SBT4050,1,5,3.5291272,-10.001,3290.949,22.4
1448,SBT4050,1,5,3.528126,-9.999,3293.727,22.5
1448,SBT4050,1,5,3.5271188,-9.999,3296.505,22.5
1448,SBT4050,1,5,3.5258792,-9.999,3299.282,22.4
1448,SBT4050,1,5,3.5251116,-10.001,3302.06,22.4
1448,SBT4050,1,5,3.523872,-10.001,3304.838,22.5
1448,SBT4050,1,5,3.5227816,-9.999,3307.615,22.5
1448,SBT4050,1,5,3.5216964,-10.001,3310.393,22.5
1448,SBT4050,1,5,3.5206832,-9.999,3313.171,22.5
1448,SBT4050,1,5,3.5194452,-10,3315.948,22.5
1448,SBT4050,1,5,3.5186108,-10,3318.726,22.6
1448,SBT4050,1,5,3.517502,-9.997,3321.503,22.5
1448,SBT4050,1,5,3.5163336,-9.999,3324.281,22.5
1448,SBT4050,1,5,3.515462,-10,3327.058,22.5
1448,SBT4050,1,5,3.5142132,-10,3329.836,22.6
1448,SBT4050,1,5,3.5133548,-9.999,3332.614,22.6
1448,SBT4050,1,5,3.5123928,-10,3335.391,22.6
1448,SBT4050,1,5,3.5112244,-10.001,3338.169,22.5
1448,SBT4050,1,5,3.5100732,-9.999,3340.947,22.5
1448,SBT4050,1,5,3.508774,-9.997,3343.724,22.6
1448,SBT4050,1,5,3.5081452,-9.999,3346.502,22.6
1448,SBT4050,1,5,3.5072264,-9.999,3349.279,22.5
1448,SBT4050,1,5,3.5059628,-9.999,3352.057,22.6
1448,SBT4050,1,5,3.5047284,-10.002,3354.835,22.6
1448,SBT4050,1,5,3.5037984,-9.999,3357.612,22.6
1448,SBT4050,1,5,3.5027772,-9.999,3360.39,22.5
1448,SBT4050,1,5,3.5016208,-9.999,3363.167,22.5
1448,SBT4050,1,5,3.5004764,-10.001,3365.945,22.6
1448,SBT4050,1,5,3.4995704,-9.999,3368.723,22.6
1448,SBT4050,1,5,3.4983912,-9.999,3371.501,22.6
1448,SBT4050,1,5,3.4972168,-10.001,3374.278,22.6
1448,SBT4050,1,5,3.4962036,-9.999,3377.056,22.6
1448,SBT4050,1,5,3.4952088,-10.001,3379.834,22.7
1448,SBT4050,1,5,3.4941244,-9.999,3382.611,22.6
1448,SBT4050,1,5,3.4930736,-9.999,3385.389,22.6
1448,SBT4050,1,5,3.4918816,-9.999,3388.166,22.6
1448,SBT4050,1,5,3.4911332,-9.999,3390.944,22.6
1448,SBT4050,1,5,3.489654,-10.001,3393.722,22.7
1448,SBT4050,1,5,3.4886292,-9.999,3396.499,22.6
1448,SBT4050,1,5,3.4873584,-9.999,3399.277,22.6
1448,SBT4050,1,5,3.486536,-9.999,3402.055,22.6
1448,SBT4050,1,5,3.485626,-9.999,3404.832,22.7
1448,SBT4050,1,5,3.4842788,-9.999,3407.61,22.7
1448,SBT4050,1,5,3.483346,-9.999,3410.388,22.6
1448,SBT4050,1,5,3.482416,-10.001,3413.165,22.7
1448,SBT4050,1,5,3.4810092,-9.999,3415.943,22.7
1448,SBT4050,1,5,3.4799152,-9.999,3418.721,22.7
1448,SBT4050,1,5,3.478914,-10.001,3421.498,22.6
1448,SBT4050,1,5,3.4779004,-9.998,3424.276,22.6
1448,SBT4050,1,5,3.4768156,-9.999,3427.053,22.7
1448,SBT4050,1,5,3.475632,-9.999,3429.831,22.7
1448,SBT4050,1,5,3.4747024,-10.001,3432.609,22.7
1448,SBT4050,1,5,3.473642,-10.001,3435.386,22.7
1448,SBT4050,1,5,3.4725372,-9.999,3438.164,22.7
1448,SBT4050,1,5,3.4713572,-9.999,3440.942,22.7
1448,SBT4050,1,5,3.4702304,-9.999,3443.719,22.7
1448,SBT4050,1,5,3.4693008,-9.999,3446.497,22.7
1448,SBT4050,1,5,3.4681056,-9.999,3449.275,22.7
1448,SBT4050,1,5,3.4671044,-10.001,3452.052,22.7
1448,SBT4050,1,5,3.4660044,-9.999,3454.83,22.7
1448,SBT4050,1,5,3.4648336,-10.001,3457.608,22.7
1448,SBT4050,1,5,3.4636536,-10.001,3460.385,22.7
1448,SBT4050,1,5,3.4626272,-9.998,3463.163,22.7
1448,SBT4050,1,5,3.4615784,-9.999,3465.94,22.7
1448,SBT4050,1,5,3.4604284,-9.999,3468.718,22.8
1448,SBT4050,1,5,3.4594152,-10.001,3471.495,22.7
1448,SBT4050,1,5,3.4582208,-9.999,3474.273,22.8
1448,SBT4050,1,5,3.4573164,-9.999,3477.051,22.8
1448,SBT4050,1,5,3.4562672,-10.001,3479.828,22.8
1448,SBT4050,1,5,3.45532,-9.999,3482.606,22.7
1448,SBT4050,1,5,3.454104,-10.001,3485.383,22.7
1448,SBT4050,1,5,3.4530736,-10.001,3488.161,22.8
1448,SBT4050,1,5,3.4516432,-10.001,3490.939,22.8
1448,SBT4050,1,5,3.45077,-9.999,3493.716,22.7
1448,SBT4050,1,5,3.4495184,-10.001,3496.494,22.7
1448,SBT4050,1,5,3.44836,-10.001,3499.272,22.8
1448,SBT4050,1,5,3.447326,-9.999,3502.049,22.8
1448,SBT4050,1,5,3.4464556,-10.001,3504.827,22.8
1448,SBT4050,1,5,3.4451272,-9.999,3507.605,22.7
1448,SBT4050,1,5,3.444102,-9.999,3510.382,22.8
1448,SBT4050,1,5,3.4431736,-9.999,3513.16,22.8
1448,SBT4050,1,5,3.4420768,-9.999,3515.938,22.8
1448,SBT4050,1,5,3.4408564,-9.999,3518.715,22.8
1448,SBT4050,1,5,3.4396128,-9.999,3521.493,22.8
1448,SBT4050,1,5,3.4386948,-9.999,3524.271,22.8
1448,SBT4050,1,5,3.437842,-10.001,3527.048,22.9
1448,SBT4050,1,5,3.4366976,-10.002,3529.826,22.9
1448,SBT4050,1,5,3.43515,-9.998,3532.604,22.8
1448,SBT4050,1,5,3.4344468,-10.001,3535.381,22.8
1448,SBT4050,1,5,3.4334432,-9.999,3538.159,22.9
1448,SBT4050,1,5,3.4323824,-9.999,3540.937,22.8
1448,SBT4050,1,5,3.4312696,-9.999,3543.714,22.8
1448,SBT4050,1,5,3.4300764,-9.999,3546.492,22.8
1448,SBT4050,1,5,3.4290272,-9.999,3549.27,22.9
1448,SBT4050,1,5,3.4280028,-9.999,3552.047,22.9
1448,SBT4050,1,5,3.426954,-9.998,3554.825,22.8
1448,SBT4050,1,5,3.4258808,-10.001,3557.603,22.8
1448,SBT4050,1,5,3.4249152,-9.999,3560.38,22.8
1448,SBT4050,1,5,3.423744,-9.999,3563.158,22.9
1448,SBT4050,1,5,3.4230148,-9.999,3565.935,22.9
1448,SBT4050,1,5,3.421906,-10.001,3568.713,22.8
1448,SBT4050,1,5,3.4207304,-9.999,3571.491,22.9
1448,SBT4050,1,5,3.4196216,-9.999,3574.268,22.9
1448,SBT4050,1,5,3.4186792,-9.998,3577.046,22.9
1448,SBT4050,1,5,3.41763,-10.001,3579.823,22.8
1448,SBT4050,1,5,3.4164096,-9.999,3582.601,22.8
1448,SBT4050,1,5,3.4153756,-9.999,3585.378,22.9
1448,SBT4050,1,5,3.4142792,-9.999,3588.156,22.9
1448,SBT4050,1,5,3.4132812,-9.999,3590.934,22.9
1448,SBT4050,1,5,3.4121012,-9.999,3593.711,22.8
1448,SBT4050,1,5,3.4111492,-9.999,3596.489,22.9
1448,SBT4050,1,5,3.4102912,-10.001,3599.266,22.9
1448,SBT4050,1,5,3.4090848,-9.999,3602.044,22.9
1448,SBT4050,1,5,3.408,-10.001,3604.821,22.8
1448,SBT4050,1,5,3.4070776,-10.001,3607.599,22.9
1448,SBT4050,1,5,3.4059648,-9.999,3610.377,22.9
1448,SBT4050,1,5,3.40488,-9.999,3613.154,22.9
1448,SBT4050,1,5,3.4038812,-9.998,3615.932,22.9
1448,SBT4050,1,5,3.4029992,-9.999,3618.709,22.8
1448,SBT4050,1,5,3.401884,-9.999,3621.487,22.9
1448,SBT4050,1,5,3.4007396,-10.002,3624.265,22.9
1448,SBT4050,1,5,3.3999404,-9.999,3627.042,22.9
1448,SBT4050,1,5,3.39877,-9.999,3629.82,22.9
1448,SBT4050,1,5,3.3978164,-10.001,3632.597,22.8
1448,SBT4050,1,5,3.3968392,-9.999,3635.375,22.9
1448,SBT4050,1,5,3.3959096,-9.999,3638.152,22.9
1448,SBT4050,1,5,3.3947696,-10.001,3640.93,22.9
1448,SBT4050,1,5,3.3936968,-9.999,3643.708,22.9
1448,SBT4050,1,5,3.392786,-9.999,3646.485,22.9
1448,SBT4050,1,5,3.3917684,-9.999,3649.263,23
1448,SBT4050,1,5,3.3907792,-9.998,3652.04,23
1448,SBT4050,1,5,3.38973,-9.999,3654.818,22.9
1448,SBT4050,1,5,3.3886332,-10,3657.596,22.9
1448,SBT4050,1,5,3.3878156,-9.998,3660.373,22.9
1448,SBT4050,1,5,3.3868384,-10,3663.151,23
1448,SBT4050,1,5,3.3857764,-9.999,3665.929,22.9
1448,SBT4050,1,5,3.384644,-9.999,3668.706,22.9
1448,SBT4050,1,5,3.3837792,-9.998,3671.484,23
1448,SBT4050,1,5,3.3828196,-9.999,3674.261,23
1448,SBT4050,1,5,3.3818184,-9.998,3677.039,23
1448,SBT4050,1,5,3.3809224,-9.998,3679.817,23
1448,SBT4050,1,5,3.3796944,-10.001,3682.594,23
1448,SBT4050,1,5,3.3788512,-9.998,3685.372,23
1448,SBT4050,1,5,3.3777784,-9.998,3688.149,23
1448,SBT4050,1,5,3.3768436,-10,3690.927,23
1448,SBT4050,1,5,3.3760128,-9.998,3693.705,23
1448,SBT4050,1,5,3.3749044,-10.001,3696.482,23
1448,SBT4050,1,5,3.3739524,-10.001,3699.26,23
1448,SBT4050,1,5,3.3730228,-9.999,3702.038,23
1448,SBT4050,1,5,3.3721588,-10.001,3704.815,23
1448,SBT4050,1,5,3.371086,-9.999,3707.593,23.1
1448,SBT4050,1,5,3.3702896,-9.999,3710.37,23.1
1448,SBT4050,1,5,3.3690376,-10.001,3713.148,23.1
1448,SBT4050,1,5,3.368234,-9.999,3715.926,23
1448,SBT4050,1,5,3.36726,-10.001,3718.703,23.1
1448,SBT4050,1,5,3.366354,-10.001,3721.481,23.1
1448,SBT4050,1,5,3.3653592,-9.998,3724.258,23.1
1448,SBT4050,1,5,3.3645604,-9.999,3727.036,23.1
1448,SBT4050,1,5,3.3634144,-9.999,3729.814,23.1
1448,SBT4050,1,5,3.3624012,-9.999,3732.591,23.1
1448,SBT4050,1,5,3.3614744,-10.001,3735.369,23.1
1448,SBT4050,1,5,3.3606832,-9.999,3738.146,23.1
1448,SBT4050,1,5,3.3598012,-10.001,3740.924,23.1
1448,SBT4050,1,5,3.3587884,-10.001,3743.702,23.1
1448,SBT4050,1,5,3.3577156,-10.001,3746.479,23.2
1448,SBT4050,1,5,3.3567836,-9.999,3749.257,23.1
1448,SBT4050,1,5,3.3557824,-9.999,3752.035,23.1
1448,SBT4050,1,5,3.354999,-9.999,3754.812,23.1
1448,SBT4050,1,5,3.353997,-9.999,3757.59,23.2
1448,SBT4050,1,5,3.353091,-9.999,3760.367,23.2
1448,SBT4050,1,5,3.3520798,-10.001,3763.145,23.1
1448,SBT4050,1,5,3.3511978,-9.999,3765.923,23.2
1448,SBT4050,1,5,3.350084,-10.001,3768.7,23.2
1448,SBT4050,1,5,3.34919,-10.001,3771.478,23.1
1448,SBT4050,1,5,3.348396,-9.997,3774.256,23.1
1448,SBT4050,1,5,3.3472278,-9.999,3777.033,23.1
1448,SBT4050,1,5,3.3464304,-9.999,3779.811,23.2
1448,SBT4050,1,5,3.3453804,-10.001,3782.589,23.2
1448,SBT4050,1,5,3.3446176,-9.999,3785.366,23.1
1448,SBT4050,1,5,3.3436432,-9.999,3788.144,23.1
1448,SBT4050,1,5,3.3427492,-9.998,3790.922,23.2
1448,SBT4050,1,5,3.3419232,-10.001,3793.699,23.2
1448,SBT4050,1,5,3.3407432,-9.998,3796.477,23.1
1448,SBT4050,1,5,3.340047,-10.001,3799.254,23.1
1448,SBT4050,1,5,3.3391172,-9.998,3802.032,23.2
1448,SBT4050,1,5,3.3382708,-9.999,3804.81,23.2
1448,SBT4050,1,5,3.3371336,-9.999,3807.587,23.2
1448,SBT4050,1,5,3.336156,-10.001,3810.365,23.1
1448,SBT4050,1,5,3.335203,-10.001,3813.142,23.2
1448,SBT4050,1,5,3.334464,-9.998,3815.92,23.2
1448,SBT4050,1,5,3.3335408,-9.999,3818.698,23.2
1448,SBT4050,1,5,3.3326696,-9.999,3821.475,23.2
1448,SBT4050,1,5,3.3316564,-10.001,3824.253,23.1
1448,SBT4050,1,5,3.330808,-9.999,3827.031,23.2
1448,SBT4050,1,5,3.3299496,-9.999,3829.808,23.2
1448,SBT4050,1,5,3.3288776,-10.001,3832.586,23.2
1448,SBT4050,1,5,3.327924,-9.999,3835.364,23.2
1448,SBT4050,1,5,3.3271348,-10.001,3838.141,23.2
1448,SBT4050,1,5,3.3263004,-9.999,3840.919,23.2
1448,SBT4050,1,5,3.3254412,-10,3843.697,23.2
1448,SBT4050,1,5,3.3242684,-9.999,3846.474,23.2
1448,SBT4050,1,5,3.3236128,-9.999,3849.252,23.2
1448,SBT4050,1,5,3.3224888,-9.999,3852.029,23.2
1448,SBT4050,1,5,3.3217022,-9.998,3854.807,23.3
1448,SBT4050,1,5,3.3207808,-9.998,3857.585,23.2
1448,SBT4050,1,5,3.3198272,-9.998,3860.362,23.2
1448,SBT4050,1,5,3.3189604,-9.999,3863.14,23.2
1448,SBT4050,1,5,3.3180946,-9.999,3865.917,23.3
1448,SBT4050,1,5,3.3171648,-9.999,3868.695,23.2
1448,SBT4050,1,5,3.3162126,-9.999,3871.473,23.2
1448,SBT4050,1,5,3.3154378,-9.999,3874.25,23.2
1448,SBT4050,1,5,3.314476,-10.001,3877.028,23.2
1448,SBT4050,1,5,3.3135106,-9.998,3879.805,23.3
1448,SBT4050,1,5,3.3126866,-9.999,3882.583,23.2
1448,SBT4050,1,5,3.3116984,-9.999,3885.361,23.2
1448,SBT4050,1,5,3.311019,-9.999,3888.138,23.2
1448,SBT4050,1,5,3.3098854,-9.999,3890.916,23.3
1448,SBT4050,1,5,3.3089914,-10.001,3893.694,23.3
1448,SBT4050,1,5,3.308057,-10.001,3896.471,23.2
1448,SBT4050,1,5,3.307306,-9.999,3899.249,23.2
1448,SBT4050,1,5,3.3061718,-9.999,3902.027,23.3
1448,SBT4050,1,5,3.3054448,-9.999,3904.804,23.3
1448,SBT4050,1,5,3.3046934,-9.997,3907.582,23.3
1448,SBT4050,1,5,3.3036746,-10.001,3910.36,23.2
1448,SBT4050,1,5,3.302864,-9.999,3913.137,23.3
1448,SBT4050,1,5,3.3017182,-10,3915.915,23.3
1448,SBT4050,1,5,3.300991,-9.999,3918.693,23.3
1448,SBT4050,1,5,3.300105,-9.999,3921.47,23.2
1448,SBT4050,1,5,3.2992944,-10.001,3924.248,23.2
1448,SBT4050,1,5,3.2986166,-9.998,3927.025,23.3
1448,SBT4050,1,5,3.2974554,-9.999,3929.803,23.3
1448,SBT4050,1,5,3.2964422,-9.999,3932.581,23.3
1448,SBT4050,1,5,3.2956308,-9.999,3935.358,23.2
1448,SBT4050,1,5,3.2947726,-9.999,3938.136,23.2
1448,SBT4050,1,5,3.2937834,-10,3940.913,23.3
1448,SBT4050,1,5,3.2930206,-9.999,3943.691,23.3
1448,SBT4050,1,5,3.2921186,-9.999,3946.468,23.3
1448,SBT4050,1,5,3.2913558,-10.002,3949.246,23.2
1448,SBT4050,1,5,3.2901872,-10.001,3952.024,23.2
1448,SBT4050,1,5,3.2894068,-9.999,3954.802,23.3
1448,SBT4050,1,5,3.2885486,-9.999,3957.579,23.3
1448,SBT4050,1,5,3.2876888,-10.001,3960.357,23.2
1448,SBT4050,1,5,3.2869616,-10.001,3963.135,23.2
1448,SBT4050,1,5,3.2857478,-9.999,3965.912,23.3
1448,SBT4050,1,5,3.2848776,-9.999,3968.69,23.3
1448,SBT4050,1,5,3.2841568,-9.999,3971.468,23.3
1448,SBT4050,1,5,3.2830216,-9.999,3974.245,23.3
1448,SBT4050,1,5,3.282199,-9.999,3977.023,23.3
1448,SBT4050,1,5,3.2815942,-9.999,3979.801,23.3
1448,SBT4050,1,5,3.2805214,-10.002,3982.578,23.4
1448,SBT4050,1,5,3.2797534,-9.999,3985.356,23.3
1448,SBT4050,1,5,3.2785494,-10.001,3988.133,23.3
1448,SBT4050,1,5,3.2778378,-9.999,3990.911,23.3
1448,SBT4050,1,5,3.2770788,-9.999,3993.689,23.4
1448,SBT4050,1,5,3.2760298,-9.998,3996.466,23.4
1448,SBT4050,1,5,3.2752764,-9.998,3999.244,23.3
1448,SBT4050,1,5,3.2741798,-9.999,4002.021,23.3
1448,SBT4050,1,5,3.2732446,-9.998,4004.799,23.4
1448,SBT4050,1,5,3.2726248,-9.999,4007.577,23.4
1448,SBT4050,1,5,3.2717098,-10.001,4010.354,23.4
1448,SBT4050,1,5,3.2708038,-9.999,4013.132,23.3
1448,SBT4050,1,5,3.2698642,-9.999,4015.909,23.3
1448,SBT4050,1,5,3.2690218,-9.999,4018.687,23.4
1448,SBT4050,1,5,3.2682948,-9.999,4021.464,23.4
1448,SBT4050,1,5,3.267105,-9.999,4024.242,23.3
1448,SBT4050,1,5,3.2662466,-9.998,4027.02,23.4
1448,SBT4050,1,5,3.2653832,-9.999,4029.797,23.4
1448,SBT4050,1,5,3.2642746,-9.999,4032.575,23.4
1448,SBT4050,1,5,3.2634342,-9.998,4035.352,23.4
1448,SBT4050,1,5,3.2627488,-9.999,4038.13,23.4
1448,SBT4050,1,5,3.261807,-9.999,4040.907,23.4
1448,SBT4050,1,5,3.2607602,-10.001,4043.685,23.4
1448,SBT4050,1,5,3.2596874,-10.001,4046.463,23.4
1448,SBT4050,1,5,3.2590152,-9.999,4049.24,23.4
1448,SBT4050,1,5,3.2581094,-9.998,4052.018,23.4
1448,SBT4050,1,5,3.257272,-9.998,4054.795,23.4
1448,SBT4050,1,5,3.2562434,-9.998,4057.573,23.4
1448,SBT4050,1,5,3.2553732,-10.001,4060.35,23.4
1448,SBT4050,1,5,3.25435,-9.999,4063.128,23.4
1448,SBT4050,1,5,3.2534202,-9.999,4065.906,23.4
1448,SBT4050,1,5,3.252433,-10.001,4068.683,23.4
1448,SBT4050,1,5,3.2517178,-10.001,4071.461,23.4
1448,SBT4050,1,5,3.2508966,-10.001,4074.238,23.4
1448,SBT4050,1,5,3.2498118,-9.999,4077.016,23.4
1448,SBT4050,1,5,3.2489054,-9.999,4079.793,23.5
1448,SBT4050,1,5,3.2480726,-10.001,4082.571,23.4
1448,SBT4050,1,5,3.2471548,-10.001,4085.349,23.4
1448,SBT4050,1,5,3.2461018,-10.001,4088.126,23.4
1448,SBT4050,1,5,3.245327,-10.001,4090.904,23.5
1448,SBT4050,1,5,3.2443902,-9.999,4093.681,23.5
1448,SBT4050,1,5,3.2434962,-9.999,4096.459,23.4
1448,SBT4050,1,5,3.242619,-9.999,4099.236,23.4
1448,SBT4050,1,5,3.2417662,-9.999,4102.014,23.5
1448,SBT4050,1,5,3.2406098,-9.998,4104.791,23.5
1448,SBT4050,1,5,3.239933,-10.001,4107.569,23.5
1448,SBT4050,1,5,3.2390032,-9.999,4110.347,23.5
1448,SBT4050,1,5,3.2380652,-9.998,4113.124,23.5
1448,SBT4050,1,5,3.2370282,-10.002,4115.902,23.6
1448,SBT4050,1,5,3.2359268,-9.999,4118.679,23.5
1448,SBT4050,1,5,3.2351422,-9.999,4121.457,23.5
1448,SBT4050,1,5,3.2341528,-9.999,4124.234,23.6
1448,SBT4050,1,5,3.2332978,-9.999,4127.012,23.6
1448,SBT4050,1,5,3.2324396,-10.001,4129.79,23.6
1448,SBT4050,1,5,3.2316036,-10.002,4132.567,23.5
1448,SBT4050,1,5,3.230674,-9.999,4135.345,23.6
1448,SBT4050,1,5,3.2296476,-9.998,4138.122,23.6
1448,SBT4050,1,5,3.2285868,-9.998,4140.9,23.6
1448,SBT4050,1,5,3.227608,-9.999,4143.678,23.6
1448,SBT4050,1,5,3.226701,-9.999,4146.455,23.6
1448,SBT4050,1,5,3.2260334,-9.999,4149.233,23.6
1448,SBT4050,1,5,3.2249908,-9.999,4152.01,23.6
1448,SBT4050,1,5,3.2241088,-10.001,4154.788,23.6
1448,SBT4050,1,5,3.2231272,-9.999,4157.565,23.6
1448,SBT4050,1,5,3.2222214,-10.001,4160.343,23.6
1448,SBT4050,1,5,3.22125,-9.999,4163.121,23.6
1448,SBT4050,1,5,3.2201882,-9.998,4165.898,23.6
1448,SBT4050,1,5,3.2192822,-10,4168.676,23.6
1448,SBT4050,1,5,3.2183672,-10,4171.453,23.6
1448,SBT4050,1,5,3.2175208,-9.999,4174.231,23.7
1448,SBT4050,1,5,3.2164158,-9.998,4177.009,23.6
1448,SBT4050,1,5,3.21551,-9.998,4179.786,23.6
1448,SBT4050,1,5,3.2145838,-9.998,4182.564,23.7
1448,SBT4050,1,5,3.2136422,-10,4185.342,23.7
1448,SBT4050,1,5,3.2128616,-10,4188.119,23.7
1448,SBT4050,1,5,3.2118612,-10,4190.897,23.7
1448,SBT4050,1,5,3.2108718,-9.998,4193.674,23.7
1448,SBT4050,1,5,3.2099058,-10,4196.452,23.7
1448,SBT4050,1,5,3.2089404,-9.998,4199.23,23.7
1448,SBT4050,1,5,3.2080016,-10,4202.007,23.7
1448,SBT4050,1,5,3.2069646,-10.001,4204.785,23.7
1448,SBT4050,1,5,3.205895,-9.998,4207.563,23.7
1448,SBT4050,1,5,3.2048282,-10,4210.34,23.7
1448,SBT4050,1,5,3.2040416,-10.001,4213.118,23.7
1448,SBT4050,1,5,3.2031294,-10.001,4215.896,23.8
1448,SBT4050,1,5,3.201997,-10,4218.673,23.8
1448,SBT4050,1,5,3.2010866,-10,4221.451,23.7
1448,SBT4050,1,5,3.2001688,-10,4224.229,23.7
1448,SBT4050,1,5,3.1992182,-10,4227.007,23.8
1448,SBT4050,1,5,3.1981272,-10,4229.784,23.8
1448,SBT4050,1,5,3.1970068,-9.998,4232.562,23.8
1448,SBT4050,1,5,3.1960332,-10,4235.34,23.7
1448,SBT4050,1,5,3.1950558,-9.998,4238.117,23.7
1448,SBT4050,1,5,3.194084,-10,4240.895,23.8
1448,SBT4050,1,5,3.193178,-10.001,4243.673,23.8
1448,SBT4050,1,5,3.1920458,-10,4246.45,23.7
1448,SBT4050,1,5,3.1908896,-9.998,4249.228,23.8
1448,SBT4050,1,5,3.1901024,-9.999,4252.006,23.8
1448,SBT4050,1,5,3.188891,-9.998,4254.783,23.8
1448,SBT4050,1,5,3.1881044,-9.999,4257.561,23.8
1448,SBT4050,1,5,3.1869768,-10.001,4260.338,23.8
1448,SBT4050,1,5,3.1858564,-9.999,4263.116,23.8
1448,SBT4050,1,5,3.1850884,-9.999,4265.894,23.8
1448,SBT4050,1,5,3.183968,-10.001,4268.671,23.8
1448,SBT4050,1,5,3.1829558,-9.998,4271.449,23.8
1448,SBT4050,1,5,3.181915,-10.001,4274.226,23.8
1448,SBT4050,1,5,3.180878,-9.999,4277.004,23.8
1448,SBT4050,1,5,3.1798466,-9.999,4279.782,23.8
1448,SBT4050,1,5,3.1787618,-9.999,4282.559,23.8
1448,SBT4050,1,5,3.1776392,-9.999,4285.337,23.8
1448,SBT4050,1,5,3.1765068,-9.999,4288.114,23.9
1448,SBT4050,1,5,3.1755232,-9.998,4290.892,23.9
1448,SBT4050,1,5,3.1745422,-9.998,4293.67,23.8
1448,SBT4050,1,5,3.1734336,-9.999,4296.447,23.8
1448,SBT4050,1,5,3.1721068,-9.999,4299.225,23.9
1448,SBT4050,1,5,3.1713798,-9.999,4302.003,23.9
1448,SBT4050,1,5,3.1702588,-9.999,4304.78,23.8
1448,SBT4050,1,5,3.169198,-9.999,4307.558,23.9
1448,SBT4050,1,5,3.1680366,-10,4310.335,23.9
1448,SBT4050,1,5,3.1668088,-9.999,4313.113,23.9
1448,SBT4050,1,5,3.1658362,-9.999,4315.891,23.8
1448,SBT4050,1,5,3.1648194,-10.001,4318.668,23.9
1448,SBT4050,1,5,3.1638778,-9.999,4321.446,23.9
1448,SBT4050,1,5,3.1626726,-9.999,4324.224,23.9
1448,SBT4050,1,5,3.1614448,-9.999,4327.001,23.9
1448,SBT4050,1,5,3.1602818,-10.001,4329.779,23.9
1448,SBT4050,1,5,3.1591018,-9.999,4332.557,23.9
1448,SBT4050,1,5,3.1582024,-9.999,4335.334,23.9
1448,SBT4050,1,5,3.1570708,-10,4338.112,23.9
1448,SBT4050,1,5,3.1557954,-10.002,4340.89,23.9
1448,SBT4050,1,5,3.1545876,-9.999,4343.667,24
1448,SBT4050,1,5,3.153491,-10,4346.445,24
1448,SBT4050,1,5,3.1522698,-10,4349.223,23.9
1448,SBT4050,1,5,3.1512804,-9.999,4352,23.9
1448,SBT4050,1,5,3.1500156,-9.998,4354.778,24
1448,SBT4050,1,5,3.148776,-9.998,4357.556,24
1448,SBT4050,1,5,3.1477076,-10,4360.333,24
1448,SBT4050,1,5,3.1463514,-10,4363.111,23.9
1448,SBT4050,1,5,3.1451952,-9.997,4365.888,24
1448,SBT4050,1,5,3.1440548,-9.999,4368.666,24
1448,SBT4050,1,5,3.14297,-10.001,4371.444,24
1448,SBT4050,1,5,3.141866,-9.999,4374.221,24
1448,SBT4050,1,5,3.1405788,-10,4376.999,24
1448,SBT4050,1,5,3.1392388,-10,4379.777,24
1448,SBT4050,1,5,3.1379792,-10,4382.554,24
1448,SBT4050,1,5,3.1370138,-10,4385.332,24
1448,SBT4050,1,5,3.1357572,-10,4388.11,24
1448,SBT4050,1,5,3.1344818,-10,4390.887,24.1
1448,SBT4050,1,5,3.1331604,-10,4393.665,24.1
1448,SBT4050,1,5,3.1316584,-10,4396.442,24
1448,SBT4050,1,5,3.1305092,-10,4399.22,24
1448,SBT4050,1,5,3.129351,-10,4401.998,24.1
1448,SBT4050,1,5,3.1279564,-10,4404.775,24
1448,SBT4050,1,5,3.126783,-10,4407.553,24
1448,SBT4050,1,5,3.1253406,-10,4410.331,24
1448,SBT4050,1,5,3.124058,-9.998,4413.108,24.1
1448,SBT4050,1,5,3.1226276,-10,4415.886,24.1
1448,SBT4050,1,5,3.1212778,-10,4418.664,24.1
1448,SBT4050,1,5,3.1200858,-10,4421.441,24.1
1448,SBT4050,1,5,3.1188668,-9.998,4424.219,24.1
1448,SBT4050,1,5,3.1172566,-10,4426.997,24.1
1448,SBT4050,1,5,3.115862,-10,4429.774,24.1
1448,SBT4050,1,5,3.1146316,-10,4432.552,24.1
1448,SBT4050,1,5,3.113237,-10,4435.33,24.1
1448,SBT4050,1,5,3.1116542,-10.001,4438.107,24.2
1448,SBT4050,1,5,3.1103788,-10,4440.885,24.1
1448,SBT4050,1,5,3.108791,-9.998,4443.663,24.1
1448,SBT4050,1,5,3.1075044,-10,4446.44,24.1
1448,SBT4050,1,5,3.105931,-10,4449.218,24.2
1448,SBT4050,1,5,3.1047232,-10.001,4451.996,24.1
1448,SBT4050,1,5,3.1033048,-9.998,4454.773,24.1
1448,SBT4050,1,5,3.1015822,-10,4457.551,24.1
1448,SBT4050,1,5,3.1000088,-9.998,4460.329,24.1
1448,SBT4050,1,5,3.098608,-9.998,4463.106,24.2
1448,SBT4050,1,5,3.0972134,-9.998,4465.884,24.1
1448,SBT4050,1,5,3.0956996,-9.998,4468.661,24.1
1448,SBT4050,1,5,3.094126,-10,4471.439,24.2
1448,SBT4050,1,5,3.0924216,-10,4474.217,24.2
1448,SBT4050,1,5,3.0907918,-9.999,4476.995,24.1
1448,SBT4050,1,5,3.0893256,-9.998,4479.772,24.1
1448,SBT4050,1,5,3.0878836,-10,4482.55,24.2
1448,SBT4050,1,5,3.086048,-10.001,4485.327,24.2
1448,SBT4050,1,5,3.0845414,-10.001,4488.105,24.2
1448,SBT4050,1,5,3.0827798,-10,4490.883,24.1
1448,SBT4050,1,5,3.0810634,-10,4493.661,24.2
1448,SBT4050,1,5,3.0793898,-10,4496.438,24.2
1448,SBT4050,1,5,3.077721,-10,4499.216,24.2
1448,SBT4050,1,5,3.0759946,-10,4501.994,24.2
1448,SBT4050,1,5,3.0742186,-9.998,4504.771,24.2
1448,SBT4050,1,5,3.0725034,-9.999,4507.549,24.3
1448,SBT4050,1,5,3.0708992,-10,4510.327,24.3
1448,SBT4050,1,5,3.0689442,-9.999,4513.104,24.2
1448,SBT4050,1,5,3.0671594,-10,4515.882,24.3
1448,SBT4050,1,5,3.0653596,-9.999,4518.66,24.3
1448,SBT4050,1,5,3.0634698,-10.002,4521.437,24.3
1448,SBT4050,1,5,3.0615506,-10.002,4524.215,24.3
1448,SBT4050,1,5,3.0598762,-10,4526.993,24.3
1448,SBT4050,1,5,3.0579842,-10,4529.77,24.3
1448,SBT4050,1,5,3.0561604,-10,4532.548,24.4
1448,SBT4050,1,5,3.0540064,-9.999,4535.326,24.3
1448,SBT4050,1,5,3.0521468,-10,4538.103,24.3
1448,SBT4050,1,5,3.0501018,-9.999,4540.881,24.4
1448,SBT4050,1,5,3.0477892,-10,4543.659,24.4
1448,SBT4050,1,5,3.0461336,-10.002,4546.436,24.4
1448,SBT4050,1,5,3.0439524,-10,4549.214,24.3
1448,SBT4050,1,5,3.0418376,-10,4551.992,24.4
1448,SBT4050,1,5,3.0398756,-9.999,4554.77,24.4
1448,SBT4050,1,5,3.0376466,-9.997,4557.547,24.4
1448,SBT4050,1,5,3.0355916,-9.999,4560.325,24.4
1448,SBT4050,1,5,3.0330288,-9.999,4563.102,24.4
1448,SBT4050,1,5,3.0309474,-9.999,4565.88,24.4
1448,SBT4050,1,5,3.0285278,-10,4568.658,24.4
1448,SBT4050,1,5,3.0263132,-9.997,4571.435,24.4
1448,SBT4050,1,5,3.0241558,-9.999,4574.213,24.4
1448,SBT4050,1,5,3.0217002,-9.999,4576.99,24.4
1448,SBT4050,1,5,3.0193368,-10,4579.768,24.4
1448,SBT4050,1,5,3.0169886,-10,4582.546,24.4
1448,SBT4050,1,5,3.0143832,-9.999,4585.323,24.4
1448,SBT4050,1,5,3.0117608,-9.999,4588.101,24.4
1448,SBT4050,1,5,3.0094238,-10,4590.879,24.5
1448,SBT4050,1,5,3.0068492,-10,4593.656,24.4
1448,SBT4050,1,5,3.0042456,-10.001,4596.434,24.4
1448,SBT4050,1,5,3.0016876,-10.002,4599.211,24.5
1448,SBT4050,1,5,2.9989104,-9.999,4601.989,24.5
1448,SBT4050,1,5,2.9959254,-10.001,4604.767,24.4
1448,SBT4050,1,5,2.9931838,-9.997,4607.544,24.5
1448,SBT4050,1,5,2.990604,-10,4610.322,24.5
1448,SBT4050,1,5,2.9876122,-9.999,4613.1,24.5
1448,SBT4050,1,5,2.9847964,-10,4615.877,24.5
1448,SBT4050,1,5,2.9819124,-10,4618.655,24.5
1448,SBT4050,1,5,2.9789802,-10,4621.432,24.5
1448,SBT4050,1,5,2.975682,-9.999,4624.21,24.6
1448,SBT4050,1,5,2.9728094,-9.999,4626.988,24.5
1448,SBT4050,1,5,2.9696102,-10.001,4629.765,24.5
1448,SBT4050,1,5,2.9665588,-9.999,4632.543,24.6
1448,SBT4050,1,5,2.9633336,-9.999,4635.321,24.6
1448,SBT4050,1,5,2.9600754,-9.999,4638.098,24.6
1448,SBT4050,1,5,2.956714,-9.999,4640.876,24.6
1448,SBT4050,1,5,2.9531058,-9.999,4643.654,24.6
1448,SBT4050,1,5,2.9497564,-9.999,4646.431,24.6
1448,SBT4050,1,5,2.9463326,-10.001,4649.209,24.7
1448,SBT4050,1,5,2.9426852,-9.998,4651.986,24.6
1448,SBT4050,1,5,2.9390724,-9.999,4654.764,24.6
1448,SBT4050,1,5,2.9355322,-9.998,4657.542,24.7
1448,SBT4050,1,5,2.9317494,-9.998,4660.319,24.7
1448,SBT4050,1,5,2.9277504,-10.001,4663.097,24.7
1448,SBT4050,1,5,2.9240552,-10.001,4665.874,24.6
1448,SBT4050,1,5,2.9201326,-10.001,4668.652,24.6
1448,SBT4050,1,5,2.9161512,-9.999,4671.43,24.7
1448,SBT4050,1,5,2.9122,-9.999,4674.207,24.7
1448,SBT4050,1,5,2.9079566,-10.001,4676.985,24.7
1448,SBT4050,1,5,2.9036964,-9.998,4679.763,24.6
1448,SBT4050,1,5,2.8992734,-10.001,4682.54,24.7
1448,SBT4050,1,5,2.894863,-9.999,4685.318,24.8
1448,SBT4050,1,5,2.8901938,-9.999,4688.096,24.7
1448,SBT4050,1,5,2.8859384,-10.001,4690.873,24.7
1448,SBT4050,1,5,2.8809622,-9.999,4693.651,24.8
1448,SBT4050,1,5,2.8764924,-10.002,4696.429,24.8
1448,SBT4050,1,5,2.8715452,-10.001,4699.206,24.8
1448,SBT4050,1,5,2.86662,-9.999,4701.984,24.8
1448,SBT4050,1,5,2.861542,-9.999,4704.762,24.8
1448,SBT4050,1,5,2.856604,-10.001,4707.539,24.9
1448,SBT4050,1,5,2.8514428,-9.999,4710.317,24.9
1448,SBT4050,1,5,2.845974,-9.999,4713.095,24.9
1448,SBT4050,1,5,2.8405028,-9.999,4715.872,24.9
1448,SBT4050,1,5,2.8348268,-9.998,4718.65,24.9
1448,SBT4050,1,5,2.8291886,-9.999,4721.428,24.9
1448,SBT4050,1,5,2.8231846,-10.001,4724.205,24.9
1448,SBT4050,1,5,2.8173516,-9.999,4726.983,24.9
1448,SBT4050,1,5,2.8113084,-9.999,4729.761,25
1448,SBT4050,1,5,2.8051678,-9.998,4732.538,25
1448,SBT4050,1,5,2.798612,-10.001,4735.316,24.9
1448,SBT4050,1,5,2.792118,-10.001,4738.094,24.9
1448,SBT4050,1,5,2.7854548,-10.001,4740.871,25
1448,SBT4050,1,5,2.7789082,-10.001,4743.649,25
1448,SBT4050,1,5,2.7719762,-9.999,4746.427,25
1448,SBT4050,1,5,2.7647408,-9.999,4749.204,25
1448,SBT4050,1,5,2.7575142,-9.999,4751.982,25
1448,SBT4050,1,5,2.7500166,-9.999,4754.76,25
1448,SBT4050,1,5,2.7422866,-9.998,4757.537,25
1448,SBT4050,1,5,2.7343478,-9.999,4760.315,25
1448,SBT4050,1,5,2.7261994,-9.998,4763.093,25.1
1448,SBT4050,1,5,2.7179098,-10.001,4765.871,25.1
1448,SBT4050,1,5,2.7094706,-9.999,4768.648,25.1
1448,SBT4050,1,5,2.7005386,-10.001,4771.426,25.1
1448,SBT4050,1,5,2.691515,-10.002,4774.204,25.1
1448,SBT4050,1,5,2.682265,-9.999,4776.981,25.1
1448,SBT4050,1,5,2.6725144,-9.999,4779.759,25.1
1448,SBT4050,1,5,2.6629882,-9.999,4782.537,25.1
1448,SBT4050,1,5,2.6524748,-10.001,4785.314,25.2
1448,SBT4050,1,5,2.6421774,-10.001,4788.092,25.2
1448,SBT4050,1,5,2.6311012,-10.001,4790.87,25.2
1448,SBT4050,1,5,2.6197534,-9.999,4793.647,25.2
1448,SBT4050,1,5,2.607963,-9.999,4796.425,25.2
1448,SBT4050,1,5,2.5961146,-10,4799.203,25.3
1448,SBT4050,1,5,2.5835072,-10,4801.98,25.2
1448,SBT4050,1,5,2.5705262,-9.999,4804.758,25.2
1448,SBT4050,1,5,2.55679,-10.002,4807.536,25.3
1448,SBT4050,1,5,2.5428598,-10,4810.313,25.3
1448,SBT4050,1,5,2.5282456,-10.002,4813.091,25.3
1448,SBT4050,1,5,2.5133078,-10,4815.869,25.3
1448,SBT4050,1,5,2.4999456,-9.999,4818.246,
