1449,SBT4050,1,5,4.17254,-9.90E-05,0,
1449,SBT4050,1,5,4.0171752,-7.499,1.249,19.8
1449,SBT4050,1,5,4.0054444,-7.499,3.332,19.9
1449,SBT4050,1,5,3.9966356,-7.499,5.416,19.9
1449,SBT4050,1,5,3.9895796,-7.499,7.499,20
1449,SBT4050,1,5,3.9828732,-7.499,9.582,20
1449,SBT4050,1,5,3.97739,-7.501,11.665,19.9
1449,SBT4050,1,5,3.9716728,-7.499,13.748,19.9
1449,SBT4050,1,5,3.9669168,-7.499,15.831,19.9
1449,SBT4050,1,5,3.9622452,-7.501,17.914,20
1449,SBT4050,1,5,3.9580732,-7.498,19.998,19.9
1449,SBT4050,1,5,3.9538776,-7.499,22.081,19.9
1449,SBT4050,1,5,3.9499552,-7.499,24.164,19.8
1449,SBT4050,1,5,3.9463316,-7.499,26.247,19.9
1449,SBT4050,1,5,3.9428192,-7.499,28.33,19.9
1449,SBT4050,1,5,3.9394816,-7.499,30.413,19.9
1449,SBT4050,1,5,3.9360724,-7.499,32.497,19.9
1449,SBT4050,1,5,3.9332952,-7.5,34.58,19.8
1449,SBT4050,1,5,3.9300584,-7.498,36.663,19.9
1449,SBT4050,1,5,3.9272452,-7.5,38.746,19.9
1449,SBT4050,1,5,3.9243628,-7.499,40.83,20
1449,SBT4050,1,5,3.9219032,-7.501,42.913,19.9
1449,SBT4050,1,5,3.9193048,-7.501,44.996,19.9
1449,SBT4050,1,5,3.9168836,-7.499,47.079,19.8
1449,SBT4050,1,5,3.9143204,-7.499,49.162,20
1449,SBT4050,1,5,3.9120952,-7.499,51.245,20
1449,SBT4050,1,5,3.9098424,-7.501,53.329,19.9
1449,SBT4050,1,5,3.9076784,-7.499,55.412,19.9
1449,SBT4050,1,5,3.905518,-7.499,57.495,19.9
1449,SBT4050,1,5,3.9035272,-7.501,59.578,20
1449,SBT4050,1,5,3.9012636,-7.499,61.661,20
1449,SBT4050,1,5,3.8996068,-7.499,63.744,20
1449,SBT4050,1,5,3.8977632,-7.501,65.827,20
1449,SBT4050,1,5,3.8956772,-7.499,67.911,19.9
1449,SBT4050,1,5,3.8943796,-7.499,69.994,20
1449,SBT4050,1,5,3.8926144,-7.499,72.077,20
1449,SBT4050,1,5,3.8909696,-7.499,74.16,20
1449,SBT4050,1,5,3.8890564,-7.499,76.243,20
1449,SBT4050,1,5,3.8876976,-7.499,78.326,20
1449,SBT4050,1,5,3.885926,-7.499,80.409,20.1
1449,SBT4050,1,5,3.8843528,-7.499,82.492,20.1
1449,SBT4050,1,5,3.8833536,-7.499,84.576,20.1
1449,SBT4050,1,5,3.8816728,-7.499,86.659,20.1
1449,SBT4050,1,5,3.880234,-7.499,88.742,20
1449,SBT4050,1,5,3.8791036,-7.499,90.825,20.1
1449,SBT4050,1,5,3.8775896,-7.499,92.908,20.2
1449,SBT4050,1,5,3.8762376,-7.499,94.991,20.2
1449,SBT4050,1,5,3.8750336,-7.499,97.074,20.1
1449,SBT4050,1,5,3.8736852,-7.499,99.158,20.1
1449,SBT4050,1,5,3.8725528,-7.499,101.241,20.2
1449,SBT4050,1,5,3.8713616,-7.499,103.324,20.2
1449,SBT4050,1,5,3.870306,-7.499,105.407,20.2
1449,SBT4050,1,5,3.8689112,-7.499,107.49,20.2
1449,SBT4050,1,5,3.8677008,-7.499,109.573,20.1
1449,SBT4050,1,5,3.8665684,-7.499,111.656,20.2
1449,SBT4050,1,5,3.8655128,-7.499,113.739,20.2
1449,SBT4050,1,5,3.864702,-7.501,115.822,20.3
1449,SBT4050,1,5,3.8633324,-7.499,117.906,20.3
1449,SBT4050,1,5,3.862486,-7.499,119.989,20.2
1449,SBT4050,1,5,3.8615524,-7.499,122.072,20.3
1449,SBT4050,1,5,3.8603176,-7.499,124.155,20.3
1449,SBT4050,1,5,3.8594116,-7.501,126.238,20.3
1449,SBT4050,1,5,3.8583356,-7.499,128.321,20.3
1449,SBT4050,1,5,3.8574296,-7.499,130.404,20.3
1449,SBT4050,1,5,3.8563796,-7.5,132.488,20.3
1449,SBT4050,1,5,3.8554856,-7.498,134.571,20.3
1449,SBT4050,1,5,3.8543952,-7.5,136.654,20.4
1449,SBT4050,1,5,3.853646,-7.5,138.737,20.4
1449,SBT4050,1,5,3.852776,-7.499,140.821,20.3
1449,SBT4050,1,5,3.8517272,-7.499,142.904,20.3
1449,SBT4050,1,5,3.8507736,-7.501,144.987,20.4
1449,SBT4050,1,5,3.850156,-7.499,147.07,20.4
1449,SBT4050,1,5,3.8491548,-7.499,149.153,20.4
1449,SBT4050,1,5,3.8481756,-7.499,151.236,20.4
1449,SBT4050,1,5,3.8473992,-7.499,153.319,20.3
1449,SBT4050,1,5,3.846672,-7.499,155.403,20.4
1449,SBT4050,1,5,3.8456624,-7.499,157.486,20.5
1449,SBT4050,1,5,3.844816,-7.499,159.569,20.5
1449,SBT4050,1,5,3.843774,-7.498,161.652,20.4
1449,SBT4050,1,5,3.8431184,-7.499,163.735,20.4
1449,SBT4050,1,5,3.8424492,-7.499,165.818,20.4
1449,SBT4050,1,5,3.8415788,-7.501,167.901,20.4
1449,SBT4050,1,5,3.8406256,-7.499,169.985,20.5
1449,SBT4050,1,5,3.8400692,-7.498,172.068,20.5
1449,SBT4050,1,5,3.8392228,-7.501,174.151,20.5
1449,SBT4050,1,5,3.8384284,-7.499,176.234,20.5
1449,SBT4050,1,5,3.8375224,-7.499,178.317,20.5
1449,SBT4050,1,5,3.8366128,-7.499,180.4,20.6
1449,SBT4050,1,5,3.8359572,-7.499,182.484,20.6
1449,SBT4050,1,5,3.8352532,-7.5,184.567,20.5
1449,SBT4050,1,5,3.83472,-7.5,186.65,20.5
1449,SBT4050,1,5,3.8337068,-7.5,188.733,20.5
1449,SBT4050,1,5,3.8332264,-7.498,190.817,20.6
1449,SBT4050,1,5,3.8322012,-7.5,192.9,20.6
1449,SBT4050,1,5,3.8315712,-7.5,194.983,20.6
1449,SBT4050,1,5,3.8309992,-7.5,197.066,20.5
1449,SBT4050,1,5,3.8299924,-7.5,199.15,20.6
1449,SBT4050,1,5,3.8292156,-7.5,201.233,20.6
1449,SBT4050,1,5,3.8284288,-7.5,203.316,20.7
1449,SBT4050,1,5,3.8277728,-7.5,205.4,20.6
1449,SBT4050,1,5,3.8273436,-7.498,207.483,20.6
1449,SBT4050,1,5,3.8265144,-7.5,209.566,20.6
1449,SBT4050,1,5,3.8258348,-7.5,211.649,20.6
1449,SBT4050,1,5,3.8252616,-7.5,213.733,20.7
1449,SBT4050,1,5,3.8247848,-7.498,215.816,20.7
1449,SBT4050,1,5,3.8238528,-7.5,217.899,20.6
1449,SBT4050,1,5,3.8233344,-7.5,219.982,20.7
1449,SBT4050,1,5,3.8225,-7.5,222.066,20.7
1449,SBT4050,1,5,3.8217844,-7.5,224.149,20.8
1449,SBT4050,1,5,3.821236,-7.5,226.232,20.7
1449,SBT4050,1,5,3.8203752,-7.5,228.316,20.7
1449,SBT4050,1,5,3.819934,-7.5,230.399,20.7
1449,SBT4050,1,5,3.8190692,-7.5,232.482,20.8
1449,SBT4050,1,5,3.8185384,-7.5,234.565,20.8
1449,SBT4050,1,5,3.81799,-7.501,236.649,20.8
1449,SBT4050,1,5,3.8171976,-7.5,238.732,20.8
1449,SBT4050,1,5,3.8166732,-7.5,240.815,20.8
1449,SBT4050,1,5,3.8159,-7.5,242.898,20.9
1449,SBT4050,1,5,3.8153996,-7.5,244.982,20.9
1449,SBT4050,1,5,3.81468,-7.501,247.065,20.8
1449,SBT4050,1,5,3.8140956,-7.498,249.148,20.8
1449,SBT4050,1,5,3.81347,-7.5,251.232,20.8
1449,SBT4050,1,5,3.8128196,-7.5,253.315,20.9
1449,SBT4050,1,5,3.8122236,-7.5,255.398,20.9
1449,SBT4050,1,5,3.8114196,-7.5,257.481,20.9
1449,SBT4050,1,5,3.8109904,-7.5,259.565,20.8
1449,SBT4050,1,5,3.810192,-7.498,261.648,20.9
1449,SBT4050,1,5,3.8095364,-7.5,263.731,20.9
1449,SBT4050,1,5,3.8088684,-7.5,265.814,20.9
1449,SBT4050,1,5,3.8083772,-7.5,267.898,20.9
1449,SBT4050,1,5,3.8077452,-7.5,269.981,20.9
1449,SBT4050,1,5,3.807154,-7.5,272.064,20.9
1449,SBT4050,1,5,3.8064744,-7.5,274.147,21
1449,SBT4050,1,5,3.8057864,-7.498,276.231,21
1449,SBT4050,1,5,3.8052736,-7.5,278.314,20.9
1449,SBT4050,1,5,3.8044352,-7.5,280.397,20.9
1449,SBT4050,1,5,3.8038248,-7.5,282.48,20.9
1449,SBT4050,1,5,3.8031808,-7.5,284.564,21
1449,SBT4050,1,5,3.8023608,-7.5,286.647,21
1449,SBT4050,1,5,3.8019436,-7.501,288.73,20.9
1449,SBT4050,1,5,3.801446,-7.5,290.813,21
1449,SBT4050,1,5,3.8005876,-7.5,292.897,21
1449,SBT4050,1,5,3.7998556,-7.5,294.98,21.1
1449,SBT4050,1,5,3.799486,-7.5,297.063,21.1
1449,SBT4050,1,5,3.7989404,-7.5,299.146,21
1449,SBT4050,1,5,3.7980524,-7.5,301.23,21
1449,SBT4050,1,5,3.797516,-7.5,303.313,21
1449,SBT4050,1,5,3.797004,-7.498,305.396,21.1
1449,SBT4050,1,5,3.7961696,-7.498,307.479,21.1
1449,SBT4050,1,5,3.7958932,-7.501,309.562,21.1
1449,SBT4050,1,5,3.7951896,-7.499,311.645,21
1449,SBT4050,1,5,3.7945204,-7.499,313.729,21.1
1449,SBT4050,1,5,3.7937888,-7.499,315.812,21.2
1449,SBT4050,1,5,3.7933832,-7.498,317.895,21.1
1449,SBT4050,1,5,3.7924644,-7.499,319.978,21.1
1449,SBT4050,1,5,3.7919996,-7.499,322.061,21.1
1449,SBT4050,1,5,3.7913096,-7.499,324.144,21.1
1449,SBT4050,1,5,3.7908208,-7.499,326.227,21.2
1449,SBT4050,1,5,3.7898968,-7.499,328.31,21.2
1449,SBT4050,1,5,3.7892708,-7.499,330.393,21.1
1449,SBT4050,1,5,3.788818,-7.499,332.477,21.1
1449,SBT4050,1,5,3.7879796,-7.499,334.56,21.1
1449,SBT4050,1,5,3.7873716,-7.501,336.643,21.2
1449,SBT4050,1,5,3.7866836,-7.499,338.726,21.2
1449,SBT4050,1,5,3.7859804,-7.499,340.809,21.1
1449,SBT4050,1,5,3.785416,-7.499,342.892,21.1
1449,SBT4050,1,5,3.7847008,-7.499,344.975,21.2
1449,SBT4050,1,5,3.7840612,-7.499,347.058,21.2
1449,SBT4050,1,5,3.7832696,-7.499,349.142,21.2
1449,SBT4050,1,5,3.782924,-7.498,351.225,21.2
1449,SBT4050,1,5,3.7820552,-7.499,353.308,21.1
1449,SBT4050,1,5,3.7815188,-7.499,355.391,21.2
1449,SBT4050,1,5,3.7807136,-7.499,357.474,21.2
1449,SBT4050,1,5,3.780022,-7.499,359.557,21.3
1449,SBT4050,1,5,3.7793196,-7.499,361.64,21.2
1449,SBT4050,1,5,3.7788228,-7.499,363.723,21.2
1449,SBT4050,1,5,3.7779408,-7.498,365.807,21.2
1449,SBT4050,1,5,3.7774324,-7.499,367.89,21.3
1449,SBT4050,1,5,3.7766456,-7.501,369.973,21.3
1449,SBT4050,1,5,3.7759076,-7.499,372.056,21.2
1449,SBT4050,1,5,3.7753952,-7.499,374.139,21.2
1449,SBT4050,1,5,3.7745912,-7.501,376.222,21.2
1449,SBT4050,1,5,3.7738352,-7.499,378.306,21.3
1449,SBT4050,1,5,3.7732156,-7.499,380.389,21.3
1449,SBT4050,1,5,3.7726444,-7.499,382.472,21.3
1449,SBT4050,1,5,3.771858,-7.501,384.555,21.3
1449,SBT4050,1,5,3.7711188,-7.501,386.638,21.4
1449,SBT4050,1,5,3.7705108,-7.499,388.722,21.4
1449,SBT4050,1,5,3.769716,-7.499,390.805,21.4
1449,SBT4050,1,5,3.769132,-7.501,392.888,21.3
1449,SBT4050,1,5,3.7683608,-7.499,394.971,21.3
1449,SBT4050,1,5,3.767496,-7.501,397.054,21.3
1449,SBT4050,1,5,3.7668644,-7.499,399.138,21.4
1449,SBT4050,1,5,3.7663864,-7.501,401.221,21.4
1449,SBT4050,1,5,3.765826,-7.501,403.304,21.3
1449,SBT4050,1,5,3.7649904,-7.499,405.387,21.3
1449,SBT4050,1,5,3.7643348,-7.499,407.471,21.4
1449,SBT4050,1,5,3.763472,-7.499,409.554,21.5
1449,SBT4050,1,5,3.7626792,-7.499,411.637,21.4
1449,SBT4050,1,5,3.7619996,-7.501,413.72,21.4
1449,SBT4050,1,5,3.7613244,-7.501,415.803,21.4
1449,SBT4050,1,5,3.7605376,-7.499,417.887,21.5
1449,SBT4050,1,5,3.7599848,-7.501,419.97,21.5
1449,SBT4050,1,5,3.7590908,-7.499,422.053,21.5
1449,SBT4050,1,5,3.7584096,-7.499,424.136,21.4
1449,SBT4050,1,5,3.7575156,-7.499,426.219,21.4
1449,SBT4050,1,5,3.757072,-7.499,428.303,21.4
1449,SBT4050,1,5,3.7562232,-7.498,430.386,21.5
1449,SBT4050,1,5,3.7555436,-7.499,432.469,21.5
1449,SBT4050,1,5,3.7545004,-7.499,434.552,21.4
1449,SBT4050,1,5,3.7540356,-7.499,436.635,21.5
1449,SBT4050,1,5,3.7531528,-7.499,438.718,21.5
1449,SBT4050,1,5,3.7524972,-7.499,440.801,21.5
1449,SBT4050,1,5,3.7518492,-7.499,442.885,21.5
1449,SBT4050,1,5,3.7509408,-7.499,444.968,21.5
1449,SBT4050,1,5,3.7501304,-7.499,447.051,21.5
1449,SBT4050,1,5,3.74947,-7.499,449.134,21.5
1449,SBT4050,1,5,3.7487188,-7.499,451.217,21.6
1449,SBT4050,1,5,3.748004,-7.499,453.3,21.5
1449,SBT4050,1,5,3.7472648,-7.501,455.384,21.5
1449,SBT4050,1,5,3.7465304,-7.499,457.467,21.6
1449,SBT4050,1,5,3.7459412,-7.501,459.55,21.6
1449,SBT4050,1,5,3.7449996,-7.498,461.633,21.6
1449,SBT4050,1,5,3.7445112,-7.499,463.716,21.5
1449,SBT4050,1,5,3.7436652,-7.501,465.799,21.6
1449,SBT4050,1,5,3.7427572,-7.499,467.882,21.6
1449,SBT4050,1,5,3.742078,-7.501,469.965,21.7
1449,SBT4050,1,5,3.7414268,-7.499,472.049,21.6
1449,SBT4050,1,5,3.7406636,-7.499,474.132,21.6
1449,SBT4050,1,5,3.7397716,-7.499,476.215,21.6
1449,SBT4050,1,5,3.739196,-7.498,478.298,21.6
1449,SBT4050,1,5,3.7382068,-7.499,480.381,21.6
1449,SBT4050,1,5,3.7375364,-7.499,482.464,21.6
1449,SBT4050,1,5,3.7367972,-7.499,484.547,21.6
1449,SBT4050,1,5,3.7358932,-7.499,486.63,21.7
1449,SBT4050,1,5,3.7352852,-7.499,488.714,21.7
1449,SBT4050,1,5,3.7343208,-7.499,490.797,21.7
1449,SBT4050,1,5,3.7334244,-7.501,492.88,21.6
1449,SBT4050,1,5,3.7327808,-7.498,494.963,21.6
1449,SBT4050,1,5,3.7320768,-7.499,497.046,21.7
1449,SBT4050,1,5,3.7314568,-7.499,499.129,21.7
1449,SBT4050,1,5,3.7304424,-7.499,501.212,21.7
1449,SBT4050,1,5,3.7299176,-7.499,503.295,21.6
1449,SBT4050,1,5,3.7287964,-7.499,505.379,21.6
1449,SBT4050,1,5,3.7282384,-7.499,507.462,21.7
1449,SBT4050,1,5,3.7275236,-7.499,509.545,21.7
1449,SBT4050,1,5,3.726738,-7.499,511.628,21.7
1449,SBT4050,1,5,3.7257724,-7.499,513.711,21.6
1449,SBT4050,1,5,3.7252972,-7.499,515.794,21.6
1449,SBT4050,1,5,3.7242604,-7.499,517.877,21.7
1449,SBT4050,1,5,3.7235704,-7.499,519.96,21.7
1449,SBT4050,1,5,3.7228196,-7.499,522.043,21.7
1449,SBT4050,1,5,3.7219244,-7.499,524.126,21.6
1449,SBT4050,1,5,3.7212228,-7.499,526.21,21.6
1449,SBT4050,1,5,3.7204244,-7.5,528.293,21.8
1449,SBT4050,1,5,3.7196432,-7.5,530.376,21.8
1449,SBT4050,1,5,3.7188804,-7.499,532.459,21.7
1449,SBT4050,1,5,3.7182528,-7.499,534.542,21.7
1449,SBT4050,1,5,3.7175376,-7.501,536.625,21.7
1449,SBT4050,1,5,3.7167492,-7.499,538.709,21.7
1449,SBT4050,1,5,3.7155708,-7.499,540.792,21.8
1449,SBT4050,1,5,3.7150344,-7.499,542.875,21.8
1449,SBT4050,1,5,3.7143108,-7.499,544.958,21.7
1449,SBT4050,1,5,3.7134764,-7.499,547.041,21.7
1449,SBT4050,1,5,3.7125544,-7.499,549.125,21.7
1449,SBT4050,1,5,3.7118152,-7.498,551.208,21.7
1449,SBT4050,1,5,3.711062,-7.499,553.291,21.8
1449,SBT4050,1,5,3.7105492,-7.499,555.374,21.7
1449,SBT4050,1,5,3.7097856,-7.499,557.457,21.7
1449,SBT4050,1,5,3.7088128,-7.5,559.54,21.7
1449,SBT4050,1,5,3.7079668,-7.5,561.624,21.8
1449,SBT4050,1,5,3.7071324,-7.499,563.707,21.8
1449,SBT4050,1,5,3.7063932,-7.499,565.79,21.8
1449,SBT4050,1,5,3.7056576,-7.499,567.873,21.7
1449,SBT4050,1,5,3.7049424,-7.499,569.956,21.7
1449,SBT4050,1,5,3.7040096,-7.499,572.039,21.7
1449,SBT4050,1,5,3.703296,-7.501,574.122,21.8
1449,SBT4050,1,5,3.7024736,-7.499,576.206,21.8
1449,SBT4050,1,5,3.7017376,-7.499,578.289,21.8
1449,SBT4050,1,5,3.7011056,-7.501,580.372,21.8
1449,SBT4050,1,5,3.6999708,-7.499,582.455,21.8
1449,SBT4050,1,5,3.6994464,-7.499,584.538,21.8
1449,SBT4050,1,5,3.6985532,-7.499,586.622,21.9
1449,SBT4050,1,5,3.6977892,-7.499,588.705,21.9
1449,SBT4050,1,5,3.697098,-7.501,590.788,21.8
1449,SBT4050,1,5,3.6960592,-7.499,592.871,21.8
1449,SBT4050,1,5,3.6955108,-7.499,594.954,21.8
1449,SBT4050,1,5,3.6946096,-7.499,597.037,21.8
1449,SBT4050,1,5,3.6938944,-7.499,599.121,21.9
1449,SBT4050,1,5,3.693106,-7.501,601.204,21.8
1449,SBT4050,1,5,3.6924264,-7.499,603.287,21.8
1449,SBT4050,1,5,3.6918004,-7.499,605.37,21.8
1449,SBT4050,1,5,3.691012,-7.499,607.453,21.8
1449,SBT4050,1,5,3.6900704,-7.499,609.536,21.9
1449,SBT4050,1,5,3.68931,-7.498,611.62,21.9
1449,SBT4050,1,5,3.6884516,-7.499,613.703,21.8
1449,SBT4050,1,5,3.6879868,-7.498,615.786,21.8
1449,SBT4050,1,5,3.6868544,-7.499,617.869,21.8
1449,SBT4050,1,5,3.686056,-7.499,619.952,21.8
1449,SBT4050,1,5,3.685398,-7.499,622.035,21.9
1449,SBT4050,1,5,3.6845044,-7.499,624.119,21.9
1449,SBT4050,1,5,3.6839904,-7.501,626.202,21.8
1449,SBT4050,1,5,3.6829652,-7.499,628.285,21.8
1449,SBT4050,1,5,3.6821768,-7.499,630.368,21.9
1449,SBT4050,1,5,3.681426,-7.499,632.451,21.9
1449,SBT4050,1,5,3.6806724,-7.499,634.535,21.9
1449,SBT4050,1,5,3.6800792,-7.501,636.618,21.9
1449,SBT4050,1,5,3.679042,-7.499,638.701,21.8
1449,SBT4050,1,5,3.6783172,-7.501,640.784,21.8
1449,SBT4050,1,5,3.67765,-7.499,642.867,21.9
1449,SBT4050,1,5,3.67701,-7.501,644.95,21.9
1449,SBT4050,1,5,3.6761992,-7.499,647.034,21.9
1449,SBT4050,1,5,3.6753824,-7.499,649.117,21.9
1449,SBT4050,1,5,3.6747028,-7.499,651.2,21.9
1449,SBT4050,1,5,3.6738192,-7.501,653.283,21.9
1449,SBT4050,1,5,3.6730484,-7.501,655.366,22
1449,SBT4050,1,5,3.6721664,-7.501,657.449,21.9
1449,SBT4050,1,5,3.671474,-7.501,659.533,21.9
1449,SBT4050,1,5,3.670878,-7.5,661.616,21.9
1449,SBT4050,1,5,3.6700968,-7.5,663.699,21.9
1449,SBT4050,1,5,3.6692388,-7.5,665.782,22
1449,SBT4050,1,5,3.6685748,-7.5,667.866,22
1449,SBT4050,1,5,3.6678196,-7.501,669.949,21.9
1449,SBT4050,1,5,3.6669136,-7.5,672.032,21.9
1449,SBT4050,1,5,3.666376,-7.5,674.116,21.9
1449,SBT4050,1,5,3.6652316,-7.5,676.199,22
1449,SBT4050,1,5,3.6646364,-7.499,678.282,22
1449,SBT4050,1,5,3.6637188,-7.499,680.365,21.9
1449,SBT4050,1,5,3.6631648,-7.5,682.448,21.9
1449,SBT4050,1,5,3.662468,-7.5,684.532,21.9
1449,SBT4050,1,5,3.6615384,-7.5,686.615,22
1449,SBT4050,1,5,3.6606672,-7.5,688.698,22
1449,SBT4050,1,5,3.6600356,-7.501,690.781,22
1449,SBT4050,1,5,3.6591592,-7.5,692.865,21.9
1449,SBT4050,1,5,3.6585156,-7.501,694.948,21.9
1449,SBT4050,1,5,3.6579356,-7.498,697.031,22
1449,SBT4050,1,5,3.6570416,-7.5,699.114,22
1449,SBT4050,1,5,3.656094,-7.498,701.197,22
1449,SBT4050,1,5,3.6553148,-7.501,703.281,21.9
1449,SBT4050,1,5,3.6548856,-7.498,705.364,22
1449,SBT4050,1,5,3.6539356,-7.498,707.447,22
1449,SBT4050,1,5,3.653244,-7.5,709.53,22
1449,SBT4050,1,5,3.65259,-7.498,711.614,22
1449,SBT4050,1,5,3.6516008,-7.499,713.697,21.9
1449,SBT4050,1,5,3.65104,-7.499,715.78,21.9
1449,SBT4050,1,5,3.6500256,-7.498,717.863,22
1449,SBT4050,1,5,3.6494536,-7.498,719.946,22
1449,SBT4050,1,5,3.6484756,-7.499,722.029,21.9
1449,SBT4050,1,5,3.6476052,-7.501,724.112,21.9
1449,SBT4050,1,5,3.6468724,-7.5,726.195,22
1449,SBT4050,1,5,3.6460496,-7.5,728.279,22.1
1449,SBT4050,1,5,3.6456808,-7.499,730.362,22
1449,SBT4050,1,5,3.644858,-7.499,732.445,22
1449,SBT4050,1,5,3.6440152,-7.501,734.528,21.9
1449,SBT4050,1,5,3.6432512,-7.5,736.611,22
1449,SBT4050,1,5,3.6423336,-7.501,738.695,22.1
1449,SBT4050,1,5,3.641884,-7.5,740.778,22.1
1449,SBT4050,1,5,3.641002,-7.5,742.861,22
1449,SBT4050,1,5,3.640354,-7.5,744.945,22
1449,SBT4050,1,5,3.6395196,-7.5,747.028,22.1
1449,SBT4050,1,5,3.6384872,-7.498,749.111,22.1
1449,SBT4050,1,5,3.6379196,-7.501,751.194,22
1449,SBT4050,1,5,3.6370376,-7.498,753.278,22
1449,SBT4050,1,5,3.636276,-7.5,755.361,22
1449,SBT4050,1,5,3.6357156,-7.501,757.444,22.1
1449,SBT4050,1,5,3.6347188,-7.5,759.528,22.1
1449,SBT4050,1,5,3.6341108,-7.5,761.611,22.1
1449,SBT4050,1,5,3.6334684,-7.498,763.694,22
1449,SBT4050,1,5,3.6327024,-7.5,765.777,22
1449,SBT4050,1,5,3.631582,-7.499,767.861,22.1
1449,SBT4050,1,5,3.6308232,-7.499,769.944,22.1
1449,SBT4050,1,5,3.63012,-7.5,772.027,22
1449,SBT4050,1,5,3.6295412,-7.498,774.11,22
1449,SBT4050,1,5,3.6287184,-7.499,776.193,22
1449,SBT4050,1,5,3.6278776,-7.499,778.276,22.1
1449,SBT4050,1,5,3.626948,-7.498,780.359,22.1
1449,SBT4050,1,5,3.6262332,-7.499,782.443,22.1
1449,SBT4050,1,5,3.6253376,-7.501,784.526,22.1
1449,SBT4050,1,5,3.624706,-7.499,786.609,22.1
1449,SBT4050,1,5,3.6239472,-7.499,788.692,22.1
1449,SBT4050,1,5,3.6230888,-7.499,790.775,22.2
1449,SBT4050,1,5,3.6222284,-7.499,792.858,22.1
1449,SBT4050,1,5,3.6218352,-7.499,794.941,22.1
1449,SBT4050,1,5,3.620778,-7.501,797.024,22.1
1449,SBT4050,1,5,3.6200012,-7.499,799.108,22.2
1449,SBT4050,1,5,3.619286,-7.501,801.191,22.2
1449,SBT4050,1,5,3.6186532,-7.498,803.274,22.1
1449,SBT4050,1,5,3.617652,-7.501,805.357,22.1
1449,SBT4050,1,5,3.6170304,-7.501,807.44,22.1
1449,SBT4050,1,5,3.6160888,-7.501,809.524,22.2
1449,SBT4050,1,5,3.6153456,-7.499,811.607,22.2
1449,SBT4050,1,5,3.6144484,-7.499,813.69,22.1
1449,SBT4050,1,5,3.613912,-7.499,815.773,22.1
1449,SBT4050,1,5,3.6130788,-7.499,817.856,22.2
1449,SBT4050,1,5,3.612018,-7.499,819.94,22.2
1449,SBT4050,1,5,3.611274,-7.501,822.023,22.1
1449,SBT4050,1,5,3.6106064,-7.499,824.106,22.1
1449,SBT4050,1,5,3.609964,-7.501,826.189,22.1
1449,SBT4050,1,5,3.609058,-7.501,828.272,22.2
1449,SBT4050,1,5,3.6080788,-7.499,830.355,22.2
1449,SBT4050,1,5,3.6076152,-7.499,832.439,22.1
1449,SBT4050,1,5,3.6066736,-7.499,834.522,22.1
1449,SBT4050,1,5,3.605672,-7.501,836.605,22.1
1449,SBT4050,1,5,3.6050876,-7.499,838.688,22.2
1449,SBT4050,1,5,3.604372,-7.501,840.771,22.1
1449,SBT4050,1,5,3.6036092,-7.499,842.855,22.1
1449,SBT4050,1,5,3.6027704,-7.499,844.938,22.2
1449,SBT4050,1,5,3.6017552,-7.498,847.021,22.2
1449,SBT4050,1,5,3.6013024,-7.499,849.104,22.2
1449,SBT4050,1,5,3.60023,-7.499,851.187,22.1
1449,SBT4050,1,5,3.5992288,-7.501,853.271,22.1
1449,SBT4050,1,5,3.5987344,-7.499,855.354,22.2
1449,SBT4050,1,5,3.5977212,-7.501,857.437,22.2
1449,SBT4050,1,5,3.5970712,-7.499,859.52,22.2
1449,SBT4050,1,5,3.5964288,-7.501,861.604,22.1
1449,SBT4050,1,5,3.5957016,-7.499,863.687,22.2
1449,SBT4050,1,5,3.594638,-7.499,865.77,22.2
1449,SBT4050,1,5,3.5938512,-7.499,867.853,22.1
1449,SBT4050,1,5,3.5932948,-7.499,869.936,22.2
1449,SBT4050,1,5,3.5924724,-7.499,872.02,22.2
1449,SBT4050,1,5,3.5916224,-7.499,874.103,22.2
1449,SBT4050,1,5,3.5906808,-7.501,876.186,22.1
1449,SBT4050,1,5,3.5897584,-7.499,878.269,22.1
1449,SBT4050,1,5,3.5891028,-7.499,880.352,22.2
1449,SBT4050,1,5,3.5883044,-7.499,882.436,22.2
1449,SBT4050,1,5,3.5873368,-7.499,884.519,22.2
1449,SBT4050,1,5,3.5866096,-7.499,886.602,22.1
1449,SBT4050,1,5,3.5858452,-7.499,888.685,22.2
1449,SBT4050,1,5,3.5852016,-7.501,890.768,22.2
1449,SBT4050,1,5,3.5842516,-7.499,892.852,22.2
1449,SBT4050,1,5,3.5833588,-7.499,894.935,22.2
1449,SBT4050,1,5,3.5826792,-7.499,897.018,22.2
1449,SBT4050,1,5,3.5817796,-7.499,899.101,22.2
1449,SBT4050,1,5,3.5809808,-7.499,901.184,22.2
1449,SBT4050,1,5,3.5802228,-7.499,903.268,22.2
1449,SBT4050,1,5,3.5794124,-7.498,905.351,22.2
1449,SBT4050,1,5,3.5786148,-7.499,907.434,22.2
1449,SBT4050,1,5,3.577816,-7.499,909.517,22.2
1449,SBT4050,1,5,3.5768696,-7.499,911.6,22.2
1449,SBT4050,1,5,3.576182,-7.499,913.684,22.2
1449,SBT4050,1,5,3.5756812,-7.501,915.767,22.2
1449,SBT4050,1,5,3.5743772,-7.499,917.85,22.3
1449,SBT4050,1,5,3.573936,-7.499,919.933,22.2
1449,SBT4050,1,5,3.5728636,-7.499,922.016,22.2
1449,SBT4050,1,5,3.5721008,-7.501,924.1,22.2
1449,SBT4050,1,5,3.5712632,-7.501,926.183,22.2
1449,SBT4050,1,5,3.5702992,-7.499,928.266,22.3
1449,SBT4050,1,5,3.5697392,-7.499,930.349,22.2
1449,SBT4050,1,5,3.5689584,-7.501,932.433,22.2
1449,SBT4050,1,5,3.568112,-7.499,934.516,22.2
1449,SBT4050,1,5,3.5672152,-7.499,936.599,22.3
1449,SBT4050,1,5,3.5665716,-7.499,938.682,22.3
1449,SBT4050,1,5,3.5654596,-7.499,940.765,22.2
1449,SBT4050,1,5,3.5647096,-7.499,942.848,22.2
1449,SBT4050,1,5,3.5639232,-7.501,944.931,22.3
1449,SBT4050,1,5,3.563134,-7.499,947.015,22.3
1449,SBT4050,1,5,3.5623116,-7.501,949.098,22.2
1449,SBT4050,1,5,3.5613756,-7.501,951.181,22.2
1449,SBT4050,1,5,3.560672,-7.499,953.264,22.2
1449,SBT4050,1,5,3.55979,-7.499,955.347,22.3
1449,SBT4050,1,5,3.5588484,-7.498,957.431,22.3
1449,SBT4050,1,5,3.5583008,-7.498,959.514,22.2
1449,SBT4050,1,5,3.5574216,-7.501,961.597,22.2
1449,SBT4050,1,5,3.5564084,-7.499,963.68,22.3
1449,SBT4050,1,5,3.5556508,-7.501,965.763,22.3
1449,SBT4050,1,5,3.554876,-7.499,967.846,22.3
1449,SBT4050,1,5,3.5540624,-7.501,969.93,22.2
1449,SBT4050,1,5,3.5530132,-7.501,972.013,22.2
1449,SBT4050,1,5,3.5525412,-7.501,974.096,22.3
1449,SBT4050,1,5,3.5516064,-7.501,976.179,22.3
1449,SBT4050,1,5,3.5507244,-7.499,978.262,22.3
1449,SBT4050,1,5,3.550052,-7.501,980.346,22.2
1449,SBT4050,1,5,3.5491104,-7.499,982.429,22.2
1449,SBT4050,1,5,3.5482412,-7.498,984.512,22.3
1449,SBT4050,1,5,3.5474068,-7.501,986.595,22.3
1449,SBT4050,1,5,3.5466596,-7.499,988.678,22.3
1449,SBT4050,1,5,3.5457332,-7.498,990.761,22.2
1449,SBT4050,1,5,3.545006,-7.499,992.845,22.3
1449,SBT4050,1,5,3.5440936,-7.499,994.928,22.3
1449,SBT4050,1,5,3.5432828,-7.499,997.011,22.4
1449,SBT4050,1,5,3.5425048,-7.499,999.094,22.3
1449,SBT4050,1,5,3.5415032,-7.499,1001.177,22.2
1449,SBT4050,1,5,3.5406556,-7.501,1003.26,22.2
1449,SBT4050,1,5,3.54,-7.499,1005.344,22.3
1449,SBT4050,1,5,3.5389652,-7.499,1007.427,22.3
1449,SBT4050,1,5,3.538466,-7.498,1009.51,22.2
1449,SBT4050,1,5,3.5376436,-7.499,1011.593,22.2
1449,SBT4050,1,5,3.536792,-7.499,1013.676,22.3
1449,SBT4050,1,5,3.5357788,-7.499,1015.759,22.3
1449,SBT4050,1,5,3.535014,-7.499,1017.843,22.3
1449,SBT4050,1,5,3.534156,-7.499,1019.926,22.3
1449,SBT4050,1,5,3.5333392,-7.499,1022.009,22.2
1449,SBT4050,1,5,3.5325784,-7.499,1024.092,22.3
1449,SBT4050,1,5,3.5319468,-7.501,1026.175,22.3
1449,SBT4050,1,5,3.530916,-7.501,1028.258,22.4
1449,SBT4050,1,5,3.5301292,-7.499,1030.341,22.3
1449,SBT4050,1,5,3.5292488,-7.499,1032.425,22.2
1449,SBT4050,1,5,3.5284384,-7.499,1034.508,22.3
1449,SBT4050,1,5,3.5277088,-7.499,1036.591,22.4
1449,SBT4050,1,5,3.5267432,-7.499,1038.674,22.3
1449,SBT4050,1,5,3.5260048,-7.501,1040.757,22.3
1449,SBT4050,1,5,3.5252188,-7.501,1042.84,22.3
1449,SBT4050,1,5,3.5242772,-7.501,1044.924,22.3
1449,SBT4050,1,5,3.5234532,-7.501,1047.007,22.4
1449,SBT4050,1,5,3.5227024,-7.499,1049.09,22.4
1449,SBT4050,1,5,3.5217896,-7.499,1051.173,22.3
1449,SBT4050,1,5,3.5209552,-7.499,1053.257,22.3
1449,SBT4050,1,5,3.5202428,-7.499,1055.34,22.3
1449,SBT4050,1,5,3.5195224,-7.501,1057.423,22.4
1449,SBT4050,1,5,3.5186168,-7.499,1059.506,22.4
1449,SBT4050,1,5,3.5179664,-7.499,1061.59,22.3
1449,SBT4050,1,5,3.5169416,-7.499,1063.673,22.3
1449,SBT4050,1,5,3.5162904,-7.499,1065.756,22.3
1449,SBT4050,1,5,3.5150748,-7.499,1067.839,22.4
1449,SBT4050,1,5,3.5144728,-7.501,1069.922,22.4
1449,SBT4050,1,5,3.5134952,-7.499,1072.005,22.3
1449,SBT4050,1,5,3.5129948,-7.501,1074.089,22.3
1449,SBT4050,1,5,3.5119704,-7.499,1076.172,22.3
1449,SBT4050,1,5,3.5115052,-7.499,1078.255,22.4
1449,SBT4050,1,5,3.5104752,-7.498,1080.338,22.3
1449,SBT4050,1,5,3.5098076,-7.499,1082.421,22.3
1449,SBT4050,1,5,3.5089928,-7.499,1084.504,22.3
1449,SBT4050,1,5,3.5081344,-7.499,1086.587,22.4
1449,SBT4050,1,5,3.5072028,-7.5,1088.671,22.4
1449,SBT4050,1,5,3.5066708,-7.5,1090.754,22.3
1449,SBT4050,1,5,3.5057412,-7.5,1092.837,22.3
1449,SBT4050,1,5,3.5050424,-7.501,1094.92,22.3
1449,SBT4050,1,5,3.5040772,-7.5,1097.004,22.4
1449,SBT4050,1,5,3.5031632,-7.5,1099.087,22.4
1449,SBT4050,1,5,3.502412,-7.5,1101.17,22.4
1449,SBT4050,1,5,3.5015848,-7.501,1103.254,22.4
1449,SBT4050,1,5,3.5009516,-7.498,1105.337,22.4
1449,SBT4050,1,5,3.5001528,-7.5,1107.42,22.4
1449,SBT4050,1,5,3.4990928,-7.5,1109.503,22.4
1449,SBT4050,1,5,3.4984848,-7.499,1111.587,22.3
1449,SBT4050,1,5,3.4976392,-7.501,1113.67,22.3
1449,SBT4050,1,5,3.496876,-7.5,1115.753,22.4
1449,SBT4050,1,5,3.4964488,-7.499,1117.836,22.4
1449,SBT4050,1,5,3.4953492,-7.499,1119.919,22.4
1449,SBT4050,1,5,3.494622,-7.5,1122.003,22.3
1449,SBT4050,1,5,3.4937632,-7.5,1124.086,22.4
1449,SBT4050,1,5,3.4931792,-7.498,1126.169,22.4
1449,SBT4050,1,5,3.4921468,-7.5,1128.252,22.4
1449,SBT4050,1,5,3.4914316,-7.5,1130.336,22.3
1449,SBT4050,1,5,3.4904044,-7.5,1132.419,22.4
1449,SBT4050,1,5,3.4897368,-7.5,1134.502,22.4
1449,SBT4050,1,5,3.4889208,-7.5,1136.586,22.4
1449,SBT4050,1,5,3.4883236,-7.5,1138.669,22.4
1449,SBT4050,1,5,3.487406,-7.5,1140.752,22.3
1449,SBT4050,1,5,3.4864724,-7.5,1142.835,22.3
1449,SBT4050,1,5,3.4858764,-7.501,1144.919,22.4
1449,SBT4050,1,5,3.4850892,-7.5,1147.002,22.4
1449,SBT4050,1,5,3.4841356,-7.5,1149.085,22.4
1449,SBT4050,1,5,3.4834104,-7.5,1151.168,22.3
1449,SBT4050,1,5,3.482628,-7.5,1153.252,22.4
1449,SBT4050,1,5,3.4819244,-7.5,1155.335,22.4
1449,SBT4050,1,5,3.4811372,-7.5,1157.418,22.4
1449,SBT4050,1,5,3.4801596,-7.498,1159.502,22.3
1449,SBT4050,1,5,3.479544,-7.5,1161.585,22.4
1449,SBT4050,1,5,3.4788644,-7.5,1163.668,22.4
1449,SBT4050,1,5,3.4782252,-7.498,1165.751,22.5
1449,SBT4050,1,5,3.477244,-7.5,1167.835,22.4
1449,SBT4050,1,5,3.4765288,-7.5,1169.918,22.4
1449,SBT4050,1,5,3.475874,-7.501,1172.001,22.4
1449,SBT4050,1,5,3.47498,-7.5,1174.084,22.4
1449,SBT4050,1,5,3.474192,-7.498,1176.168,22.4
1449,SBT4050,1,5,3.4733336,-7.5,1178.251,22.3
1449,SBT4050,1,5,3.4727948,-7.5,1180.334,22.3
1449,SBT4050,1,5,3.4718768,-7.5,1182.418,22.4
1449,SBT4050,1,5,3.4711324,-7.5,1184.501,22.4
1449,SBT4050,1,5,3.4704268,-7.5,1186.584,22.4
1449,SBT4050,1,5,3.4695448,-7.501,1188.667,22.3
1449,SBT4050,1,5,3.4688564,-7.501,1190.751,22.4
1449,SBT4050,1,5,3.4679864,-7.5,1192.834,22.4
1449,SBT4050,1,5,3.4672324,-7.501,1194.917,22.4
1449,SBT4050,1,5,3.4665768,-7.499,1197,22.4
1449,SBT4050,1,5,3.4658048,-7.498,1199.083,22.4
1449,SBT4050,1,5,3.4649948,-7.499,1201.167,22.4
1449,SBT4050,1,5,3.4641128,-7.499,1203.25,22.5
1449,SBT4050,1,5,3.463298,-7.501,1205.333,22.4
1449,SBT4050,1,5,3.4627972,-7.501,1207.416,22.4
1449,SBT4050,1,5,3.46182,-7.499,1209.499,22.4
1449,SBT4050,1,5,3.4609976,-7.501,1211.583,22.4
1449,SBT4050,1,5,3.4603412,-7.499,1213.666,22.5
1449,SBT4050,1,5,3.4594948,-7.501,1215.749,22.4
1449,SBT4050,1,5,3.45865,-7.499,1217.832,22.4
1449,SBT4050,1,5,3.458194,-7.499,1219.915,22.4
1449,SBT4050,1,5,3.4574072,-7.499,1221.998,22.4
1449,SBT4050,1,5,3.456656,-7.499,1224.082,22.4
1449,SBT4050,1,5,3.4558696,-7.501,1226.165,22.4
1449,SBT4050,1,5,3.4550212,-7.499,1228.248,22.4
1449,SBT4050,1,5,3.454318,-7.501,1230.331,22.5
1449,SBT4050,1,5,3.4536868,-7.498,1232.414,22.5
1449,SBT4050,1,5,3.452986,-7.499,1234.498,22.5
1449,SBT4050,1,5,3.4521872,-7.501,1236.581,22.4
1449,SBT4050,1,5,3.4515036,-7.501,1238.664,22.4
1449,SBT4050,1,5,3.4505856,-7.501,1240.747,22.4
1449,SBT4050,1,5,3.4499296,-7.499,1242.83,22.5
1449,SBT4050,1,5,3.4491188,-7.499,1244.913,22.5
1449,SBT4050,1,5,3.4485784,-7.501,1246.997,22.4
1449,SBT4050,1,5,3.4477096,-7.501,1249.08,22.4
1449,SBT4050,1,5,3.4469588,-7.499,1251.163,22.5
1449,SBT4050,1,5,3.4461164,-7.499,1253.246,22.5
1449,SBT4050,1,5,3.4453656,-7.499,1255.329,22.4
1449,SBT4050,1,5,3.4448744,-7.499,1257.413,22.4
1449,SBT4050,1,5,3.4439208,-7.499,1259.496,22.4
1449,SBT4050,1,5,3.4431064,-7.499,1261.579,22.5
1449,SBT4050,1,5,3.4426892,-7.499,1263.662,22.5
1449,SBT4050,1,5,3.4417972,-7.499,1265.745,22.5
1449,SBT4050,1,5,3.4410892,-7.499,1267.829,22.4
1449,SBT4050,1,5,3.4401,-7.501,1269.912,22.4
1449,SBT4050,1,5,3.439776,-7.501,1271.995,22.5
1449,SBT4050,1,5,3.438846,-7.501,1274.078,22.5
1449,SBT4050,1,5,3.4381896,-7.501,1276.161,22.4
1449,SBT4050,1,5,3.4377368,-7.501,1278.245,22.4
1449,SBT4050,1,5,3.4367592,-7.499,1280.328,22.4
1449,SBT4050,1,5,3.4360488,-7.499,1282.411,22.5
1449,SBT4050,1,5,3.435262,-7.499,1284.494,22.5
1449,SBT4050,1,5,3.434636,-7.498,1286.577,22.4
1449,SBT4050,1,5,3.4340876,-7.499,1288.661,22.4
1449,SBT4050,1,5,3.4331992,-7.499,1290.744,22.4
1449,SBT4050,1,5,3.4326512,-7.499,1292.827,22.5
1449,SBT4050,1,5,3.4318164,-7.501,1294.91,22.5
1449,SBT4050,1,5,3.431232,-7.499,1296.993,22.4
1449,SBT4050,1,5,3.4304212,-7.499,1299.077,22.4
1449,SBT4050,1,5,3.4297788,-7.499,1301.16,22.4
1449,SBT4050,1,5,3.4292664,-7.501,1303.243,22.5
1449,SBT4050,1,5,3.428454,-7.499,1305.326,22.5
1449,SBT4050,1,5,3.4277032,-7.499,1307.409,22.4
1449,SBT4050,1,5,3.4270452,-7.498,1309.493,22.4
1449,SBT4050,1,5,3.4264372,-7.499,1311.576,22.4
1449,SBT4050,1,5,3.4254356,-7.499,1313.659,22.5
1449,SBT4050,1,5,3.4248556,-7.499,1315.742,22.5
1449,SBT4050,1,5,3.4242476,-7.499,1317.825,22.4
1449,SBT4050,1,5,3.4235272,-7.499,1319.908,22.4
1449,SBT4050,1,5,3.4230028,-7.498,1321.991,22.5
1449,SBT4050,1,5,3.4220852,-7.499,1324.075,22.5
1449,SBT4050,1,5,3.4215128,-7.498,1326.158,22.4
1449,SBT4050,1,5,3.4206728,-7.499,1328.241,22.4
1449,SBT4050,1,5,3.420098,-7.498,1330.324,22.4
1449,SBT4050,1,5,3.419502,-7.499,1332.407,22.5
1449,SBT4050,1,5,3.4186352,-7.499,1334.49,22.5
1449,SBT4050,1,5,3.4180156,-7.501,1336.573,22.4
1449,SBT4050,1,5,3.4173724,-7.499,1338.656,22.4
1449,SBT4050,1,5,3.4166216,-7.498,1340.739,22.4
1449,SBT4050,1,5,3.416032,-7.501,1342.822,22.5
1449,SBT4050,1,5,3.415316,-7.499,1344.906,22.4
1449,SBT4050,1,5,3.4145532,-7.499,1346.989,22.4
1449,SBT4050,1,5,3.4139352,-7.499,1349.072,22.4
1449,SBT4050,1,5,3.4133152,-7.501,1351.155,22.5
1449,SBT4050,1,5,3.4124632,-7.498,1353.238,22.5
1449,SBT4050,1,5,3.4119864,-7.499,1355.321,22.4
1449,SBT4050,1,5,3.4112548,-7.499,1357.404,22.4
1449,SBT4050,1,5,3.4106228,-7.498,1359.487,22.4
1449,SBT4050,1,5,3.409862,-7.499,1361.57,22.5
1449,SBT4050,1,5,3.4094124,-7.499,1363.653,22.5
1449,SBT4050,1,5,3.4086376,-7.499,1365.737,22.5
1449,SBT4050,1,5,3.4079464,-7.501,1367.82,22.4
1449,SBT4050,1,5,3.407398,-7.499,1369.903,22.5
1449,SBT4050,1,5,3.4065852,-7.498,1371.986,22.5
1449,SBT4050,1,5,3.4060964,-7.501,1374.069,22.5
1449,SBT4050,1,5,3.4051864,-7.499,1376.152,22.4
1449,SBT4050,1,5,3.4045388,-7.501,1378.236,22.4
1449,SBT4050,1,5,3.403752,-7.501,1380.319,22.4
1449,SBT4050,1,5,3.403218,-7.499,1382.402,22.5
1449,SBT4050,1,5,3.402634,-7.501,1384.485,22.5
1449,SBT4050,1,5,3.4020864,-7.498,1386.568,22.5
1449,SBT4050,1,5,3.4013236,-7.499,1388.652,22.4
1449,SBT4050,1,5,3.4007476,-7.499,1390.735,22.5
1449,SBT4050,1,5,3.4000084,-7.501,1392.818,22.5
1449,SBT4050,1,5,3.399408,-7.501,1394.901,22.5
1449,SBT4050,1,5,3.398638,-7.499,1396.984,22.5
1449,SBT4050,1,5,3.3979584,-7.499,1399.068,22.4
1449,SBT4050,1,5,3.3974948,-7.499,1401.151,22.5
1449,SBT4050,1,5,3.396744,-7.501,1403.234,22.5
1449,SBT4050,1,5,3.3962608,-7.499,1405.317,22.5
1449,SBT4050,1,5,3.3953432,-7.499,1407.4,22.5
1449,SBT4050,1,5,3.3947948,-7.501,1409.484,22.5
1449,SBT4050,1,5,3.3940328,-7.499,1411.567,22.4
1449,SBT4050,1,5,3.3934728,-7.499,1413.65,22.5
1449,SBT4050,1,5,3.39282,-7.499,1415.733,22.5
1449,SBT4050,1,5,3.392236,-7.499,1417.816,22.5
1449,SBT4050,1,5,3.3916252,-7.501,1419.9,22.4
1449,SBT4050,1,5,3.3910052,-7.499,1421.983,22.5
1449,SBT4050,1,5,3.3903584,-7.499,1424.066,22.5
1449,SBT4050,1,5,3.3895208,-7.499,1426.149,22.6
1449,SBT4050,1,5,3.3889488,-7.499,1428.232,22.5
1449,SBT4050,1,5,3.388334,-7.501,1430.316,22.5
1449,SBT4050,1,5,3.3878928,-7.499,1432.399,22.5
1449,SBT4050,1,5,3.3872104,-7.499,1434.482,22.5
1449,SBT4050,1,5,3.3863164,-7.502,1436.565,22.6
1449,SBT4050,1,5,3.385744,-7.499,1438.648,22.5
1449,SBT4050,1,5,3.3853508,-7.499,1440.732,22.5
1449,SBT4050,1,5,3.38467,-7.499,1442.815,22.5
1449,SBT4050,1,5,3.3837996,-7.501,1444.898,22.6
1449,SBT4050,1,5,3.3831084,-7.499,1446.981,22.6
1449,SBT4050,1,5,3.3827064,-7.499,1449.064,22.6
1449,SBT4050,1,5,3.3819792,-7.499,1451.148,22.5
1449,SBT4050,1,5,3.3813528,-7.498,1453.231,22.5
1449,SBT4050,1,5,3.3807328,-7.501,1455.314,22.5
1449,SBT4050,1,5,3.3798092,-7.499,1457.397,22.6
1449,SBT4050,1,5,3.379372,-7.499,1459.48,22.6
1449,SBT4050,1,5,3.3787524,-7.499,1461.564,22.5
1449,SBT4050,1,5,3.3780572,-7.499,1463.647,22.5
1449,SBT4050,1,5,3.377378,-7.501,1465.73,22.6
1449,SBT4050,1,5,3.3766804,-7.499,1467.813,22.6
1449,SBT4050,1,5,3.3763584,-7.499,1469.896,22.6
1449,SBT4050,1,5,3.3755584,-7.499,1471.979,22.5
1449,SBT4050,1,5,3.3750512,-7.501,1474.062,22.5
1449,SBT4050,1,5,3.3743,-7.498,1476.145,22.6
1449,SBT4050,1,5,3.373768,-7.498,1478.229,22.6
1449,SBT4050,1,5,3.3729576,-7.499,1480.312,22.6
1449,SBT4050,1,5,3.3724132,-7.499,1482.395,22.5
1449,SBT4050,1,5,3.3716504,-7.499,1484.478,22.5
1449,SBT4050,1,5,3.3712464,-7.499,1486.561,22.6
1449,SBT4050,1,5,3.3704716,-7.499,1488.644,22.6
1449,SBT4050,1,5,3.3699324,-7.501,1490.727,22.6
1449,SBT4050,1,5,3.36914,-7.499,1492.81,22.5
1449,SBT4050,1,5,3.3683176,-7.499,1494.894,22.6
1449,SBT4050,1,5,3.3678676,-7.499,1496.977,22.6
1449,SBT4050,1,5,3.367224,-7.501,1499.06,22.6
1449,SBT4050,1,5,3.366836,-7.499,1501.143,22.6
1449,SBT4050,1,5,3.3658584,-7.498,1503.226,22.5
1449,SBT4050,1,5,3.3654664,-7.499,1505.309,22.6
1449,SBT4050,1,5,3.364834,-7.499,1507.392,22.6
1449,SBT4050,1,5,3.3641544,-7.499,1509.475,22.6
1449,SBT4050,1,5,3.3638016,-7.499,1511.558,22.6
1449,SBT4050,1,5,3.3630864,-7.499,1513.641,22.6
1449,SBT4050,1,5,3.362448,-7.499,1515.725,22.6
1449,SBT4050,1,5,3.3616612,-7.499,1517.808,22.6
1449,SBT4050,1,5,3.360992,-7.499,1519.891,22.6
1449,SBT4050,1,5,3.3604676,-7.499,1521.974,22.6
1449,SBT4050,1,5,3.3597324,-7.499,1524.057,22.6
1449,SBT4050,1,5,3.3590868,-7.499,1526.14,22.7
1449,SBT4050,1,5,3.358634,-7.499,1528.224,22.6
1449,SBT4050,1,5,3.3577668,-7.501,1530.307,22.6
1449,SBT4050,1,5,3.3572304,-7.5,1532.39,22.6
1449,SBT4050,1,5,3.3565852,-7.5,1534.473,22.7
1449,SBT4050,1,5,3.3560248,-7.5,1536.557,22.6
1449,SBT4050,1,5,3.3554964,-7.501,1538.64,22.6
1449,SBT4050,1,5,3.3547934,-7.5,1540.723,22.6
1449,SBT4050,1,5,3.3541378,-7.5,1542.807,22.7
1449,SBT4050,1,5,3.3535814,-7.5,1544.89,22.7
1449,SBT4050,1,5,3.3526518,-7.498,1546.973,22.6
1449,SBT4050,1,5,3.3524252,-7.499,1549.056,22.6
1449,SBT4050,1,5,3.3517696,-7.499,1551.139,22.6
1449,SBT4050,1,5,3.3508972,-7.498,1553.222,22.7
1449,SBT4050,1,5,3.3504588,-7.498,1555.305,22.7
1449,SBT4050,1,5,3.3498032,-7.499,1557.388,22.6
1449,SBT4050,1,5,3.3488338,-7.499,1559.472,22.6
1449,SBT4050,1,5,3.3486432,-7.499,1561.555,22.7
1449,SBT4050,1,5,3.3476046,-7.501,1563.638,22.7
1449,SBT4050,1,5,3.3473066,-7.498,1565.721,22.6
1449,SBT4050,1,5,3.3466718,-7.499,1567.804,22.6
1449,SBT4050,1,5,3.3460282,-7.498,1569.887,22.6
1449,SBT4050,1,5,3.3453512,-7.498,1571.97,22.7
1449,SBT4050,1,5,3.3447728,-7.498,1574.053,22.7
1449,SBT4050,1,5,3.3441172,-7.499,1576.136,22.6
1449,SBT4050,1,5,3.3434108,-7.499,1578.219,22.6
1449,SBT4050,1,5,3.3430054,-7.499,1580.303,22.7
1449,SBT4050,1,5,3.3421986,-7.498,1582.386,22.7
1449,SBT4050,1,5,3.3415074,-7.498,1584.469,22.6
1449,SBT4050,1,5,3.3410088,-7.499,1586.552,22.6
1449,SBT4050,1,5,3.3404892,-7.498,1588.635,22.7
1449,SBT4050,1,5,3.3397144,-7.499,1590.718,22.7
1449,SBT4050,1,5,3.3389604,-7.499,1592.801,22.7
1449,SBT4050,1,5,3.3383406,-7.499,1594.884,22.6
1449,SBT4050,1,5,3.337927,-7.499,1596.967,22.6
1449,SBT4050,1,5,3.3371642,-7.499,1599.05,22.7
1449,SBT4050,1,5,3.3365098,-7.499,1601.134,22.7
1449,SBT4050,1,5,3.3360214,-7.498,1603.217,22.7
1449,SBT4050,1,5,3.3354372,-7.499,1605.3,22.6
1449,SBT4050,1,5,3.3348932,-7.501,1607.383,22.7
1449,SBT4050,1,5,3.3343926,-7.499,1609.466,22.7
1449,SBT4050,1,5,3.3333778,-7.501,1611.549,22.7
1449,SBT4050,1,5,3.3327222,-7.499,1613.632,22.6
1449,SBT4050,1,5,3.3323894,-7.499,1615.715,22.6
1449,SBT4050,1,5,3.3315074,-7.499,1617.798,22.7
1449,SBT4050,1,5,3.3309386,-7.499,1619.881,22.7
1449,SBT4050,1,5,3.3303596,-7.501,1621.965,22.7
1449,SBT4050,1,5,3.3297636,-7.498,1624.048,22.6
1449,SBT4050,1,5,3.3290502,-7.498,1626.131,22.6
1449,SBT4050,1,5,3.3284662,-7.5,1628.214,22.7
1449,SBT4050,1,5,3.3276898,-7.498,1630.297,22.7
1449,SBT4050,1,5,3.3270222,-7.5,1632.38,22.7
1449,SBT4050,1,5,3.3264852,-7.5,1634.464,22.6
1449,SBT4050,1,5,3.3257572,-7.5,1636.547,22.7
1449,SBT4050,1,5,3.3251374,-7.498,1638.63,22.7
1449,SBT4050,1,5,3.3245348,-7.5,1640.713,22.8
1449,SBT4050,1,5,3.323784,-7.5,1642.797,22.7
1449,SBT4050,1,5,3.3233216,-7.5,1644.88,22.6
1449,SBT4050,1,5,3.322821,-7.5,1646.963,22.6
1449,SBT4050,1,5,3.3219726,-7.5,1649.046,22.7
1449,SBT4050,1,5,3.3214742,-7.498,1651.129,22.8
1449,SBT4050,1,5,3.3207112,-7.498,1653.213,22.7
1449,SBT4050,1,5,3.3201756,-7.5,1655.296,22.7
1449,SBT4050,1,5,3.319353,-7.499,1657.379,22.7
1449,SBT4050,1,5,3.3188154,-7.499,1659.462,22.8
1449,SBT4050,1,5,3.318124,-7.499,1661.545,22.8
1449,SBT4050,1,5,3.3175558,-7.499,1663.628,22.7
1449,SBT4050,1,5,3.3169716,-7.499,1665.712,22.7
1449,SBT4050,1,5,3.3161688,-7.5,1667.795,22.7
1449,SBT4050,1,5,3.3155038,-7.5,1669.878,22.7
1449,SBT4050,1,5,3.3149674,-7.5,1671.961,22.8
1449,SBT4050,1,5,3.3143286,-7.5,1674.045,22.8
1449,SBT4050,1,5,3.3135062,-7.498,1676.128,22.7
1449,SBT4050,1,5,3.3128244,-7.499,1678.211,22.7
1449,SBT4050,1,5,3.3123714,-7.499,1680.294,22.7
1449,SBT4050,1,5,3.3119042,-7.499,1682.377,22.8
1449,SBT4050,1,5,3.311125,-7.499,1684.46,22.8
1449,SBT4050,1,5,3.3104336,-7.499,1686.544,22.8
1449,SBT4050,1,5,3.3098168,-7.501,1688.627,22.8
1449,SBT4050,1,5,3.3090538,-7.499,1690.71,22.7
1449,SBT4050,1,5,3.3086722,-7.499,1692.793,22.8
1449,SBT4050,1,5,3.307683,-7.499,1694.876,22.8
1449,SBT4050,1,5,3.3071894,-7.501,1696.959,22.8
1449,SBT4050,1,5,3.3064982,-7.499,1699.043,22.8
1449,SBT4050,1,5,3.3058876,-7.499,1701.126,22.8
1449,SBT4050,1,5,3.3050868,-7.501,1703.209,22.8
1449,SBT4050,1,5,3.3045384,-7.499,1705.292,22.8
1449,SBT4050,1,5,3.3038828,-7.501,1707.375,22.9
1449,SBT4050,1,5,3.3033464,-7.498,1709.458,22.8
1449,SBT4050,1,5,3.3025224,-7.501,1711.541,22.8
1449,SBT4050,1,5,3.3019742,-7.501,1713.625,22.8
1449,SBT4050,1,5,3.3013932,-7.499,1715.708,22.8
1449,SBT4050,1,5,3.300503,-7.499,1717.791,22.8
1449,SBT4050,1,5,3.299776,-7.499,1719.874,22.9
1449,SBT4050,1,5,3.299216,-7.499,1721.957,22.8
1449,SBT4050,1,5,3.2985246,-7.499,1724.041,22.8
1449,SBT4050,1,5,3.2978556,-7.499,1726.124,22.7
1449,SBT4050,1,5,3.297188,-7.499,1728.207,22.8
1449,SBT4050,1,5,3.2965252,-7.499,1730.29,22.8
1449,SBT4050,1,5,3.2957894,-7.499,1732.373,22.8
1449,SBT4050,1,5,3.2952052,-7.499,1734.456,22.8
1449,SBT4050,1,5,3.2945258,-7.501,1736.54,22.8
1449,SBT4050,1,5,3.2939536,-7.499,1738.623,22.8
1449,SBT4050,1,5,3.2930876,-7.499,1740.706,22.8
1449,SBT4050,1,5,3.2924916,-7.499,1742.789,22.9
1449,SBT4050,1,5,3.2918532,-7.499,1744.872,22.9
1449,SBT4050,1,5,3.2911858,-7.499,1746.955,22.9
1449,SBT4050,1,5,3.2904376,-7.499,1749.039,22.8
1449,SBT4050,1,5,3.2899864,-7.499,1751.122,22.8
1449,SBT4050,1,5,3.2891162,-7.499,1753.205,22.9
1449,SBT4050,1,5,3.2884702,-7.499,1755.288,22.9
1449,SBT4050,1,5,3.2878384,-7.499,1757.371,22.9
1449,SBT4050,1,5,3.2871304,-7.501,1759.455,22.9
1449,SBT4050,1,5,3.2864032,-7.499,1761.538,22.8
1449,SBT4050,1,5,3.2857014,-7.499,1763.621,22.8
1449,SBT4050,1,5,3.2851844,-7.499,1765.704,22.9
1449,SBT4050,1,5,3.284672,-7.499,1767.787,22.9
1449,SBT4050,1,5,3.2835502,-7.499,1769.87,22.9
1449,SBT4050,1,5,3.2829304,-7.499,1771.954,22.9
1449,SBT4050,1,5,3.2824854,-7.499,1774.037,22.8
1449,SBT4050,1,5,3.2817942,-7.501,1776.12,22.8
1449,SBT4050,1,5,3.2808382,-7.498,1778.203,22.9
1449,SBT4050,1,5,3.2804556,-7.499,1780.286,22.9
1449,SBT4050,1,5,3.2797164,-7.499,1782.369,22.9
1449,SBT4050,1,5,3.2789344,-7.499,1784.453,22.8
1449,SBT4050,1,5,3.278267,-7.499,1786.536,22.8
1449,SBT4050,1,5,3.2774844,-7.499,1788.619,22.8
1449,SBT4050,1,5,3.2767454,-7.499,1790.702,22.9
1449,SBT4050,1,5,3.276039,-7.498,1792.785,22.9
1449,SBT4050,1,5,3.2755026,-7.499,1794.868,22.9
1449,SBT4050,1,5,3.274541,-7.499,1796.952,22.9
1449,SBT4050,1,5,3.2739272,-7.499,1799.035,22.9
1449,SBT4050,1,5,3.2734504,-7.499,1801.118,22.9
1449,SBT4050,1,5,3.2726882,-7.501,1803.201,22.9
1449,SBT4050,1,5,3.2719372,-7.501,1805.284,22.9
1449,SBT4050,1,5,3.2712666,-7.499,1807.367,22.9
1449,SBT4050,1,5,3.2702056,-7.498,1809.451,22.8
1449,SBT4050,1,5,3.269814,-7.499,1811.534,22.9
1449,SBT4050,1,5,3.2691126,-7.499,1813.617,22.9
1449,SBT4050,1,5,3.2682902,-7.499,1815.7,23
1449,SBT4050,1,5,3.2673724,-7.499,1817.783,22.9
1449,SBT4050,1,5,3.2669432,-7.499,1819.866,22.9
1449,SBT4050,1,5,3.2660746,-7.499,1821.95,22.9
1449,SBT4050,1,5,3.2655026,-7.499,1824.033,23
1449,SBT4050,1,5,3.2646212,-7.499,1826.116,23
1449,SBT4050,1,5,3.263955,-7.499,1828.199,22.9
1449,SBT4050,1,5,3.2632636,-7.501,1830.282,22.9
1449,SBT4050,1,5,3.2622418,-7.501,1832.365,22.9
1449,SBT4050,1,5,3.2616934,-7.499,1834.449,22.9
1449,SBT4050,1,5,3.260943,-7.499,1836.532,23
1449,SBT4050,1,5,3.2602994,-7.499,1838.615,23
1449,SBT4050,1,5,3.2595982,-7.501,1840.698,22.9
1449,SBT4050,1,5,3.2584182,-7.499,1842.781,22.9
1449,SBT4050,1,5,3.2580376,-7.501,1844.864,22.9
1449,SBT4050,1,5,3.2572808,-7.499,1846.947,23
1449,SBT4050,1,5,3.2566728,-7.499,1849.031,23
1449,SBT4050,1,5,3.2560772,-7.499,1851.114,22.9
1449,SBT4050,1,5,3.255207,-7.501,1853.197,22.9
1449,SBT4050,1,5,3.2546266,-7.502,1855.28,22.9
1449,SBT4050,1,5,3.2536492,-7.499,1857.364,23
1449,SBT4050,1,5,3.2526236,-7.499,1859.447,23
1449,SBT4050,1,5,3.251994,-7.499,1861.53,23
1449,SBT4050,1,5,3.251398,-7.499,1863.613,22.9
1449,SBT4050,1,5,3.2506642,-7.501,1865.696,22.9
1449,SBT4050,1,5,3.2498656,-7.501,1867.78,23
1449,SBT4050,1,5,3.249055,-7.499,1869.863,23
1449,SBT4050,1,5,3.2481254,-7.499,1871.946,23
1449,SBT4050,1,5,3.247592,-7.499,1874.029,23
1449,SBT4050,1,5,3.2469482,-7.499,1876.113,23
1449,SBT4050,1,5,3.2459588,-7.499,1878.196,23
1449,SBT4050,1,5,3.245085,-7.499,1880.279,23.1
1449,SBT4050,1,5,3.2441552,-7.499,1882.362,23.1
1449,SBT4050,1,5,3.2436094,-7.499,1884.445,23
1449,SBT4050,1,5,3.2428466,-7.501,1886.529,23
1449,SBT4050,1,5,3.242001,-7.501,1888.612,23
1449,SBT4050,1,5,3.2411548,-7.501,1890.695,23
1449,SBT4050,1,5,3.2403674,-7.499,1892.778,23.1
1449,SBT4050,1,5,3.23977,-7.498,1894.861,23
1449,SBT4050,1,5,3.2388998,-7.501,1896.945,23
1449,SBT4050,1,5,3.2381036,-7.501,1899.028,23
1449,SBT4050,1,5,3.2372692,-7.499,1901.111,23
1449,SBT4050,1,5,3.2365492,-7.501,1903.194,23.1
1449,SBT4050,1,5,3.2357148,-7.499,1905.277,23.1
1449,SBT4050,1,5,3.2346736,-7.499,1907.36,23
1449,SBT4050,1,5,3.2339864,-7.501,1909.444,23
1449,SBT4050,1,5,3.2332474,-7.501,1911.527,23
1449,SBT4050,1,5,3.232421,-7.499,1913.61,23
1449,SBT4050,1,5,3.2317534,-7.501,1915.693,23.1
1449,SBT4050,1,5,3.2308958,-7.499,1917.776,23
1449,SBT4050,1,5,3.2300376,-7.499,1919.859,23
1449,SBT4050,1,5,3.229208,-7.499,1921.943,23
1449,SBT4050,1,5,3.2282424,-7.499,1924.026,23
1449,SBT4050,1,5,3.2273942,-7.498,1926.109,23.1
1449,SBT4050,1,5,3.2266316,-7.499,1928.192,23.1
1449,SBT4050,1,5,3.2255826,-7.499,1930.275,23.1
1449,SBT4050,1,5,3.2249552,-7.499,1932.358,23
1449,SBT4050,1,5,3.2240494,-7.499,1934.441,23
1449,SBT4050,1,5,3.2233382,-7.499,1936.524,23.1
1449,SBT4050,1,5,3.2223012,-7.499,1938.607,23.1
1449,SBT4050,1,5,3.2215054,-7.499,1940.691,23.1
1449,SBT4050,1,5,3.2205594,-7.501,1942.774,23
1449,SBT4050,1,5,3.219594,-7.499,1944.857,23
1449,SBT4050,1,5,3.21893,-7.501,1946.94,23.1
1449,SBT4050,1,5,3.2180002,-7.499,1949.023,23.1
1449,SBT4050,1,5,3.217144,-7.499,1951.107,23.1
1449,SBT4050,1,5,3.2161428,-7.501,1953.19,23
1449,SBT4050,1,5,3.2152444,-7.499,1955.273,23
1449,SBT4050,1,5,3.2147508,-7.501,1957.356,23.1
1449,SBT4050,1,5,3.2135946,-7.501,1959.439,23.1
1449,SBT4050,1,5,3.2125808,-7.499,1961.523,23.1
1449,SBT4050,1,5,3.2115558,-7.499,1963.606,23.1
1449,SBT4050,1,5,3.2110548,-7.499,1965.689,23.1
1449,SBT4050,1,5,3.2099104,-7.501,1967.772,23.1
1449,SBT4050,1,5,3.2090938,-7.501,1969.855,23.2
1449,SBT4050,1,5,3.2080806,-7.501,1971.938,23.2
1449,SBT4050,1,5,3.207297,-7.499,1974.022,23.1
1449,SBT4050,1,5,3.2063538,-7.499,1976.105,23.1
1449,SBT4050,1,5,3.2054716,-7.499,1978.188,23.2
1449,SBT4050,1,5,3.2044848,-7.499,1980.271,23.2
1449,SBT4050,1,5,3.2035312,-7.499,1982.354,23.2
1449,SBT4050,1,5,3.2025032,-7.499,1984.438,23.1
1449,SBT4050,1,5,3.2017522,-7.501,1986.521,23.1
1449,SBT4050,1,5,3.2007356,-7.499,1988.604,23.2
1449,SBT4050,1,5,3.1996632,-7.499,1990.687,23.2
1449,SBT4050,1,5,3.198805,-7.499,1992.77,23.2
1449,SBT4050,1,5,3.1977124,-7.499,1994.853,23.1
1449,SBT4050,1,5,3.1968302,-7.499,1996.936,23.2
1449,SBT4050,1,5,3.1958602,-7.499,1999.02,23.2
1449,SBT4050,1,5,3.1948588,-7.501,2001.103,23.2
1449,SBT4050,1,5,3.193824,-7.498,2003.186,23.2
1449,SBT4050,1,5,3.19293,-7.499,2005.269,23.1
1449,SBT4050,1,5,3.1919252,-7.499,2007.352,23.2
1449,SBT4050,1,5,3.1908226,-7.499,2009.435,23.2
1449,SBT4050,1,5,3.1897976,-7.499,2011.518,23.2
1449,SBT4050,1,5,3.188878,-7.499,2013.602,23.2
1449,SBT4050,1,5,3.18771,-7.499,2015.685,23.2
1449,SBT4050,1,5,3.1868218,-7.498,2017.768,23.3
1449,SBT4050,1,5,3.1857134,-7.499,2019.851,23.3
1449,SBT4050,1,5,3.1848396,-7.499,2021.934,23.2
1449,SBT4050,1,5,3.1838178,-7.499,2024.017,23.2
1449,SBT4050,1,5,3.1826138,-7.499,2026.1,23.2
1449,SBT4050,1,5,3.181667,-7.499,2028.184,23.3
1449,SBT4050,1,5,3.1805464,-7.499,2030.267,23.3
1449,SBT4050,1,5,3.17958,-7.499,2032.35,23.2
1449,SBT4050,1,5,3.1783402,-7.499,2034.433,23.2
1449,SBT4050,1,5,3.1773684,-7.499,2036.516,23.2
1449,SBT4050,1,5,3.1763952,-7.499,2038.599,23.3
1449,SBT4050,1,5,3.1751914,-7.499,2040.682,23.3
1449,SBT4050,1,5,3.1742144,-7.499,2042.766,23.2
1449,SBT4050,1,5,3.1730224,-7.501,2044.849,23.2
1449,SBT4050,1,5,3.1719152,-7.498,2046.932,23.3
1449,SBT4050,1,5,3.1707828,-7.499,2049.015,23.3
1449,SBT4050,1,5,3.169614,-7.499,2051.098,23.3
1449,SBT4050,1,5,3.1684816,-7.498,2053.181,23.2
1449,SBT4050,1,5,3.1674348,-7.501,2055.264,23.2
1449,SBT4050,1,5,3.1663112,-7.498,2057.348,23.3
1449,SBT4050,1,5,3.165155,-7.499,2059.431,23.4
1449,SBT4050,1,5,3.1639878,-7.499,2061.514,23.3
1449,SBT4050,1,5,3.1628674,-7.499,2063.597,23.3
1449,SBT4050,1,5,3.1615644,-7.499,2065.68,23.3
1449,SBT4050,1,5,3.160432,-7.501,2067.763,23.4
1449,SBT4050,1,5,3.1590778,-7.499,2069.846,23.4
1449,SBT4050,1,5,3.1579822,-7.499,2071.93,23.3
1449,SBT4050,1,5,3.156993,-7.499,2074.013,23.3
1449,SBT4050,1,5,3.155473,-7.499,2076.096,23.3
1449,SBT4050,1,5,3.154436,-7.501,2078.179,23.3
1449,SBT4050,1,5,3.1529532,-7.499,2080.262,23.4
1449,SBT4050,1,5,3.1518208,-7.499,2082.345,23.4
1449,SBT4050,1,5,3.1506466,-7.498,2084.429,23.3
1449,SBT4050,1,5,3.1491682,-7.499,2086.512,23.3
1449,SBT4050,1,5,3.1481074,-7.5,2088.595,23.4
1449,SBT4050,1,5,3.1468366,-7.5,2090.678,23.4
1449,SBT4050,1,5,3.1456802,-7.499,2092.761,23.4
1449,SBT4050,1,5,3.1443776,-7.501,2094.845,23.3
1449,SBT4050,1,5,3.142828,-7.501,2096.928,23.3
1449,SBT4050,1,5,3.1416248,-7.499,2099.011,23.4
1449,SBT4050,1,5,3.1401826,-7.499,2101.094,23.4
1449,SBT4050,1,5,3.139002,-7.5,2103.177,23.4
1449,SBT4050,1,5,3.1374818,-7.5,2105.261,23.4
1449,SBT4050,1,5,3.136111,-7.499,2107.344,23.3
1449,SBT4050,1,5,3.1348516,-7.499,2109.427,23.4
1449,SBT4050,1,5,3.1333734,-7.501,2111.51,23.4
1449,SBT4050,1,5,3.1320154,-7.498,2113.593,23.4
1449,SBT4050,1,5,3.1306804,-7.499,2115.676,23.3
1449,SBT4050,1,5,3.1292142,-7.499,2117.76,23.3
1449,SBT4050,1,5,3.1277158,-7.499,2119.843,23.4
1449,SBT4050,1,5,3.1261184,-7.499,2121.926,23.4
1449,SBT4050,1,5,3.1246924,-7.499,2124.009,23.4
1449,SBT4050,1,5,3.1234408,-7.499,2126.092,23.4
1449,SBT4050,1,5,3.1217518,-7.501,2128.175,23.3
1449,SBT4050,1,5,3.1202976,-7.499,2130.258,23.3
1449,SBT4050,1,5,3.1185248,-7.501,2132.341,23.4
1449,SBT4050,1,5,3.1172886,-7.499,2134.425,23.4
1449,SBT4050,1,5,3.1156436,-7.501,2136.508,23.4
1449,SBT4050,1,5,3.1139636,-7.499,2138.591,23.4
1449,SBT4050,1,5,3.1125212,-7.499,2140.674,23.4
1449,SBT4050,1,5,3.1107354,-7.499,2142.757,23.5
1449,SBT4050,1,5,3.109007,-7.501,2144.841,23.5
1449,SBT4050,1,5,3.1075152,-7.499,2146.924,23.4
1449,SBT4050,1,5,3.1058346,-7.501,2149.007,23.4
1449,SBT4050,1,5,3.1039162,-7.498,2151.09,23.4
1449,SBT4050,1,5,3.102325,-7.499,2153.173,23.4
1449,SBT4050,1,5,3.1007754,-7.499,2155.256,23.5
1449,SBT4050,1,5,3.0989548,-7.499,2157.339,23.4
1449,SBT4050,1,5,3.0970714,-7.499,2159.423,23.4
1449,SBT4050,1,5,3.0956226,-7.499,2161.506,23.4
1449,SBT4050,1,5,3.093763,-7.499,2163.589,23.5
1449,SBT4050,1,5,3.091745,-7.499,2165.672,23.5
1449,SBT4050,1,5,3.0898864,-7.499,2167.755,23.5
1449,SBT4050,1,5,3.088015,-7.499,2169.838,23.4
1449,SBT4050,1,5,3.0862594,-7.499,2171.921,23.4
1449,SBT4050,1,5,3.0841258,-7.499,2174.004,23.4
1449,SBT4050,1,5,3.0823922,-7.499,2176.087,23.5
1449,SBT4050,1,5,3.0803658,-7.499,2178.171,23.5
1449,SBT4050,1,5,3.0784898,-7.499,2180.254,23.4
1449,SBT4050,1,5,3.0764276,-7.499,2182.337,23.4
1449,SBT4050,1,5,3.0744696,-7.501,2184.42,23.4
1449,SBT4050,1,5,3.0723012,-7.499,2186.503,23.5
1449,SBT4050,1,5,3.0701556,-7.501,2188.586,23.5
1449,SBT4050,1,5,3.068342,-7.499,2190.669,23.5
1449,SBT4050,1,5,3.066089,-7.499,2192.752,23.4
1449,SBT4050,1,5,3.0637408,-7.499,2194.835,23.5
1449,SBT4050,1,5,3.0615116,-7.499,2196.918,23.5
1449,SBT4050,1,5,3.0592382,-7.499,2199.002,23.6
1449,SBT4050,1,5,3.0571326,-7.501,2201.085,23.5
1449,SBT4050,1,5,3.0547962,-7.498,2203.168,23.5
1449,SBT4050,1,5,3.052469,-7.499,2205.251,23.5
1449,SBT4050,1,5,3.0501446,-7.499,2207.334,23.6
1449,SBT4050,1,5,3.0479476,-7.499,2209.417,23.6
1449,SBT4050,1,5,3.0455636,-7.501,2211.5,23.5
1449,SBT4050,1,5,3.0428238,-7.499,2213.584,23.5
1449,SBT4050,1,5,3.0405778,-7.499,2215.667,23.5
1449,SBT4050,1,5,3.038003,-7.499,2217.75,23.6
1449,SBT4050,1,5,3.0354852,-7.499,2219.833,23.6
1449,SBT4050,1,5,3.032815,-7.499,2221.916,23.6
1449,SBT4050,1,5,3.0301968,-7.499,2224,23.5
1449,SBT4050,1,5,3.027467,-7.499,2226.083,23.5
1449,SBT4050,1,5,3.0246586,-7.499,2228.166,23.6
1449,SBT4050,1,5,3.0222506,-7.499,2230.249,23.6
1449,SBT4050,1,5,3.0192988,-7.499,2232.332,23.6
1449,SBT4050,1,5,3.0164018,-7.499,2234.415,23.6
1449,SBT4050,1,5,3.0136602,-7.499,2236.498,23.5
1449,SBT4050,1,5,3.010754,-7.499,2238.581,23.6
1449,SBT4050,1,5,3.0078098,-7.499,2240.665,23.7
1449,SBT4050,1,5,3.0047402,-7.501,2242.748,23.7
1449,SBT4050,1,5,3.001629,-7.498,2244.831,23.6
1449,SBT4050,1,5,2.9987744,-7.499,2246.914,23.6
1449,SBT4050,1,5,2.9955978,-7.499,2248.997,23.6
1449,SBT4050,1,5,2.9924152,-7.499,2251.08,23.6
1449,SBT4050,1,5,2.9892794,-7.499,2253.163,23.7
1449,SBT4050,1,5,2.9861324,-7.499,2255.246,23.6
1449,SBT4050,1,5,2.982773,-7.501,2257.329,23.6
1449,SBT4050,1,5,2.9794116,-7.499,2259.413,23.6
1449,SBT4050,1,5,2.976058,-7.498,2261.496,23.7
1449,SBT4050,1,5,2.9726882,-7.499,2263.579,23.7
1449,SBT4050,1,5,2.9690288,-7.499,2265.662,23.7
1449,SBT4050,1,5,2.9654108,-7.498,2267.745,23.6
1449,SBT4050,1,5,2.9618586,-7.501,2269.828,23.6
1449,SBT4050,1,5,2.958087,-7.499,2271.911,23.6
1449,SBT4050,1,5,2.9543202,-7.499,2273.994,23.7
1449,SBT4050,1,5,2.9503952,-7.501,2276.078,23.7
1449,SBT4050,1,5,2.946676,-7.499,2278.161,23.7
1449,SBT4050,1,5,2.9429894,-7.499,2280.244,23.7
1449,SBT4050,1,5,2.9389694,-7.501,2282.327,23.7
1449,SBT4050,1,5,2.9348808,-7.499,2284.41,23.8
1449,SBT4050,1,5,2.930767,-7.499,2286.493,23.8
1449,SBT4050,1,5,2.9265234,-7.501,2288.577,23.7
1449,SBT4050,1,5,2.9222512,-7.499,2290.66,23.7
1449,SBT4050,1,5,2.9183534,-7.499,2292.743,23.7
1449,SBT4050,1,5,2.9137214,-7.499,2294.826,23.8
1449,SBT4050,1,5,2.9094378,-7.499,2296.909,23.8
1449,SBT4050,1,5,2.9048128,-7.499,2298.992,23.8
1449,SBT4050,1,5,2.9002882,-7.499,2301.076,23.7
1449,SBT4050,1,5,2.8957346,-7.499,2303.159,23.8
1449,SBT4050,1,5,2.8910382,-7.501,2305.242,23.8
1449,SBT4050,1,5,2.8861866,-7.499,2307.325,23.8
1449,SBT4050,1,5,2.881428,-7.499,2309.408,23.8
1449,SBT4050,1,5,2.8765248,-7.499,2311.491,23.7
1449,SBT4050,1,5,2.871125,-7.501,2313.574,23.7
1449,SBT4050,1,5,2.8660236,-7.501,2315.657,23.8
1449,SBT4050,1,5,2.8609336,-7.501,2317.741,23.8
1449,SBT4050,1,5,2.8554426,-7.499,2319.824,23.8
1449,SBT4050,1,5,2.8501144,-7.499,2321.907,23.8
1449,SBT4050,1,5,2.8444224,-7.499,2323.99,23.7
1449,SBT4050,1,5,2.8388794,-7.499,2326.073,23.9
1449,SBT4050,1,5,2.8331976,-7.499,2328.156,23.9
1449,SBT4050,1,5,2.82736,-7.499,2330.239,23.9
1449,SBT4050,1,5,2.8213046,-7.499,2332.322,23.8
1449,SBT4050,1,5,2.8151444,-7.498,2334.405,23.8
1449,SBT4050,1,5,2.8088388,-7.499,2336.489,23.9
1449,SBT4050,1,5,2.8024688,-7.501,2338.572,24
1449,SBT4050,1,5,2.7960678,-7.499,2340.655,24
1449,SBT4050,1,5,2.7892362,-7.501,2342.738,23.9
1449,SBT4050,1,5,2.782454,-7.501,2344.821,23.9
1449,SBT4050,1,5,2.7756716,-7.498,2346.904,23.9
1449,SBT4050,1,5,2.7685706,-7.499,2348.988,24
1449,SBT4050,1,5,2.7611206,-7.501,2351.071,24
1449,SBT4050,1,5,2.7535984,-7.501,2353.154,23.9
1449,SBT4050,1,5,2.7460294,-7.499,2355.237,23.9
1449,SBT4050,1,5,2.7381436,-7.499,2357.32,23.9
1449,SBT4050,1,5,2.7299906,-7.499,2359.403,24
1449,SBT4050,1,5,2.7217726,-7.499,2361.487,24
1449,SBT4050,1,5,2.7132452,-7.499,2363.57,24
1449,SBT4050,1,5,2.7045316,-7.501,2365.653,24
1449,SBT4050,1,5,2.6957066,-7.499,2367.736,23.9
1449,SBT4050,1,5,2.686433,-7.501,2369.819,24
1449,SBT4050,1,5,2.6769412,-7.499,2371.903,24
1449,SBT4050,1,5,2.6672384,-7.501,2373.986,24.1
1449,SBT4050,1,5,2.6575056,-7.499,2376.069,24
1449,SBT4050,1,5,2.6470942,-7.501,2378.152,24
1449,SBT4050,1,5,2.6365094,-7.499,2380.235,24
1449,SBT4050,1,5,2.6254576,-7.498,2382.318,24.1
1449,SBT4050,1,5,2.6142886,-7.498,2384.402,24.1
1449,SBT4050,1,5,2.6026168,-7.499,2386.485,24.1
1449,SBT4050,1,5,2.59053,-7.501,2388.568,24.1
1449,SBT4050,1,5,2.5781238,-7.499,2390.651,24.1
1449,SBT4050,1,5,2.5655254,-7.499,2392.734,24.1
1449,SBT4050,1,5,2.552449,-7.501,2394.817,24.2
1449,SBT4050,1,5,2.5386988,-7.501,2396.901,24.2
1449,SBT4050,1,5,2.524812,-7.499,2398.984,24.2
1449,SBT4050,1,5,2.5103372,-7.499,2401.067,24.2
1449,SBT4050,1,5,2.499955,-7.499,2402.548,
,,,,,,,
