1462,SBT4050,1,5,4.170608,-9.90E-05,0,
1462,SBT4050,1,5,3.8100436,-17.499,2.177,21
1462,SBT4050,1,5,3.7814424,-17.496,7.038,21
1462,SBT4050,1,5,3.7615124,-17.501,11.899,20.9
1462,SBT4050,1,5,3.7453668,-17.499,16.76,21
1462,SBT4050,1,5,3.7315396,-17.501,21.621,21
1462,SBT4050,1,5,3.7189568,-17.499,26.482,21
1462,SBT4050,1,5,3.7078296,-17.499,31.343,21
1462,SBT4050,1,5,3.6976856,-17.502,36.204,21
1462,SBT4050,1,5,3.6882812,-17.499,41.065,21
1462,SBT4050,1,5,3.6798896,-17.5,45.926,21
1462,SBT4050,1,5,3.6719788,-17.502,50.787,21
1462,SBT4050,1,5,3.664386,-17.497,55.648,21
1462,SBT4050,1,5,3.658044,-17.502,60.509,21.1
1462,SBT4050,1,5,3.6517748,-17.499,65.37,21.1
1462,SBT4050,1,5,3.6455408,-17.499,70.231,21.1
1462,SBT4050,1,5,3.6404064,-17.5,75.092,21.2
1462,SBT4050,1,5,3.6351736,-17.499,79.953,21.3
1462,SBT4050,1,5,3.6301432,-17.499,84.814,21.3
1462,SBT4050,1,5,3.6256612,-17.501,89.675,21.3
1462,SBT4050,1,5,3.6211984,-17.498,94.536,21.4
1462,SBT4050,1,5,3.6172288,-17.501,99.397,21.5
1462,SBT4050,1,5,3.6135692,-17.499,104.258,21.6
1462,SBT4050,1,5,3.6096888,-17.498,109.119,21.6
1462,SBT4050,1,5,3.6061604,-17.499,113.98,21.7
1462,SBT4050,1,5,3.6029472,-17.501,118.841,21.8
1462,SBT4050,1,5,3.5996456,-17.502,123.702,21.9
1462,SBT4050,1,5,3.59661,-17.499,128.563,21.9
1462,SBT4050,1,5,3.5935348,-17.501,133.424,22
1462,SBT4050,1,5,3.590668,-17.499,138.285,22.2
1462,SBT4050,1,5,3.5879264,-17.499,143.146,22.3
1462,SBT4050,1,5,3.5852088,-17.501,148.007,22.3
1462,SBT4050,1,5,3.5827336,-17.499,152.868,22.4
1462,SBT4050,1,5,3.5804568,-17.499,157.729,22.5
1462,SBT4050,1,5,3.5781732,-17.499,162.59,22.6
1462,SBT4050,1,5,3.5758964,-17.501,167.451,22.7
1462,SBT4050,1,5,3.5738144,-17.498,172.312,22.7
1462,SBT4050,1,5,3.5716144,-17.501,177.173,22.8
1462,SBT4050,1,5,3.5695764,-17.5,182.034,23
1462,SBT4050,1,5,3.5675784,-17.498,186.895,23.2
1462,SBT4050,1,5,3.5658264,-17.5,191.756,23.2
1462,SBT4050,1,5,3.563748,-17.498,196.617,23.4
1462,SBT4050,1,5,3.5620196,-17.498,201.478,23.5
1462,SBT4050,1,5,3.5601328,-17.5,206.339,23.7
1462,SBT4050,1,5,3.5584996,-17.503,211.2,23.7
1462,SBT4050,1,5,3.5570524,-17.501,216.061,23.8
1462,SBT4050,1,5,3.5551504,-17.5,220.922,23.9
1462,SBT4050,1,5,3.5535412,-17.498,225.783,24.1
1462,SBT4050,1,5,3.5519444,-17.498,230.644,24.2
1462,SBT4050,1,5,3.5501448,-17.498,235.505,24.3
1462,SBT4050,1,5,3.548848,-17.498,240.366,24.4
1462,SBT4050,1,5,3.5473224,-17.498,245.227,24.7
1462,SBT4050,1,5,3.5457152,-17.501,250.088,24.8
1462,SBT4050,1,5,3.5442488,-17.501,254.948,24.9
1462,SBT4050,1,5,3.5427828,-17.498,259.809,25
1462,SBT4050,1,5,3.541536,-17.502,264.67,25.2
1462,SBT4050,1,5,3.5399744,-17.501,269.531,25.3
1462,SBT4050,1,5,3.538484,-17.501,274.392,25.4
1462,SBT4050,1,5,3.5371132,-17.498,279.253,25.5
1462,SBT4050,1,5,3.5357572,-17.499,284.114,25.6
1462,SBT4050,1,5,3.53458,-17.498,288.975,25.8
1462,SBT4050,1,5,3.53309,-17.498,293.836,25.9
1462,SBT4050,1,5,3.532046,-17.5,298.697,26.1
1462,SBT4050,1,5,3.5307348,-17.501,303.558,26.2
1462,SBT4050,1,5,3.5291576,-17.497,308.419,26.4
1462,SBT4050,1,5,3.5281684,-17.498,313.28,26.6
1462,SBT4050,1,5,3.526668,-17.501,318.141,26.6
1462,SBT4050,1,5,3.5253328,-17.501,323.002,26.7
1462,SBT4050,1,5,3.52415,-17.5,327.863,26.9
1462,SBT4050,1,5,3.5228192,-17.498,332.724,27.1
1462,SBT4050,1,5,3.5216868,-17.498,337.585,27.2
1462,SBT4050,1,5,3.520384,-17.5,342.446,27.2
1462,SBT4050,1,5,3.519204,-17.499,347.307,27.4
1462,SBT4050,1,5,3.518034,-17.498,352.168,27.5
1462,SBT4050,1,5,3.5167588,-17.498,357.029,27.8
1462,SBT4050,1,5,3.5153624,-17.499,361.89,27.9
1462,SBT4050,1,5,3.5140744,-17.499,366.751,28
1462,SBT4050,1,5,3.5129184,-17.499,371.612,28.2
1462,SBT4050,1,5,3.5116288,-17.498,376.473,28.4
1462,SBT4050,1,5,3.5102936,-17.498,381.334,28.5
1462,SBT4050,1,5,3.5090172,-17.499,386.195,28.5
1462,SBT4050,1,5,3.508004,-17.499,391.056,28.7
1462,SBT4050,1,5,3.5069668,-17.499,395.917,28.9
1462,SBT4050,1,5,3.5054428,-17.501,400.777,29
1462,SBT4050,1,5,3.5043936,-17.499,405.638,29.1
1462,SBT4050,1,5,3.503066,-17.501,410.499,29.4
1462,SBT4050,1,5,3.5021484,-17.501,415.36,29.6
1462,SBT4050,1,5,3.5006144,-17.498,420.221,29.7
1462,SBT4050,1,5,3.4995772,-17.499,425.082,29.7
1462,SBT4050,1,5,3.49835,-17.499,429.943,29.9
1462,SBT4050,1,5,3.4967048,-17.499,434.804,30.1
1462,SBT4050,1,5,3.4957052,-17.499,439.665,30.2
1462,SBT4050,1,5,3.4945784,-17.502,444.526,30.3
1462,SBT4050,1,5,3.4936012,-17.501,449.387,30.4
1462,SBT4050,1,5,3.4921168,-17.499,454.248,30.5
1462,SBT4050,1,5,3.4908892,-17.499,459.109,30.7
1462,SBT4050,1,5,3.4896832,-17.502,463.97,30.9
1462,SBT4050,1,5,3.4885392,-17.502,468.831,31
1462,SBT4050,1,5,3.4871896,-17.5,473.692,31.2
1462,SBT4050,1,5,3.4858204,-17.5,478.553,31.4
1462,SBT4050,1,5,3.4846524,-17.5,483.414,31.5
1462,SBT4050,1,5,3.4833616,-17.497,488.275,31.6
1462,SBT4050,1,5,3.4820148,-17.5,493.136,31.7
1462,SBT4050,1,5,3.4809228,-17.499,497.997,31.8
1462,SBT4050,1,5,3.4796952,-17.499,502.858,32
1462,SBT4050,1,5,3.4784904,-17.501,507.719,32.2
1462,SBT4050,1,5,3.4773044,-17.501,512.58,32.2
1462,SBT4050,1,5,3.4760052,-17.501,517.441,32.3
1462,SBT4050,1,5,3.4746252,-17.499,522.302,32.7
1462,SBT4050,1,5,3.4735764,-17.501,527.163,32.8
1462,SBT4050,1,5,3.4722404,-17.502,532.024,32.8
1462,SBT4050,1,5,3.4709768,-17.498,536.885,32.9
1462,SBT4050,1,5,3.4695804,-17.499,541.746,33.1
1462,SBT4050,1,5,3.4683408,-17.501,546.607,33.3
1462,SBT4050,1,5,3.4672044,-17.502,551.468,33.4
1462,SBT4050,1,5,3.4657156,-17.504,556.329,33.4
1462,SBT4050,1,5,3.4645236,-17.501,561.19,33.6
1462,SBT4050,1,5,3.4635028,-17.501,566.051,33.7
1462,SBT4050,1,5,3.4621916,-17.499,570.912,33.9
1462,SBT4050,1,5,3.4608512,-17.498,575.773,34
1462,SBT4050,1,5,3.4597068,-17.501,580.634,34.2
1462,SBT4050,1,5,3.4582272,-17.498,585.494,34.4
1462,SBT4050,1,5,3.4572252,-17.497,590.355,34.6
1462,SBT4050,1,5,3.4558188,-17.498,595.216,34.7
1462,SBT4050,1,5,3.4545688,-17.5,600.077,34.7
1462,SBT4050,1,5,3.4531028,-17.498,604.938,34.8
1462,SBT4050,1,5,3.4517652,-17.499,609.799,35
1462,SBT4050,1,5,3.4506568,-17.498,614.66,35.2
1462,SBT4050,1,5,3.449306,-17.501,619.521,35.3
1462,SBT4050,1,5,3.4478876,-17.5,624.382,35.3
1462,SBT4050,1,5,3.446828,-17.5,629.243,35.4
1462,SBT4050,1,5,3.4454992,-17.5,634.104,35.8
1462,SBT4050,1,5,3.4442952,-17.501,638.965,35.9
1462,SBT4050,1,5,3.443012,-17.5,643.826,35.9
1462,SBT4050,1,5,3.4415696,-17.5,648.687,36
1462,SBT4050,1,5,3.4402484,-17.5,653.548,36.2
1462,SBT4050,1,5,3.439164,-17.498,658.409,36.4
1462,SBT4050,1,5,3.437814,-17.498,663.27,36.5
1462,SBT4050,1,5,3.4365228,-17.502,668.13,36.5
1462,SBT4050,1,5,3.4351996,-17.501,672.991,36.6
1462,SBT4050,1,5,3.4338676,-17.499,677.852,36.8
1462,SBT4050,1,5,3.4325324,-17.498,682.713,37
1462,SBT4050,1,5,3.4314448,-17.501,687.574,37.1
1462,SBT4050,1,5,3.4299788,-17.501,692.435,37.2
1462,SBT4050,1,5,3.4287568,-17.499,697.296,37.3
1462,SBT4050,1,5,3.4275568,-17.501,702.157,37.5
1462,SBT4050,1,5,3.426186,-17.499,707.018,37.6
1462,SBT4050,1,5,3.4249316,-17.499,711.879,37.7
1462,SBT4050,1,5,3.4235968,-17.501,716.74,37.7
1462,SBT4050,1,5,3.4223124,-17.499,721.601,37.9
1462,SBT4050,1,5,3.4210844,-17.499,726.462,38.1
1462,SBT4050,1,5,3.4197436,-17.502,731.323,38.2
1462,SBT4050,1,5,3.4182776,-17.501,736.184,38.3
1462,SBT4050,1,5,3.4172984,-17.499,741.045,38.3
1462,SBT4050,1,5,3.4157368,-17.499,745.906,38.6
1462,SBT4050,1,5,3.414414,-17.498,750.767,38.8
1462,SBT4050,1,5,3.4134772,-17.5,755.628,38.8
1462,SBT4050,1,5,3.4122616,-17.501,760.489,38.9
1462,SBT4050,1,5,3.4106124,-17.498,765.349,39
1462,SBT4050,1,5,3.4095872,-17.499,770.21,39.2
1462,SBT4050,1,5,3.4077364,-17.501,775.071,39.3
1462,SBT4050,1,5,3.4068196,-17.501,779.932,39.3
1462,SBT4050,1,5,3.4055684,-17.499,784.793,39.4
1462,SBT4050,1,5,3.404264,-17.501,789.654,39.5
1462,SBT4050,1,5,3.4029884,-17.499,794.515,39.7
1462,SBT4050,1,5,3.4014512,-17.499,799.376,39.8
1462,SBT4050,1,5,3.4000444,-17.499,804.237,39.9
1462,SBT4050,1,5,3.3988344,-17.501,809.098,40.1
1462,SBT4050,1,5,3.397832,-17.499,813.959,40.3
1462,SBT4050,1,5,3.396378,-17.499,818.82,40.4
1462,SBT4050,1,5,3.3949316,-17.499,823.681,40.4
1462,SBT4050,1,5,3.3936324,-17.499,828.541,40.5
1462,SBT4050,1,5,3.39238,-17.499,833.402,40.6
1462,SBT4050,1,5,3.3909496,-17.499,838.263,40.8
1462,SBT4050,1,5,3.3897732,-17.499,843.124,40.9
1462,SBT4050,1,5,3.3883908,-17.5,847.985,40.9
1462,SBT4050,1,5,3.3871196,-17.5,852.846,41
1462,SBT4050,1,5,3.3856724,-17.499,857.707,41.3
1462,SBT4050,1,5,3.3842896,-17.497,862.568,41.4
1462,SBT4050,1,5,3.3831332,-17.5,867.429,41.4
1462,SBT4050,1,5,3.3816912,-17.5,872.29,41.5
1462,SBT4050,1,5,3.3803876,-17.5,877.151,41.7
1462,SBT4050,1,5,3.3792792,-17.497,882.012,41.8
1462,SBT4050,1,5,3.3779688,-17.5,886.873,41.9
1462,SBT4050,1,5,3.376558,-17.499,891.734,41.9
1462,SBT4050,1,5,3.3752232,-17.5,896.595,42
1462,SBT4050,1,5,3.3738268,-17.499,901.456,42.1
1462,SBT4050,1,5,3.3725512,-17.502,906.316,42.3
1462,SBT4050,1,5,3.371116,-17.499,911.177,42.4
1462,SBT4050,1,5,3.3698168,-17.498,916.038,42.5
1462,SBT4050,1,5,3.3685372,-17.499,920.899,42.7
1462,SBT4050,1,5,3.3673216,-17.5,925.76,42.8
1462,SBT4050,1,5,3.3659068,-17.496,930.621,42.9
1462,SBT4050,1,5,3.3645164,-17.499,935.482,42.9
1462,SBT4050,1,5,3.3631696,-17.499,940.343,43
1462,SBT4050,1,5,3.3619084,-17.497,945.204,43.2
1462,SBT4050,1,5,3.3605376,-17.499,950.065,43.3
1462,SBT4050,1,5,3.3592652,-17.499,954.926,43.3
1462,SBT4050,1,5,3.357966,-17.5,959.787,43.4
1462,SBT4050,1,5,3.3565928,-17.496,964.648,43.5
1462,SBT4050,1,5,3.3550866,-17.502,969.508,43.7
1462,SBT4050,1,5,3.3539422,-17.5,974.369,43.8
1462,SBT4050,1,5,3.3526822,-17.5,979.23,43.8
1462,SBT4050,1,5,3.3512994,-17.5,984.091,44
1462,SBT4050,1,5,3.3498618,-17.499,988.952,44.1
1462,SBT4050,1,5,3.3487532,-17.499,993.813,44.2
1462,SBT4050,1,5,3.347211,-17.499,998.674,44.2
1462,SBT4050,1,5,3.3459754,-17.497,1003.535,44.3
1462,SBT4050,1,5,3.3447358,-17.499,1008.396,44.5
1462,SBT4050,1,5,3.3432332,-17.499,1013.257,44.6
1462,SBT4050,1,5,3.3421008,-17.499,1018.118,44.6
1462,SBT4050,1,5,3.3407614,-17.497,1022.979,44.7
1462,SBT4050,1,5,3.339355,-17.502,1027.84,44.9
1462,SBT4050,1,5,3.3379338,-17.5,1032.7,45
1462,SBT4050,1,5,3.3365512,-17.5,1037.561,45.1
1462,SBT4050,1,5,3.3353414,-17.502,1042.422,45.1
1462,SBT4050,1,5,3.334089,-17.499,1047.283,45.2
1462,SBT4050,1,5,3.3328256,-17.499,1052.144,45.4
1462,SBT4050,1,5,3.3314288,-17.502,1057.005,45.5
1462,SBT4050,1,5,3.3301654,-17.499,1061.866,45.5
1462,SBT4050,1,5,3.3288276,-17.502,1066.727,45.6
1462,SBT4050,1,5,3.3275642,-17.5,1071.588,45.7
1462,SBT4050,1,5,3.3262032,-17.503,1076.449,45.8
1462,SBT4050,1,5,3.324844,-17.496,1081.31,45.9
1462,SBT4050,1,5,3.32364,-17.5,1086.171,46
1462,SBT4050,1,5,3.3222448,-17.5,1091.032,46.2
1462,SBT4050,1,5,3.3208504,-17.5,1095.892,46.3
1462,SBT4050,1,5,3.3197698,-17.499,1100.753,46.4
1462,SBT4050,1,5,3.3183752,-17.501,1105.614,46.4
1462,SBT4050,1,5,3.3171228,-17.501,1110.475,46.5
1462,SBT4050,1,5,3.3158368,-17.498,1115.336,46.6
1462,SBT4050,1,5,3.3145376,-17.498,1120.197,46.7
1462,SBT4050,1,5,3.3131432,-17.498,1125.058,46.8
1462,SBT4050,1,5,3.3119632,-17.496,1129.919,46.8
1462,SBT4050,1,5,3.3107238,-17.501,1134.78,46.8
1462,SBT4050,1,5,3.3094008,-17.5,1139.641,47.1
1462,SBT4050,1,5,3.308244,-17.498,1144.502,47.1
1462,SBT4050,1,5,3.306897,-17.499,1149.363,47.1
1462,SBT4050,1,5,3.3057,-17.5,1154.224,47.2
1462,SBT4050,1,5,3.3045798,-17.498,1159.085,47.3
1462,SBT4050,1,5,3.3032568,-17.501,1163.946,47.5
1462,SBT4050,1,5,3.301891,-17.501,1168.807,47.5
1462,SBT4050,1,5,3.3006514,-17.5,1173.668,47.5
1462,SBT4050,1,5,3.2993478,-17.498,1178.529,47.6
1462,SBT4050,1,5,3.2981082,-17.5,1183.39,47.7
1462,SBT4050,1,5,3.2968348,-17.499,1188.251,47.9
1462,SBT4050,1,5,3.2956432,-17.5,1193.112,47.9
1462,SBT4050,1,5,3.2942962,-17.5,1197.973,48
1462,SBT4050,1,5,3.2928506,-17.501,1202.834,48.1
1462,SBT4050,1,5,3.2918374,-17.502,1207.695,48.2
1462,SBT4050,1,5,3.2905772,-17.5,1212.556,48.3
1462,SBT4050,1,5,3.2893376,-17.5,1217.417,48.3
1462,SBT4050,1,5,3.2881176,-17.499,1222.278,48.4
1462,SBT4050,1,5,3.2870222,-17.496,1227.138,48.5
1462,SBT4050,1,5,3.285711,-17.498,1231.999,48.6
1462,SBT4050,1,5,3.284577,-17.495,1236.86,48.7
1462,SBT4050,1,5,3.2833494,-17.498,1241.721,48.7
1462,SBT4050,1,5,3.2819988,-17.503,1246.582,48.8
1462,SBT4050,1,5,3.2806994,-17.5,1251.444,49
1462,SBT4050,1,5,3.279708,-17.501,1256.305,49.1
1462,SBT4050,1,5,3.2781704,-17.5,1261.166,49.1
1462,SBT4050,1,5,3.2771126,-17.498,1266.027,49.2
1462,SBT4050,1,5,3.2757642,-17.498,1270.888,49.3
1462,SBT4050,1,5,3.2745246,-17.501,1275.749,49.4
1462,SBT4050,1,5,3.2733984,-17.5,1280.61,49.5
1462,SBT4050,1,5,3.2721468,-17.497,1285.471,49.5
1462,SBT4050,1,5,3.271242,-17.499,1290.331,49.5
1462,SBT4050,1,5,3.2698356,-17.5,1295.192,49.6
1462,SBT4050,1,5,3.2686166,-17.499,1300.053,49.8
1462,SBT4050,1,5,3.2675172,-17.498,1304.914,50
1462,SBT4050,1,5,3.2662776,-17.498,1309.775,50
1462,SBT4050,1,5,3.2651078,-17.499,1314.636,50
1462,SBT4050,1,5,3.2639872,-17.498,1319.497,50.2
1462,SBT4050,1,5,3.262675,-17.499,1324.358,50.3
1462,SBT4050,1,5,3.2614712,-17.498,1329.219,50.4
1462,SBT4050,1,5,3.2603904,-17.499,1334.08,50.4
1462,SBT4050,1,5,3.2590912,-17.502,1338.941,50.4
1462,SBT4050,1,5,3.258031,-17.498,1343.802,50.5
1462,SBT4050,1,5,3.2570252,-17.499,1348.663,50.7
1462,SBT4050,1,5,3.255714,-17.499,1353.524,50.7
1462,SBT4050,1,5,3.2545246,-17.501,1358.385,50.7
1462,SBT4050,1,5,3.2532612,-17.501,1363.245,50.8
1462,SBT4050,1,5,3.2522956,-17.498,1368.106,51
1462,SBT4050,1,5,3.2509724,-17.498,1372.967,51.1
1462,SBT4050,1,5,3.2498892,-17.497,1377.828,51.1
1462,SBT4050,1,5,3.2487642,-17.5,1382.689,51.1
1462,SBT4050,1,5,3.2477034,-17.499,1387.55,51.1
1462,SBT4050,1,5,3.246481,-17.497,1392.411,51.3
1462,SBT4050,1,5,3.2453726,-17.5,1397.272,51.4
1462,SBT4050,1,5,3.2440198,-17.5,1402.133,51.4
1462,SBT4050,1,5,3.242959,-17.5,1406.994,51.4
1462,SBT4050,1,5,3.2419048,-17.499,1411.855,51.4
1462,SBT4050,1,5,3.2405204,-17.5,1416.716,51.7
1462,SBT4050,1,5,3.2397456,-17.499,1421.577,51.8
1462,SBT4050,1,5,3.2383358,-17.502,1426.438,51.8
1462,SBT4050,1,5,3.2371676,-17.499,1431.299,51.8
1462,SBT4050,1,5,3.2362134,-17.5,1436.16,51.9
1462,SBT4050,1,5,3.2351048,-17.502,1441.021,52
1462,SBT4050,1,5,3.2338272,-17.502,1445.882,52.1
1462,SBT4050,1,5,3.2327782,-17.505,1450.743,52.2
1462,SBT4050,1,5,3.2317296,-17.5,1455.604,52.2
1462,SBT4050,1,5,3.2303114,-17.499,1460.465,52.2
1462,SBT4050,1,5,3.229322,-17.5,1465.326,52.3
1462,SBT4050,1,5,3.2282314,-17.5,1470.187,52.4
1462,SBT4050,1,5,3.2270156,-17.5,1475.048,52.5
1462,SBT4050,1,5,3.2258242,-17.5,1479.909,52.5
1462,SBT4050,1,5,3.2249898,-17.5,1484.77,52.6
1462,SBT4050,1,5,3.2238018,-17.499,1489.631,52.7
1462,SBT4050,1,5,3.2226296,-17.497,1494.492,52.8
1462,SBT4050,1,5,3.221378,-17.499,1499.353,52.9
1462,SBT4050,1,5,3.2203846,-17.5,1504.214,52.9
1462,SBT4050,1,5,3.2190854,-17.502,1509.075,52.9
1462,SBT4050,1,5,3.2182178,-17.499,1513.936,53
1462,SBT4050,1,5,3.2168946,-17.5,1518.796,53.1
1462,SBT4050,1,5,3.2157736,-17.497,1523.657,53.2
1462,SBT4050,1,5,3.2147956,-17.5,1528.518,53.2
1462,SBT4050,1,5,3.2136274,-17.5,1533.379,53.3
1462,SBT4050,1,5,3.2124486,-17.5,1538.24,53.4
1462,SBT4050,1,5,3.2115666,-17.499,1543.101,53.5
1462,SBT4050,1,5,3.210288,-17.499,1547.962,53.5
1462,SBT4050,1,5,3.209084,-17.499,1552.823,53.5
1462,SBT4050,1,5,3.2078564,-17.499,1557.684,53.5
1462,SBT4050,1,5,3.206879,-17.5,1562.545,53.7
1462,SBT4050,1,5,3.2058262,-17.497,1567.406,53.8
1462,SBT4050,1,5,3.2045128,-17.499,1572.267,53.9
1462,SBT4050,1,5,3.2034876,-17.5,1577.128,53.8
1462,SBT4050,1,5,3.2020974,-17.5,1581.989,53.8
1462,SBT4050,1,5,3.2012392,-17.499,1586.85,54.1
1462,SBT4050,1,5,3.2000426,-17.5,1591.711,54.1
1462,SBT4050,1,5,3.1989102,-17.497,1596.572,54.1
1462,SBT4050,1,5,3.1976956,-17.5,1601.433,54.1
1462,SBT4050,1,5,3.196598,-17.499,1606.294,54.2
1462,SBT4050,1,5,3.195573,-17.5,1611.155,54.3
1462,SBT4050,1,5,3.194433,-17.499,1616.016,54.4
1462,SBT4050,1,5,3.193241,-17.497,1620.877,54.4
1462,SBT4050,1,5,3.1921832,-17.499,1625.738,54.4
1462,SBT4050,1,5,3.1910984,-17.499,1630.598,54.5
1462,SBT4050,1,5,3.1897916,-17.5,1635.459,54.6
1462,SBT4050,1,5,3.1887308,-17.499,1640.32,54.6
1462,SBT4050,1,5,3.1876718,-17.499,1645.181,54.7
1462,SBT4050,1,5,3.186274,-17.503,1650.042,54.8
1462,SBT4050,1,5,3.1851178,-17.5,1654.903,54.9
1462,SBT4050,1,5,3.1836852,-17.5,1659.764,54.9
1462,SBT4050,1,5,3.1827078,-17.499,1664.625,54.9
1462,SBT4050,1,5,3.18165,-17.5,1669.486,55
1462,SBT4050,1,5,3.1805296,-17.5,1674.347,55.1
1462,SBT4050,1,5,3.1793014,-17.499,1679.208,55.2
1462,SBT4050,1,5,3.178165,-17.499,1684.069,55.2
1462,SBT4050,1,5,3.1769254,-17.496,1688.93,55.2
1462,SBT4050,1,5,3.1758238,-17.499,1693.791,55.3
1462,SBT4050,1,5,3.1746198,-17.502,1698.651,55.5
1462,SBT4050,1,5,3.173349,-17.499,1703.512,55.5
1462,SBT4050,1,5,3.172169,-17.5,1708.373,55.5
1462,SBT4050,1,5,3.1710786,-17.499,1713.234,55.6
1462,SBT4050,1,5,3.1700098,-17.499,1718.095,55.7
1462,SBT4050,1,5,3.1685676,-17.499,1722.956,55.8
1462,SBT4050,1,5,3.1673928,-17.497,1727.817,55.7
1462,SBT4050,1,5,3.1661294,-17.5,1732.678,55.8
1462,SBT4050,1,5,3.1649496,-17.5,1737.539,55.9
1462,SBT4050,1,5,3.1637456,-17.497,1742.4,56
1462,SBT4050,1,5,3.1626192,-17.499,1747.261,56
1462,SBT4050,1,5,3.1612724,-17.502,1752.122,56.1
1462,SBT4050,1,5,3.1600012,-17.499,1756.983,56.2
1462,SBT4050,1,5,3.1587366,-17.499,1761.844,56.3
1462,SBT4050,1,5,3.15764,-17.499,1766.705,56.3
1462,SBT4050,1,5,3.156405,-17.5,1771.565,56.3
1462,SBT4050,1,5,3.1550938,-17.499,1776.426,56.3
1462,SBT4050,1,5,3.1536852,-17.499,1781.287,56.5
1462,SBT4050,1,5,3.1524218,-17.502,1786.148,56.6
1462,SBT4050,1,5,3.1513224,-17.499,1791.009,56.6
1462,SBT4050,1,5,3.1497996,-17.5,1795.87,56.6
1462,SBT4050,1,5,3.1486316,-17.497,1800.731,56.7
1462,SBT4050,1,5,3.1473322,-17.499,1805.592,56.8
1462,SBT4050,1,5,3.14589,-17.5,1810.453,56.9
1462,SBT4050,1,5,3.1447962,-17.499,1815.314,56.8
1462,SBT4050,1,5,3.143342,-17.5,1820.175,56.9
1462,SBT4050,1,5,3.1418216,-17.499,1825.036,57
1462,SBT4050,1,5,3.1405436,-17.5,1829.897,57.1
1462,SBT4050,1,5,3.1391254,-17.502,1834.758,57.1
1462,SBT4050,1,5,3.1379946,-17.499,1839.619,57.1
1462,SBT4050,1,5,3.1364332,-17.5,1844.48,57.2
1462,SBT4050,1,5,3.135018,-17.497,1849.34,57.3
1462,SBT4050,1,5,3.1335758,-17.5,1854.201,57.4
1462,SBT4050,1,5,3.1323192,-17.499,1859.062,57.4
1462,SBT4050,1,5,3.1308054,-17.499,1863.923,57.4
1462,SBT4050,1,5,3.1293284,-17.5,1868.784,57.6
1462,SBT4050,1,5,3.1280758,-17.502,1873.645,57.7
1462,SBT4050,1,5,3.1266694,-17.499,1878.506,57.7
1462,SBT4050,1,5,3.1249994,-17.5,1883.367,57.7
1462,SBT4050,1,5,3.1235334,-17.496,1888.228,57.7
1462,SBT4050,1,5,3.1218898,-17.5,1893.089,57.8
1462,SBT4050,1,5,3.1202332,-17.502,1897.95,57.9
1462,SBT4050,1,5,3.1187486,-17.498,1902.811,58
1462,SBT4050,1,5,3.1171412,-17.498,1907.672,57.9
1462,SBT4050,1,5,3.1156752,-17.498,1912.533,57.9
1462,SBT4050,1,5,3.113979,-17.498,1917.394,58
1462,SBT4050,1,5,3.1122746,-17.499,1922.255,58.3
1462,SBT4050,1,5,3.1107666,-17.501,1927.116,58.3
1462,SBT4050,1,5,3.1089788,-17.5,1931.977,58.3
1462,SBT4050,1,5,3.1073512,-17.5,1936.838,58.3
1462,SBT4050,1,5,3.1055774,-17.499,1941.699,58.3
1462,SBT4050,1,5,3.1037536,-17.499,1946.56,58.5
1462,SBT4050,1,5,3.1020134,-17.5,1951.421,58.5
1462,SBT4050,1,5,3.1002852,-17.5,1956.282,58.5
1462,SBT4050,1,5,3.0983814,-17.5,1961.142,58.5
1462,SBT4050,1,5,3.096665,-17.501,1966.003,58.6
1462,SBT4050,1,5,3.0945948,-17.498,1970.864,58.7
1462,SBT4050,1,5,3.0926638,-17.498,1975.725,58.9
1462,SBT4050,1,5,3.0907622,-17.498,1980.586,58.9
1462,SBT4050,1,5,3.088578,-17.498,1985.447,58.9
1462,SBT4050,1,5,3.0864802,-17.5,1990.308,59
1462,SBT4050,1,5,3.0844166,-17.5,1995.169,59.1
1462,SBT4050,1,5,3.0823902,-17.503,2000.03,59.2
1462,SBT4050,1,5,3.0802972,-17.499,2004.891,59.2
1462,SBT4050,1,5,3.0781994,-17.5,2009.752,59.2
1462,SBT4050,1,5,3.0758982,-17.5,2014.613,59.3
1462,SBT4050,1,5,3.0736818,-17.5,2019.474,59.4
1462,SBT4050,1,5,3.0715246,-17.498,2024.335,59.5
1462,SBT4050,1,5,3.069103,-17.501,2029.196,59.5
1462,SBT4050,1,5,3.0668384,-17.5,2034.057,59.5
1462,SBT4050,1,5,3.0644716,-17.498,2038.918,59.6
1462,SBT4050,1,5,3.0618374,-17.5,2043.779,59.7
1462,SBT4050,1,5,3.0593882,-17.5,2048.64,59.8
1462,SBT4050,1,5,3.0569804,-17.5,2053.501,59.8
1462,SBT4050,1,5,3.0541754,-17.497,2058.362,59.8
1462,SBT4050,1,5,3.0514452,-17.5,2063.223,59.9
1462,SBT4050,1,5,3.0488348,-17.499,2068.084,60
1462,SBT4050,1,5,3.0459656,-17.5,2072.945,60.1
1462,SBT4050,1,5,3.0431408,-17.499,2077.806,60.2
1462,SBT4050,1,5,3.0400624,-17.499,2082.666,60.2
1462,SBT4050,1,5,3.0372376,-17.499,2087.527,60.4
1462,SBT4050,1,5,3.0341474,-17.499,2092.388,60.5
1462,SBT4050,1,5,3.0310102,-17.5,2097.249,60.5
1462,SBT4050,1,5,3.027649,-17.5,2102.11,60.5
1462,SBT4050,1,5,3.0242758,-17.497,2106.971,60.5
1462,SBT4050,1,5,3.0209384,-17.499,2111.832,60.7
1462,SBT4050,1,5,3.0171898,-17.499,2116.693,60.8
1462,SBT4050,1,5,3.0138762,-17.497,2121.554,60.8
1462,SBT4050,1,5,3.0102244,-17.497,2126.415,60.8
1462,SBT4050,1,5,3.006288,-17.5,2131.276,60.8
1462,SBT4050,1,5,3.0022712,-17.496,2136.137,61
1462,SBT4050,1,5,2.998528,-17.497,2140.998,61.1
1462,SBT4050,1,5,2.9943324,-17.5,2145.859,61.1
1462,SBT4050,1,5,2.9900466,-17.5,2150.72,61.1
1462,SBT4050,1,5,2.9857438,-17.499,2155.581,61.2
1462,SBT4050,1,5,2.9810654,-17.5,2160.442,61.3
1462,SBT4050,1,5,2.9767744,-17.497,2165.303,61.4
1462,SBT4050,1,5,2.9720842,-17.501,2170.163,61.4
1462,SBT4050,1,5,2.9671124,-17.504,2175.024,61.4
1462,SBT4050,1,5,2.962309,-17.498,2179.885,61.5
1462,SBT4050,1,5,2.9573348,-17.501,2184.746,61.6
1462,SBT4050,1,5,2.9520068,-17.498,2189.607,61.7
1462,SBT4050,1,5,2.9465922,-17.499,2194.468,61.7
1462,SBT4050,1,5,2.9412166,-17.499,2199.329,61.9
1462,SBT4050,1,5,2.9356378,-17.498,2204.19,62
1462,SBT4050,1,5,2.9298118,-17.499,2209.051,62
1462,SBT4050,1,5,2.923888,-17.498,2213.912,62
1462,SBT4050,1,5,2.9178962,-17.499,2218.773,62.1
1462,SBT4050,1,5,2.9117578,-17.498,2223.634,62.2
1462,SBT4050,1,5,2.9052716,-17.5,2228.495,62.3
1462,SBT4050,1,5,2.8987876,-17.5,2233.356,62.3
1462,SBT4050,1,5,2.8923138,-17.496,2238.217,62.3
1462,SBT4050,1,5,2.8855272,-17.499,2243.078,62.4
1462,SBT4050,1,5,2.8787212,-17.501,2247.938,62.5
1462,SBT4050,1,5,2.8715806,-17.499,2252.799,62.5
1462,SBT4050,1,5,2.8642026,-17.498,2257.66,62.6
1462,SBT4050,1,5,2.8570994,-17.498,2262.521,62.7
1462,SBT4050,1,5,2.8495068,-17.499,2267.382,62.8
1462,SBT4050,1,5,2.84174,-17.5,2272.243,62.9
1462,SBT4050,1,5,2.8337422,-17.5,2277.104,62.9
1462,SBT4050,1,5,2.825648,-17.499,2281.965,62.9
1462,SBT4050,1,5,2.8173748,-17.499,2286.826,63
1462,SBT4050,1,5,2.8088642,-17.499,2291.687,63.1
1462,SBT4050,1,5,2.8003254,-17.498,2296.548,63.2
1462,SBT4050,1,5,2.791362,-17.497,2301.409,63.2
1462,SBT4050,1,5,2.7822608,-17.5,2306.27,63.3
1462,SBT4050,1,5,2.7731306,-17.5,2311.131,63.6
1462,SBT4050,1,5,2.7635156,-17.498,2315.992,63.7
1462,SBT4050,1,5,2.753669,-17.5,2320.853,63.7
1462,SBT4050,1,5,2.7438594,-17.498,2325.714,63.8
1462,SBT4050,1,5,2.7335134,-17.501,2330.575,64
1462,SBT4050,1,5,2.7229888,-17.503,2335.436,64.2
1462,SBT4050,1,5,2.7123016,-17.497,2340.297,64.3
1462,SBT4050,1,5,2.7008472,-17.498,2345.158,64.3
1462,SBT4050,1,5,2.689192,-17.501,2350.019,64.4
1462,SBT4050,1,5,2.6771546,-17.501,2354.88,64.6
1462,SBT4050,1,5,2.6647824,-17.498,2359.741,64.8
1462,SBT4050,1,5,2.6519014,-17.501,2364.602,64.8
1462,SBT4050,1,5,2.6383372,-17.498,2369.463,64.9
1462,SBT4050,1,5,2.6241612,-17.5,2374.324,65
1462,SBT4050,1,5,2.6095242,-17.497,2379.185,65
1462,SBT4050,1,5,2.593713,-17.497,2384.046,65
1462,SBT4050,1,5,2.5774788,-17.5,2388.907,65
1462,SBT4050,1,5,2.5602668,-17.5,2393.768,65.1
1462,SBT4050,1,5,2.541564,-17.497,2398.629,65.1
1462,SBT4050,1,5,2.5220756,-17.5,2403.49,65.1
1462,SBT4050,1,5,2.5013614,-17.499,2408.351,65.1
1462,SBT4050,1,5,2.4999786,-17.494,2408.637,
