1461,SBT4050,1,5,4.17078,-0.0001,2380.337,
1461,SBT4050,1,5,3.95179,-10.001,2382.609,20.2
1461,SBT4050,1,5,3.9370576,-9.999,2385.386,20.2
1461,SBT4050,1,5,3.9258696,-10.001,2388.164,20.1
1461,SBT4050,1,5,3.91656,-9.999,2390.942,20.1
1461,SBT4050,1,5,3.9081436,-9.999,2393.719,20.1
1461,SBT4050,1,5,3.9005508,-9.999,2396.497,20.2
1461,SBT4050,1,5,3.893462,-10.001,2399.275,20.2
1461,SBT4050,1,5,3.8871088,-9.999,2402.052,20.2
1461,SBT4050,1,5,3.8810608,-9.998,2404.83,20.1
1461,SBT4050,1,5,3.875538,-9.999,2407.608,20.1
1461,SBT4050,1,5,3.87015,-10,2410.385,20.2
1461,SBT4050,1,5,3.8647508,-10,2413.163,20.2
1461,SBT4050,1,5,3.860126,-9.999,2415.941,20.2
1461,SBT4050,1,5,3.8555292,-10.001,2418.718,20.2
1461,SBT4050,1,5,3.8512144,-9.999,2421.496,20.2
1461,SBT4050,1,5,3.8470184,-9.998,2424.274,20.3
1461,SBT4050,1,5,3.8431924,-10.001,2427.051,20.3
1461,SBT4050,1,5,3.839316,-10.001,2429.829,20.2
1461,SBT4050,1,5,3.835878,-9.999,2432.607,20.2
1461,SBT4050,1,5,3.8322188,-10.001,2435.384,20.3
1461,SBT4050,1,5,3.8286928,-9.999,2438.162,20.4
1461,SBT4050,1,5,3.8255104,-10.002,2440.94,20.4
1461,SBT4050,1,5,3.8221824,-9.999,2443.717,20.3
1461,SBT4050,1,5,3.8196672,-9.999,2446.495,20.3
1461,SBT4050,1,5,3.8164512,-10.001,2449.273,20.4
1461,SBT4050,1,5,3.8134892,-9.999,2452.05,20.4
1461,SBT4050,1,5,3.8109264,-9.999,2454.828,20.4
1461,SBT4050,1,5,3.8082956,-9.999,2457.606,20.4
1461,SBT4050,1,5,3.8057688,-9.999,2460.383,20.4
1461,SBT4050,1,5,3.8030432,-9.999,2463.161,20.5
1461,SBT4050,1,5,3.800838,-10.001,2465.939,20.6
1461,SBT4050,1,5,3.7982124,-9.999,2468.716,20.5
1461,SBT4050,1,5,3.7962812,-9.998,2471.494,20.5
1461,SBT4050,1,5,3.7938152,-9.999,2474.272,20.5
1461,SBT4050,1,5,3.7915376,-9.999,2477.049,20.6
1461,SBT4050,1,5,3.7900596,-10.001,2479.827,20.6
1461,SBT4050,1,5,3.7876976,-9.999,2482.605,20.6
1461,SBT4050,1,5,3.7857904,-9.999,2485.382,20.7
1461,SBT4050,1,5,3.7839084,-9.999,2488.16,20.7
1461,SBT4050,1,5,3.781882,-9.999,2490.937,20.8
1461,SBT4050,1,5,3.7803136,-10.001,2493.715,20.7
1461,SBT4050,1,5,3.778232,-10.001,2496.493,20.7
1461,SBT4050,1,5,3.7766468,-9.998,2499.27,20.8
1461,SBT4050,1,5,3.77492,-9.998,2502.048,20.9
1461,SBT4050,1,5,3.773418,-9.999,2504.826,20.9
1461,SBT4050,1,5,3.7718968,-9.999,2507.603,20.8
1461,SBT4050,1,5,3.7700968,-9.999,2510.381,20.9
1461,SBT4050,1,5,3.7684704,-9.999,2513.158,21
1461,SBT4050,1,5,3.767096,-9.999,2515.936,21
1461,SBT4050,1,5,3.765344,-9.999,2518.713,20.9
1461,SBT4050,1,5,3.763984,-9.999,2521.491,20.9
1461,SBT4050,1,5,3.7623392,-10.001,2524.269,21
1461,SBT4050,1,5,3.760968,-10.001,2527.046,21.1
1461,SBT4050,1,5,3.7598596,-9.999,2529.824,21.1
1461,SBT4050,1,5,3.758258,-9.999,2532.601,21
1461,SBT4050,1,5,3.7569708,-10.001,2535.379,21
1461,SBT4050,1,5,3.7554024,-9.999,2538.157,21.1
1461,SBT4050,1,5,3.7545716,-9.999,2540.934,21.2
1461,SBT4050,1,5,3.7532248,-10.001,2543.712,21.1
1461,SBT4050,1,5,3.7517952,-10.001,2546.49,21.1
1461,SBT4050,1,5,3.7506272,-10.001,2549.267,21.2
1461,SBT4050,1,5,3.7493148,-9.999,2552.045,21.3
1461,SBT4050,1,5,3.7479444,-10.001,2554.823,21.3
1461,SBT4050,1,5,3.7467728,-9.999,2557.6,21.2
1461,SBT4050,1,5,3.7455008,-10.001,2560.378,21.2
1461,SBT4050,1,5,3.744452,-10.001,2563.156,21.2
1461,SBT4050,1,5,3.7434532,-10.001,2565.933,21.3
1461,SBT4050,1,5,3.7419632,-9.999,2568.711,21.4
1461,SBT4050,1,5,3.7409648,-9.998,2571.489,21.4
1461,SBT4050,1,5,3.7397012,-9.999,2574.266,21.3
1461,SBT4050,1,5,3.7388228,-9.999,2577.044,21.4
1461,SBT4050,1,5,3.7377844,-10.001,2579.822,21.5
1461,SBT4050,1,5,3.7366044,-9.999,2582.599,21.5
1461,SBT4050,1,5,3.7355728,-9.999,2585.377,21.5
1461,SBT4050,1,5,3.7343092,-10.001,2588.154,21.4
1461,SBT4050,1,5,3.7333956,-9.999,2590.932,21.4
1461,SBT4050,1,5,3.7322512,-10.001,2593.71,21.5
1461,SBT4050,1,5,3.7312408,-9.999,2596.487,21.6
1461,SBT4050,1,5,3.7302512,-9.999,2599.265,21.6
1461,SBT4050,1,5,3.7292184,-9.999,2602.043,21.6
1461,SBT4050,1,5,3.7282928,-9.999,2604.82,21.5
1461,SBT4050,1,5,3.726982,-9.999,2607.598,21.7
1461,SBT4050,1,5,3.7260672,-10.001,2610.376,21.7
1461,SBT4050,1,5,3.7248516,-9.998,2613.153,21.7
1461,SBT4050,1,5,3.7238736,-10,2615.931,21.7
1461,SBT4050,1,5,3.722944,-9.999,2618.709,21.7
1461,SBT4050,1,5,3.7218888,-9.999,2621.486,21.7
1461,SBT4050,1,5,3.7211448,-9.999,2624.264,21.8
1461,SBT4050,1,5,3.71981,-9.999,2627.042,21.9
1461,SBT4050,1,5,3.7188656,-10,2629.819,21.8
1461,SBT4050,1,5,3.7180552,-10,2632.597,21.8
1461,SBT4050,1,5,3.7171092,-9.999,2635.374,21.8
1461,SBT4050,1,5,3.7161436,-9.999,2638.152,22
1461,SBT4050,1,5,3.7155184,-10,2640.93,22
1461,SBT4050,1,5,3.7141956,-9.999,2643.707,21.9
1461,SBT4050,1,5,3.7131152,-9.999,2646.485,21.9
1461,SBT4050,1,5,3.7124496,-9.999,2649.263,21.9
1461,SBT4050,1,5,3.7114124,-9.999,2652.04,22
1461,SBT4050,1,5,3.7105004,-9.997,2654.818,22.1
1461,SBT4050,1,5,3.7094752,-10,2657.595,22.1
1461,SBT4050,1,5,3.7083612,-9.999,2660.373,22
1461,SBT4050,1,5,3.7074196,-10,2663.151,22
1461,SBT4050,1,5,3.7068128,-9.999,2665.928,22
1461,SBT4050,1,5,3.705618,-10,2668.706,22.1
1461,SBT4050,1,5,3.704736,-10,2671.484,22.1
1461,SBT4050,1,5,3.7037712,-9.999,2674.261,22.1
1461,SBT4050,1,5,3.7029128,-10,2677.039,22.1
1461,SBT4050,1,5,3.7018664,-10,2679.816,22.2
1461,SBT4050,1,5,3.7010204,-10,2682.594,22.3
1461,SBT4050,1,5,3.7001152,-10,2685.372,22.3
1461,SBT4050,1,5,3.6992052,-10,2688.149,22.2
1461,SBT4050,1,5,3.6983352,-9.999,2690.927,22.2
1461,SBT4050,1,5,3.6972592,-9.999,2693.705,22.2
1461,SBT4050,1,5,3.6965444,-9.999,2696.482,22.3
1461,SBT4050,1,5,3.6955952,-9.999,2699.26,22.4
1461,SBT4050,1,5,3.6947012,-10.001,2702.038,22.3
1461,SBT4050,1,5,3.6939372,-10.001,2704.815,22.3
1461,SBT4050,1,5,3.6929004,-10.001,2707.593,22.3
1461,SBT4050,1,5,3.6920588,-9.999,2710.371,22.4
1461,SBT4050,1,5,3.69092,-10.001,2713.148,22.4
1461,SBT4050,1,5,3.6901692,-9.999,2715.926,22.4
1461,SBT4050,1,5,3.6891968,-9.999,2718.704,22.4
1461,SBT4050,1,5,3.6884696,-9.999,2721.482,22.4
1461,SBT4050,1,5,3.6872656,-9.999,2724.259,22.5
1461,SBT4050,1,5,3.6865624,-9.999,2727.037,22.6
1461,SBT4050,1,5,3.6856592,-9.998,2729.815,22.5
1461,SBT4050,1,5,3.6847116,-10.001,2732.592,22.5
1461,SBT4050,1,5,3.6836984,-10.001,2735.37,22.6
1461,SBT4050,1,5,3.68298,-9.999,2738.148,22.6
1461,SBT4050,1,5,3.6819784,-10.001,2740.925,22.6
1461,SBT4050,1,5,3.6809632,-9.999,2743.703,22.6
1461,SBT4050,1,5,3.6801644,-10.001,2746.481,22.5
1461,SBT4050,1,5,3.67949,-10,2749.258,22.6
1461,SBT4050,1,5,3.6784444,-9.999,2752.036,22.7
1461,SBT4050,1,5,3.677646,-10.001,2754.814,22.7
1461,SBT4050,1,5,3.676438,-10.001,2757.591,22.7
1461,SBT4050,1,5,3.6759252,-9.999,2760.369,22.6
1461,SBT4050,1,5,3.6747552,-10.001,2763.147,22.7
1461,SBT4050,1,5,3.6739092,-10.001,2765.924,22.8
1461,SBT4050,1,5,3.6731828,-10.001,2768.702,22.7
1461,SBT4050,1,5,3.6719668,-9.998,2771.48,22.7
1461,SBT4050,1,5,3.6711244,-9.999,2774.257,22.7
1461,SBT4050,1,5,3.6701412,-9.999,2777.035,22.8
1461,SBT4050,1,5,3.669402,-10.001,2779.813,22.9
1461,SBT4050,1,5,3.6683856,-9.999,2782.59,22.9
1461,SBT4050,1,5,3.6676584,-10.001,2785.368,22.8
1461,SBT4050,1,5,3.666732,-10.001,2788.146,22.8
1461,SBT4050,1,5,3.6658024,-9.998,2790.923,22.9
1461,SBT4050,1,5,3.664514,-10.001,2793.701,23
1461,SBT4050,1,5,3.6636368,-9.999,2796.479,23
1461,SBT4050,1,5,3.6630288,-10.001,2799.256,22.9
1461,SBT4050,1,5,3.6620972,-10.001,2802.034,23
1461,SBT4050,1,5,3.661084,-9.999,2804.812,23.1
1461,SBT4050,1,5,3.6601372,-10,2807.589,23.1
1461,SBT4050,1,5,3.6592432,-10,2810.367,23
1461,SBT4050,1,5,3.6584364,-10,2813.144,23
1461,SBT4050,1,5,3.65752,-10,2815.922,23
1461,SBT4050,1,5,3.6567216,-9.999,2818.7,23
1461,SBT4050,1,5,3.6557984,-10,2821.477,23.1
1461,SBT4050,1,5,3.6545352,-10.002,2824.255,23.1
1461,SBT4050,1,5,3.6538468,-9.999,2827.033,23
1461,SBT4050,1,5,3.6528816,-10,2829.81,23.1
1461,SBT4050,1,5,3.6518076,-10,2832.588,23.1
1461,SBT4050,1,5,3.6511876,-10,2835.366,23.2
1461,SBT4050,1,5,3.650046,-10.002,2838.143,23.2
1461,SBT4050,1,5,3.6490044,-10,2840.921,23.1
1461,SBT4050,1,5,3.6480744,-10.002,2843.698,23.1
1461,SBT4050,1,5,3.6474916,-9.999,2846.476,23.1
1461,SBT4050,1,5,3.6465024,-10,2849.254,23.2
1461,SBT4050,1,5,3.6453404,-10,2852.031,23.3
1461,SBT4050,1,5,3.6447448,-9.999,2854.809,23.2
1461,SBT4050,1,5,3.6435704,-9.999,2857.587,23.2
1461,SBT4050,1,5,3.642938,-10,2860.364,23.2
1461,SBT4050,1,5,3.6417104,-10,2863.142,23.3
1461,SBT4050,1,5,3.6411152,-10,2865.919,23.4
1461,SBT4050,1,5,3.6397328,-9.998,2868.697,23.3
1461,SBT4050,1,5,3.6387996,-10,2871.475,23.3
1461,SBT4050,1,5,3.6378696,-10,2874.252,23.3
1461,SBT4050,1,5,3.6373408,-10,2877.03,23.3
1461,SBT4050,1,5,3.6363036,-9.999,2879.808,23.4
1461,SBT4050,1,5,3.6352768,-9.998,2882.585,23.4
1461,SBT4050,1,5,3.6342304,-9.998,2885.363,23.4
1461,SBT4050,1,5,3.6332888,-10,2888.14,23.3
1461,SBT4050,1,5,3.6326764,-9.999,2890.918,23.4
1461,SBT4050,1,5,3.6313892,-10,2893.696,23.5
1461,SBT4050,1,5,3.6306232,-9.999,2896.473,23.5
1461,SBT4050,1,5,3.6296456,-9.999,2899.251,23.4
1461,SBT4050,1,5,3.6287292,-10,2902.029,23.4
1461,SBT4050,1,5,3.6277392,-9.999,2904.806,23.5
1461,SBT4050,1,5,3.6268928,-9.999,2907.584,23.6
1461,SBT4050,1,5,3.6260588,-9.999,2910.361,23.6
1461,SBT4050,1,5,3.6248788,-9.999,2913.139,23.5
1461,SBT4050,1,5,3.6238944,-9.999,2915.917,23.5
1461,SBT4050,1,5,3.6231676,-9.999,2918.694,23.5
1461,SBT4050,1,5,3.6221656,-10,2921.472,23.6
1461,SBT4050,1,5,3.6209284,-9.999,2924.249,23.6
1461,SBT4050,1,5,3.6203204,-9.999,2927.027,23.6
1461,SBT4050,1,5,3.6194072,-10,2929.805,23.5
1461,SBT4050,1,5,3.6182152,-10,2932.582,23.6
1461,SBT4050,1,5,3.6176216,-10,2935.36,23.7
1461,SBT4050,1,5,3.6167036,-9.999,2938.138,23.7
1461,SBT4050,1,5,3.6155888,-9.999,2940.915,23.6
1461,SBT4050,1,5,3.6147188,-9.999,2943.693,23.6
1461,SBT4050,1,5,3.6137756,-10,2946.47,23.6
1461,SBT4050,1,5,3.6129484,-10,2949.248,23.7
1461,SBT4050,1,5,3.6117564,-9.998,2952.026,23.7
1461,SBT4050,1,5,3.6104904,-9.998,2954.803,23.7
1461,SBT4050,1,5,3.6097632,-9.999,2957.581,23.6
1461,SBT4050,1,5,3.6089844,-9.999,2960.359,23.7
1461,SBT4050,1,5,3.6079832,-9.999,2963.136,23.7
1461,SBT4050,1,5,3.6071708,-9.999,2965.914,23.7
1461,SBT4050,1,5,3.6061968,-9.999,2968.691,23.7
1461,SBT4050,1,5,3.6049692,-9.999,2971.469,23.6
1461,SBT4050,1,5,3.6039512,-9.999,2974.247,23.7
1461,SBT4050,1,5,3.6031764,-9.999,2977.024,23.8
1461,SBT4050,1,5,3.6020124,-10,2979.802,23.8
1461,SBT4050,1,5,3.60119,-9.999,2982.58,23.8
1461,SBT4050,1,5,3.6002756,-10,2985.357,23.7
1461,SBT4050,1,5,3.5993076,-9.999,2988.135,23.7
1461,SBT4050,1,5,3.5983304,-9.997,2990.912,23.8
1461,SBT4050,1,5,3.5975656,-9.999,2993.69,23.8
1461,SBT4050,1,5,3.596612,-9.999,2996.468,23.8
1461,SBT4050,1,5,3.5956848,-9.999,2999.245,23.7
1461,SBT4050,1,5,3.5945404,-10,3002.023,23.8
1461,SBT4050,1,5,3.5937608,-9.999,3004.8,23.8
1461,SBT4050,1,5,3.5926404,-9.999,3007.578,23.9
1461,SBT4050,1,5,3.5916844,-9.999,3010.356,23.8
1461,SBT4050,1,5,3.5908872,-9.999,3013.133,23.8
1461,SBT4050,1,5,3.5897192,-10,3015.911,23.8
1461,SBT4050,1,5,3.5886196,-9.999,3018.688,23.9
1461,SBT4050,1,5,3.5879164,-9.999,3021.466,23.9
1461,SBT4050,1,5,3.5868748,-9.999,3024.244,23.9
1461,SBT4050,1,5,3.58579,-10,3027.021,23.9
1461,SBT4050,1,5,3.5851316,-10.001,3029.799,23.9
1461,SBT4050,1,5,3.5839692,-10.001,3032.576,24
1461,SBT4050,1,5,3.5830512,-9.999,3035.354,24
1461,SBT4050,1,5,3.5820632,-9.999,3038.132,23.9
1461,SBT4050,1,5,3.5809308,-9.999,3040.909,23.9
1461,SBT4050,1,5,3.5801064,-9.999,3043.687,24
1461,SBT4050,1,5,3.5791884,-9.999,3046.465,24.1
1461,SBT4050,1,5,3.5782772,-10.001,3049.242,24
1461,SBT4050,1,5,3.5774464,-10.001,3052.02,24
1461,SBT4050,1,5,3.5761948,-10.001,3054.798,24
1461,SBT4050,1,5,3.5754356,-9.999,3057.575,24.1
1461,SBT4050,1,5,3.5746968,-9.999,3060.353,24.1
1461,SBT4050,1,5,3.57336,-9.999,3063.131,24
1461,SBT4050,1,5,3.5725496,-9.999,3065.908,24
1461,SBT4050,1,5,3.5714076,-9.999,3068.686,24
1461,SBT4050,1,5,3.5705372,-9.999,3071.463,24.1
1461,SBT4050,1,5,3.5695168,-10.001,3074.241,24.1
1461,SBT4050,1,5,3.5684276,-9.999,3077.019,24
1461,SBT4050,1,5,3.5674504,-10.001,3079.796,24
1461,SBT4050,1,5,3.566524,-10.001,3082.574,24.1
1461,SBT4050,1,5,3.5655824,-9.998,3085.352,24.2
1461,SBT4050,1,5,3.5646816,-10.001,3088.129,24.1
1461,SBT4050,1,5,3.5635968,-9.999,3090.907,24.1
1461,SBT4050,1,5,3.5626344,-9.999,3093.685,24.1
1461,SBT4050,1,5,3.5617984,-9.999,3096.462,24.2
1461,SBT4050,1,5,3.5607612,-10.001,3099.24,24.2
1461,SBT4050,1,5,3.5597452,-9.999,3102.018,24.2
1461,SBT4050,1,5,3.5588988,-9.999,3104.795,24.1
1461,SBT4050,1,5,3.5577028,-9.999,3107.573,24.2
1461,SBT4050,1,5,3.5567848,-9.999,3110.351,24.2
1461,SBT4050,1,5,3.556088,-9.998,3113.128,24.3
1461,SBT4050,1,5,3.554896,-9.999,3115.906,24.2
1461,SBT4050,1,5,3.5539684,-9.999,3118.684,24.3
1461,SBT4050,1,5,3.5528428,-9.999,3121.461,24.3
1461,SBT4050,1,5,3.5521396,-10.001,3124.239,24.4
1461,SBT4050,1,5,3.5509724,-10.001,3127.017,24.3
1461,SBT4050,1,5,3.550102,-10.001,3129.794,24.3
1461,SBT4050,1,5,3.549076,-9.999,3132.572,24.3
1461,SBT4050,1,5,3.548194,-9.999,3135.35,24.4
1461,SBT4050,1,5,3.5472048,-9.999,3138.127,24.4
1461,SBT4050,1,5,3.5461072,-9.999,3140.905,24.4
1461,SBT4050,1,5,3.5452252,-9.999,3143.682,24.3
1461,SBT4050,1,5,3.5443004,-9.999,3146.46,24.3
1461,SBT4050,1,5,3.5432276,-10.001,3149.238,24.5
1461,SBT4050,1,5,3.5423584,-10.001,3152.015,24.4
1461,SBT4050,1,5,3.5411904,-10.001,3154.793,24.4
1461,SBT4050,1,5,3.5401296,-9.999,3157.571,24.4
1461,SBT4050,1,5,3.539046,-9.999,3160.348,24.4
1461,SBT4050,1,5,3.5383904,-9.999,3163.126,24.5
1461,SBT4050,1,5,3.5371448,-9.999,3165.904,24.4
1461,SBT4050,1,5,3.5363104,-10.001,3168.681,24.3
1461,SBT4050,1,5,3.5353808,-9.998,3171.459,24.3
1461,SBT4050,1,5,3.5344272,-10.001,3174.237,24.4
1461,SBT4050,1,5,3.53342,-9.998,3177.014,24.4
1461,SBT4050,1,5,3.5320852,-10.001,3179.792,24.4
1461,SBT4050,1,5,3.5311796,-9.999,3182.57,24.3
1461,SBT4050,1,5,3.5306044,-9.999,3185.347,24.4
1461,SBT4050,1,5,3.5293764,-9.999,3188.125,24.5
1461,SBT4050,1,5,3.5283404,-10.001,3190.903,24.5
1461,SBT4050,1,5,3.5272916,-9.999,3193.68,24.5
1461,SBT4050,1,5,3.5264356,-9.999,3196.458,24.4
1461,SBT4050,1,5,3.5254824,-9.999,3199.235,24.4
1461,SBT4050,1,5,3.5242912,-9.999,3202.013,24.5
1461,SBT4050,1,5,3.5234484,-9.999,3204.791,24.6
1461,SBT4050,1,5,3.5224828,-9.999,3207.568,24.5
1461,SBT4050,1,5,3.521492,-9.999,3210.346,24.5
1461,SBT4050,1,5,3.5203596,-10.001,3213.124,24.5
1461,SBT4050,1,5,3.5196272,-10.001,3215.901,24.6
1461,SBT4050,1,5,3.5184236,-9.998,3218.679,24.6
1461,SBT4050,1,5,3.5173812,-10.001,3221.457,24.5
1461,SBT4050,1,5,3.516282,-9.999,3224.234,24.5
1461,SBT4050,1,5,3.5152928,-9.999,3227.012,24.6
1461,SBT4050,1,5,3.5143908,-9.998,3229.79,24.6
1461,SBT4050,1,5,3.5134492,-9.999,3232.567,24.6
1461,SBT4050,1,5,3.5124156,-9.998,3235.345,24.5
1461,SBT4050,1,5,3.5116048,-9.998,3238.122,24.5
1461,SBT4050,1,5,3.51049,-9.999,3240.9,24.6
1461,SBT4050,1,5,3.509262,-9.999,3243.678,24.7
1461,SBT4050,1,5,3.5085352,-9.999,3246.455,24.6
1461,SBT4050,1,5,3.5074796,-10.001,3249.233,24.6
1461,SBT4050,1,5,3.5063832,-9.999,3252.011,24.7
1461,SBT4050,1,5,3.5054432,-10.001,3254.788,24.7
1461,SBT4050,1,5,3.5043464,-9.999,3257.566,24.7
1461,SBT4050,1,5,3.5033284,-10.001,3260.344,24.6
1461,SBT4050,1,5,3.5024704,-9.999,3263.121,24.6
1461,SBT4050,1,5,3.5015424,-9.999,3265.899,24.7
1461,SBT4050,1,5,3.5004852,-9.999,3268.676,24.7
1461,SBT4050,1,5,3.4993888,-10.001,3271.454,24.7
1461,SBT4050,1,5,3.4983556,-10.001,3274.232,24.6
1461,SBT4050,1,5,3.4971516,-9.999,3277.009,24.7
1461,SBT4050,1,5,3.4964192,-9.999,3279.787,24.7
1461,SBT4050,1,5,3.4952868,-9.999,3282.565,24.7
1461,SBT4050,1,5,3.4941932,-9.999,3285.342,24.7
1461,SBT4050,1,5,3.4933944,-9.999,3288.12,24.6
1461,SBT4050,1,5,3.4922596,-10.001,3290.898,24.6
1461,SBT4050,1,5,3.4913068,-10.001,3293.675,24.7
1461,SBT4050,1,5,3.4903532,-9.998,3296.453,24.7
1461,SBT4050,1,5,3.4892212,-9.999,3299.23,24.7
1461,SBT4050,1,5,3.4881844,-9.998,3302.008,24.6
1461,SBT4050,1,5,3.4873836,-9.999,3304.786,24.6
1461,SBT4050,1,5,3.4863108,-9.999,3307.563,24.7
1461,SBT4050,1,5,3.4851244,-9.999,3310.341,24.7
1461,SBT4050,1,5,3.4841948,-9.999,3313.119,24.6
1461,SBT4050,1,5,3.4831816,-10.001,3315.896,24.6
1461,SBT4050,1,5,3.4822452,-9.999,3318.674,24.7
1461,SBT4050,1,5,3.4811008,-10.001,3321.451,24.8
1461,SBT4050,1,5,3.4801816,-9.999,3324.229,24.7
1461,SBT4050,1,5,3.4790968,-10.001,3327.007,24.7
1461,SBT4050,1,5,3.4780864,-10.001,3329.784,24.6
1461,SBT4050,1,5,3.4771236,-9.998,3332.562,24.6
1461,SBT4050,1,5,3.476122,-10.001,3335.34,24.7
1461,SBT4050,1,5,3.4750124,-10.001,3338.117,24.8
1461,SBT4050,1,5,3.4739156,-9.998,3340.895,24.7
1461,SBT4050,1,5,3.4731984,-9.999,3343.672,24.6
1461,SBT4050,1,5,3.472078,-10.001,3346.45,24.7
1461,SBT4050,1,5,3.4709972,-9.999,3349.228,24.8
1461,SBT4050,1,5,3.469996,-9.999,3352.005,24.8
1461,SBT4050,1,5,3.4690756,-9.998,3354.783,24.7
1461,SBT4050,1,5,3.46801,-10.002,3357.56,24.7
1461,SBT4050,1,5,3.4670924,-9.999,3360.338,24.7
1461,SBT4050,1,5,3.4658936,-10.001,3363.116,24.8
1461,SBT4050,1,5,3.4651308,-9.999,3365.893,24.8
1461,SBT4050,1,5,3.4638592,-9.999,3368.671,24.8
1461,SBT4050,1,5,3.4630012,-10.001,3371.449,24.7
1461,SBT4050,1,5,3.4619132,-10.001,3374.226,24.8
1461,SBT4050,1,5,3.4607856,-9.999,3377.004,24.8
1461,SBT4050,1,5,3.4598916,-9.999,3379.781,24.8
1461,SBT4050,1,5,3.4587524,-9.999,3382.559,24.7
1461,SBT4050,1,5,3.457882,-10,3385.337,24.7
1461,SBT4050,1,5,3.4568012,-9.999,3388.114,24.8
1461,SBT4050,1,5,3.4561336,-10,3390.892,24.9
1461,SBT4050,1,5,3.4549136,-10,3393.669,24.8
1461,SBT4050,1,5,3.4541212,-10,3396.447,24.8
1461,SBT4050,1,5,3.4529888,-10,3399.224,24.7
1461,SBT4050,1,5,3.451944,-9.999,3402.002,24.8
1461,SBT4050,1,5,3.4507044,-9.999,3404.78,24.9
1461,SBT4050,1,5,3.4498676,-9.999,3407.557,24.8
1461,SBT4050,1,5,3.4488064,-9.999,3410.335,24.8
1461,SBT4050,1,5,3.447796,-10,3413.112,24.8
1461,SBT4050,1,5,3.4467232,-9.999,3415.89,24.9
1461,SBT4050,1,5,3.4459324,-10,3418.668,24.9
1461,SBT4050,1,5,3.4448288,-10,3421.445,24.9
1461,SBT4050,1,5,3.4438516,-9.999,3424.223,24.8
1461,SBT4050,1,5,3.442918,-10,3427,24.8
1461,SBT4050,1,5,3.441976,-9.999,3429.778,24.9
1461,SBT4050,1,5,3.4407596,-9.999,3432.556,25
1461,SBT4050,1,5,3.4400444,-9.999,3435.333,24.9
1461,SBT4050,1,5,3.4386544,-9.999,3438.111,24.8
1461,SBT4050,1,5,3.4378712,-10.001,3440.888,24.9
1461,SBT4050,1,5,3.436846,-9.999,3443.666,25
1461,SBT4050,1,5,3.4358212,-10.001,3446.444,24.9
1461,SBT4050,1,5,3.4347844,-9.999,3449.221,24.9
1461,SBT4050,1,5,3.4338804,-10.001,3451.999,24.8
1461,SBT4050,1,5,3.4329268,-9.999,3454.777,24.9
1461,SBT4050,1,5,3.4319848,-9.999,3457.554,25
1461,SBT4050,1,5,3.4308376,-10.001,3460.332,25
1461,SBT4050,1,5,3.4299792,-9.999,3463.109,25
1461,SBT4050,1,5,3.4289156,-10.001,3465.887,24.9
1461,SBT4050,1,5,3.4278904,-9.999,3468.665,25
1461,SBT4050,1,5,3.4270796,-9.999,3471.442,25
1461,SBT4050,1,5,3.4259472,-9.999,3474.22,25
1461,SBT4050,1,5,3.4248808,-9.999,3476.997,24.9
1461,SBT4050,1,5,3.4239628,-9.999,3479.775,24.9
1461,SBT4050,1,5,3.4230644,-10.001,3482.553,25
1461,SBT4050,1,5,3.422092,-9.999,3485.33,25
1461,SBT4050,1,5,3.4212456,-10,3488.108,25
1461,SBT4050,1,5,3.4200128,-10,3490.885,24.9
1461,SBT4050,1,5,3.4192976,-9.999,3493.663,24.9
1461,SBT4050,1,5,3.4183184,-10,3496.441,25
1461,SBT4050,1,5,3.4174244,-10,3499.218,25
1461,SBT4050,1,5,3.4162028,-9.999,3501.996,25
1461,SBT4050,1,5,3.4153732,-10.001,3504.773,24.9
1461,SBT4050,1,5,3.414348,-9.999,3507.551,25
1461,SBT4050,1,5,3.4133328,-9.999,3510.329,25.1
1461,SBT4050,1,5,3.4125104,-10.001,3513.106,25.1
1461,SBT4050,1,5,3.411572,-10.001,3515.884,25
1461,SBT4050,1,5,3.4103324,-9.999,3518.662,25
1461,SBT4050,1,5,3.4094904,-9.997,3521.439,25.1
1461,SBT4050,1,5,3.4086204,-10.001,3524.217,25.1
1461,SBT4050,1,5,3.407752,-9.999,3526.995,25.2
1461,SBT4050,1,5,3.406768,-9.999,3529.772,25.1
1461,SBT4050,1,5,3.405576,-9.999,3532.55,25.1
1461,SBT4050,1,5,3.4045484,-9.999,3535.327,25.2
1461,SBT4050,1,5,3.4037856,-9.999,3538.105,25.2
1461,SBT4050,1,5,3.4027864,-9.997,3540.883,25.2
1461,SBT4050,1,5,3.401952,-9.999,3543.66,25.1
1461,SBT4050,1,5,3.400954,-9.999,3546.438,25.2
1461,SBT4050,1,5,3.4001496,-9.999,3549.215,25.2
1461,SBT4050,1,5,3.3988024,-10,3551.993,25.2
1461,SBT4050,1,5,3.398162,-9.999,3554.771,25.2
1461,SBT4050,1,5,3.3973276,-9.999,3557.548,25.1
1461,SBT4050,1,5,3.3960992,-10,3560.326,25.2
1461,SBT4050,1,5,3.3951572,-9.997,3563.103,25.3
1461,SBT4050,1,5,3.3943936,-9.999,3565.881,25.2
1461,SBT4050,1,5,3.3934408,-9.999,3568.658,25.2
1461,SBT4050,1,5,3.3924276,-9.999,3571.436,25.2
1461,SBT4050,1,5,3.3913576,-10,3574.214,25.3
1461,SBT4050,1,5,3.3904876,-10,3576.991,25.3
1461,SBT4050,1,5,3.3895564,-9.999,3579.769,25.2
1461,SBT4050,1,5,3.388686,-10,3582.546,25.2
1461,SBT4050,1,5,3.3876416,-10,3585.324,25.2
1461,SBT4050,1,5,3.3867476,-9.999,3588.102,25.3
1461,SBT4050,1,5,3.385656,-10,3590.879,25.3
1461,SBT4050,1,5,3.3852172,-9.999,3593.657,25.2
1461,SBT4050,1,5,3.383918,-10,3596.435,25.2
1461,SBT4050,1,5,3.3828824,-9.999,3599.212,25.3
1461,SBT4050,1,5,3.382322,-10,3601.99,25.3
1461,SBT4050,1,5,3.3813684,-10,3604.767,25.2
1461,SBT4050,1,5,3.3805816,-9.999,3607.545,25.2
1461,SBT4050,1,5,3.3793512,-9.999,3610.323,25.2
1461,SBT4050,1,5,3.3785884,-10,3613.1,25.3
1461,SBT4050,1,5,3.3775392,-10.002,3615.878,25.3
1461,SBT4050,1,5,3.3769432,-9.999,3618.656,25.2
1461,SBT4050,1,5,3.3758228,-10,3621.433,25.1
1461,SBT4050,1,5,3.3748356,-9.999,3624.211,25.2
1461,SBT4050,1,5,3.3738104,-9.999,3626.989,25.2
1461,SBT4050,1,5,3.3732124,-9.999,3629.766,25.2
1461,SBT4050,1,5,3.3721756,-9.999,3632.544,25.2
1461,SBT4050,1,5,3.3711268,-10,3635.322,25.2
1461,SBT4050,1,5,3.370176,-10,3638.1,25.2
1461,SBT4050,1,5,3.3694968,-10,3640.877,25.3
1461,SBT4050,1,5,3.36859,-9.997,3643.655,25.3
1461,SBT4050,1,5,3.367684,-9.999,3646.433,25.2
1461,SBT4050,1,5,3.3667812,-10,3649.21,25.2
1461,SBT4050,1,5,3.365804,-10,3651.988,25.2
1461,SBT4050,1,5,3.36508,-9.999,3654.766,25.3
1461,SBT4050,1,5,3.3639244,-10,3657.543,25.3
1461,SBT4050,1,5,3.3632448,-10,3660.321,25.2
1461,SBT4050,1,5,3.362478,-9.999,3663.099,25.2
1461,SBT4050,1,5,3.3613336,-10,3665.876,25.3
1461,SBT4050,1,5,3.3605608,-9.999,3668.654,25.3
1461,SBT4050,1,5,3.3597624,-9.999,3671.432,25.3
1461,SBT4050,1,5,3.3586408,-10,3674.209,25.2
1461,SBT4050,1,5,3.3579768,-10,3676.987,25.2
1461,SBT4050,1,5,3.35688,-10.002,3679.765,25.2
1461,SBT4050,1,5,3.3560244,-10,3682.542,25.3
1461,SBT4050,1,5,3.3553566,-9.999,3685.32,25.3
1461,SBT4050,1,5,3.3541018,-9.999,3688.098,25.3
1461,SBT4050,1,5,3.3533508,-9.999,3690.876,25.2
1461,SBT4050,1,5,3.3522528,-10,3693.653,25.2
1461,SBT4050,1,5,3.3514836,-10,3696.431,25.3
1461,SBT4050,1,5,3.3506492,-9.999,3699.209,25.3
1461,SBT4050,1,5,3.349772,-10,3701.986,25.2
1461,SBT4050,1,5,3.3489852,-10,3704.764,25.2
1461,SBT4050,1,5,3.3479192,-10.002,3707.542,25.2
1461,SBT4050,1,5,3.3470252,-10,3710.319,25.3
1461,SBT4050,1,5,3.3463342,-10,3713.097,25.3
1461,SBT4050,1,5,3.3454878,-10,3715.875,25.3
1461,SBT4050,1,5,3.3442774,-10,3718.652,25.2
1461,SBT4050,1,5,3.3436828,-9.999,3721.43,25.2
1461,SBT4050,1,5,3.3426458,-9.999,3724.208,25.4
1461,SBT4050,1,5,3.341837,-9.997,3726.985,25.3
1461,SBT4050,1,5,3.3408238,-10,3729.763,25.3
1461,SBT4050,1,5,3.3400552,-9.999,3732.541,25.3
1461,SBT4050,1,5,3.3393638,-10,3735.318,25.3
1461,SBT4050,1,5,3.3384414,-10,3738.096,25.4
1461,SBT4050,1,5,3.3374696,-9.999,3740.874,25.4
1461,SBT4050,1,5,3.3368258,-10,3743.651,25.3
1461,SBT4050,1,5,3.3357402,-9.999,3746.429,25.3
1461,SBT4050,1,5,3.3349894,-10,3749.206,25.3
1461,SBT4050,1,5,3.3339164,-9.999,3751.984,25.4
1461,SBT4050,1,5,3.333082,-10,3754.762,25.4
1461,SBT4050,1,5,3.3321102,-10,3757.539,25.3
1461,SBT4050,1,5,3.3313354,-10,3760.317,25.3
1461,SBT4050,1,5,3.3303774,-9.999,3763.095,25.4
1461,SBT4050,1,5,3.3297544,-9.999,3765.872,25.4
1461,SBT4050,1,5,3.3288008,-10,3768.65,25.4
1461,SBT4050,1,5,3.327811,-10.002,3771.428,25.3
1461,SBT4050,1,5,3.3269766,-10,3774.206,25.3
1461,SBT4050,1,5,3.3261452,-10,3776.983,25.4
1461,SBT4050,1,5,3.3253584,-10,3779.761,25.5
1461,SBT4050,1,5,3.3244382,-9.999,3782.539,25.4
1461,SBT4050,1,5,3.3238288,-9.999,3785.316,25.4
1461,SBT4050,1,5,3.3230182,-10,3788.094,25.4
1461,SBT4050,1,5,3.3220784,-9.999,3790.872,25.4
1461,SBT4050,1,5,3.3210056,-9.999,3793.649,25.4
1461,SBT4050,1,5,3.3200674,-9.999,3796.427,25.4
1461,SBT4050,1,5,3.319376,-10,3799.205,25.3
1461,SBT4050,1,5,3.3183422,-10,3801.982,25.3
1461,SBT4050,1,5,3.3176696,-9.999,3804.76,25.4
1461,SBT4050,1,5,3.3166922,-10,3807.538,25.4
1461,SBT4050,1,5,3.3158914,-9.999,3810.315,25.4
1461,SBT4050,1,5,3.3149616,-10,3813.093,25.3
1461,SBT4050,1,5,3.3140064,-10,3815.871,25.3
1461,SBT4050,1,5,3.3135058,-10,3818.648,25.3
1461,SBT4050,1,5,3.3124314,-10,3821.426,25.4
1461,SBT4050,1,5,3.311573,-9.997,3824.204,25.3
1461,SBT4050,1,5,3.3105658,-9.999,3826.981,25.3
1461,SBT4050,1,5,3.309931,-10,3829.759,25.3
1461,SBT4050,1,5,3.3087748,-9.999,3832.537,25.4
1461,SBT4050,1,5,3.3081692,-10,3835.314,25.4
1461,SBT4050,1,5,3.3073944,-9.999,3838.092,25.4
1461,SBT4050,1,5,3.3063706,-9.999,3840.87,25.3
1461,SBT4050,1,5,3.3055124,-9.999,3843.647,25.3
1461,SBT4050,1,5,3.3049718,-9.999,3846.425,25.4
1461,SBT4050,1,5,3.3037754,-9.999,3849.203,25.4
1461,SBT4050,1,5,3.3029888,-10,3851.98,25.4
1461,SBT4050,1,5,3.302235,-9.999,3854.758,25.3
1461,SBT4050,1,5,3.3011146,-10,3857.535,25.4
1461,SBT4050,1,5,3.3004518,-10,3860.313,25.4
1461,SBT4050,1,5,3.2995578,-10,3863.091,25.5
1461,SBT4050,1,5,3.2987222,-9.999,3865.868,25.5
1461,SBT4050,1,5,3.29782,-9.999,3868.646,25.4
1461,SBT4050,1,5,3.2969738,-10,3871.424,25.4
1461,SBT4050,1,5,3.2962684,-10,3874.201,25.4
1461,SBT4050,1,5,3.2952194,-10,3876.979,25.5
1461,SBT4050,1,5,3.294496,-10.002,3879.757,25.5
1461,SBT4050,1,5,3.2936258,-10,3882.534,25.5
1461,SBT4050,1,5,3.2927472,-9.999,3885.312,25.5
1461,SBT4050,1,5,3.29202,-10.002,3888.09,25.6
1461,SBT4050,1,5,3.29091,-10,3890.867,25.6
1461,SBT4050,1,5,3.2901502,-9.999,3893.645,25.6
1461,SBT4050,1,5,3.2892086,-9.997,3896.422,25.5
1461,SBT4050,1,5,3.2884356,-10,3899.2,25.5
1461,SBT4050,1,5,3.2876132,-9.999,3901.978,25.6
1461,SBT4050,1,5,3.2866774,-10,3904.755,25.6
1461,SBT4050,1,5,3.2855928,-10,3907.533,25.6
1461,SBT4050,1,5,3.2851098,-9.999,3910.311,25.5
1461,SBT4050,1,5,3.2840692,-10,3913.088,25.5
1461,SBT4050,1,5,3.2833422,-10,3915.866,25.6
1461,SBT4050,1,5,3.282273,-10,3918.644,25.6
1461,SBT4050,1,5,3.281236,-9.999,3921.421,25.6
1461,SBT4050,1,5,3.280568,-9.999,3924.199,25.5
1461,SBT4050,1,5,3.2796502,-9.999,3926.977,25.5
1461,SBT4050,1,5,3.2788682,-10,3929.754,25.6
1461,SBT4050,1,5,3.2780934,-10,3932.532,25.6
1461,SBT4050,1,5,3.2772076,-9.999,3935.309,25.6
1461,SBT4050,1,5,3.2759432,-10,3938.087,25.6
1461,SBT4050,1,5,3.2755022,-10,3940.865,25.5
1461,SBT4050,1,5,3.2745702,-10,3943.642,25.6
1461,SBT4050,1,5,3.273724,-9.997,3946.42,25.7
1461,SBT4050,1,5,3.272531,-9.999,3949.198,25.6
1461,SBT4050,1,5,3.2717442,-9.999,3951.975,25.6
1461,SBT4050,1,5,3.2708578,-9.999,3954.753,25.6
1461,SBT4050,1,5,3.2698466,-9.999,3957.53,25.7
1461,SBT4050,1,5,3.2691314,-10,3960.308,25.7
1461,SBT4050,1,5,3.268448,-9.999,3963.086,25.6
1461,SBT4050,1,5,3.2675064,-9.999,3965.863,25.6
1461,SBT4050,1,5,3.2663786,-10,3968.641,25.6
1461,SBT4050,1,5,3.2655322,-10,3971.418,25.7
1461,SBT4050,1,5,3.2648318,-10,3974.196,25.7
1461,SBT4050,1,5,3.2641804,-10,3976.974,25.6
1461,SBT4050,1,5,3.2631196,-9.999,3979.751,25.7
1461,SBT4050,1,5,3.262184,-9.999,3982.529,25.7
1461,SBT4050,1,5,3.2610516,-10,3985.306,25.7
1461,SBT4050,1,5,3.2603222,-10,3988.084,25.6
1461,SBT4050,1,5,3.2594164,-10,3990.862,25.6
1461,SBT4050,1,5,3.2586372,-9.999,3993.639,25.7
1461,SBT4050,1,5,3.2577074,-9.997,3996.417,25.7
1461,SBT4050,1,5,3.2567534,-9.999,3999.195,25.7
1461,SBT4050,1,5,3.2557638,-10,4001.972,25.6
1461,SBT4050,1,5,3.254977,-10,4004.75,25.6
1461,SBT4050,1,5,3.2540266,-10,4007.527,25.6
1461,SBT4050,1,5,3.253085,-9.999,4010.305,25.7
1461,SBT4050,1,5,3.2522152,-10,4013.083,25.6
1461,SBT4050,1,5,3.2512498,-9.999,4015.86,25.6
1461,SBT4050,1,5,3.250345,-10,4018.638,25.7
1461,SBT4050,1,5,3.249532,-10,4021.415,25.7
1461,SBT4050,1,5,3.2487216,-9.999,4024.193,25.6
1461,SBT4050,1,5,3.2477246,-10,4026.971,25.6
1461,SBT4050,1,5,3.2467352,-9.999,4029.748,25.6
1461,SBT4050,1,5,3.2460088,-10,4032.526,25.7
1461,SBT4050,1,5,3.244924,-9.997,4035.304,25.7
1461,SBT4050,1,5,3.2440198,-10.002,4038.081,25.6
1461,SBT4050,1,5,3.2433128,-9.999,4040.859,25.6
1461,SBT4050,1,5,3.2423354,-10,4043.636,25.7
1461,SBT4050,1,5,3.2414702,-10,4046.414,25.7
1461,SBT4050,1,5,3.2404808,-9.999,4049.192,25.6
1461,SBT4050,1,5,3.2394936,-9.999,4051.969,25.6
1461,SBT4050,1,5,3.2384924,-10,4054.747,25.6
1461,SBT4050,1,5,3.237904,-9.999,4057.524,25.7
1461,SBT4050,1,5,3.2368552,-9.997,4060.302,25.7
1461,SBT4050,1,5,3.2360622,-9.999,4063.08,25.6
1461,SBT4050,1,5,3.234849,-9.999,4065.857,25.6
1461,SBT4050,1,5,3.2340624,-10,4068.635,25.6
1461,SBT4050,1,5,3.233129,-9.999,4071.412,25.7
1461,SBT4050,1,5,3.2322232,-9.999,4074.19,25.7
1461,SBT4050,1,5,3.2314656,-9.999,4076.968,25.6
1461,SBT4050,1,5,3.2305122,-9.999,4079.745,25.6
1461,SBT4050,1,5,3.2295984,-9.999,4082.523,25.7
1461,SBT4050,1,5,3.2284182,-9.999,4085.3,25.7
1461,SBT4050,1,5,3.2275838,-9.999,4088.078,25.7
1461,SBT4050,1,5,3.226589,-9.999,4090.856,25.6
1461,SBT4050,1,5,3.2257904,-10,4093.633,25.7
1461,SBT4050,1,5,3.2248284,-10,4096.411,25.7
1461,SBT4050,1,5,3.2238034,-10,4099.188,25.8
1461,SBT4050,1,5,3.2229944,-9.999,4101.966,25.7
1461,SBT4050,1,5,3.2221478,-10,4104.744,25.7
1461,SBT4050,1,5,3.2210154,-10,4107.521,25.7
1461,SBT4050,1,5,3.2201252,-10,4110.299,25.8
1461,SBT4050,1,5,3.2190764,-10,4113.076,25.8
1461,SBT4050,1,5,3.2181448,-9.999,4115.854,25.7
1461,SBT4050,1,5,3.2172628,-9.999,4118.631,25.7
1461,SBT4050,1,5,3.2162336,-9.999,4121.409,25.7
1461,SBT4050,1,5,3.2153754,-10,4124.187,25.8
1461,SBT4050,1,5,3.2143366,-10,4126.964,25.8
1461,SBT4050,1,5,3.2134788,-9.999,4129.742,25.8
1461,SBT4050,1,5,3.2124656,-10,4132.52,25.7
1461,SBT4050,1,5,3.2116068,-10.002,4135.297,25.7
1461,SBT4050,1,5,3.2104984,-10,4138.075,25.8
1461,SBT4050,1,5,3.2094894,-9.999,4140.852,25.8
1461,SBT4050,1,5,3.2085002,-9.999,4143.63,25.8
1461,SBT4050,1,5,3.2075,-9.999,4146.408,25.7
1461,SBT4050,1,5,3.2065644,-10,4149.185,25.7
1461,SBT4050,1,5,3.2054322,-9.999,4151.963,25.8
1461,SBT4050,1,5,3.2045254,-9.999,4154.741,25.8
1461,SBT4050,1,5,3.2035122,-9.999,4157.518,25.8
1461,SBT4050,1,5,3.2026382,-10,4160.296,25.8
1461,SBT4050,1,5,3.2016608,-10,4163.073,25.7
1461,SBT4050,1,5,3.2004948,-9.999,4165.851,25.7
1461,SBT4050,1,5,3.1995054,-9.999,4168.629,25.8
1461,SBT4050,1,5,3.198372,-9.997,4171.406,25.8
1461,SBT4050,1,5,3.1975286,-9.999,4174.184,25.8
1461,SBT4050,1,5,3.1964202,-9.999,4176.961,25.7
1461,SBT4050,1,5,3.1955428,-9.999,4179.739,25.7
1461,SBT4050,1,5,3.1945774,-9.999,4182.517,25.8
1461,SBT4050,1,5,3.1936038,-9.999,4185.294,25.9
1461,SBT4050,1,5,3.1924238,-10,4188.072,25.9
1461,SBT4050,1,5,3.1913616,-9.999,4190.85,25.8
1461,SBT4050,1,5,3.190337,-10,4193.627,25.8
1461,SBT4050,1,5,3.189145,-10,4196.405,25.8
1461,SBT4050,1,5,3.1883762,-9.999,4199.182,25.9
1461,SBT4050,1,5,3.1872796,-10,4201.96,25.9
1461,SBT4050,1,5,3.1862038,-10.002,4204.738,25.8
1461,SBT4050,1,5,3.1852026,-9.999,4207.515,25.8
1461,SBT4050,1,5,3.1840952,-9.999,4210.293,25.9
1461,SBT4050,1,5,3.1830048,-10,4213.071,25.9
1461,SBT4050,1,5,3.1821228,-10,4215.848,26
1461,SBT4050,1,5,3.180817,-9.999,4218.626,25.9
1461,SBT4050,1,5,3.1797204,-9.999,4221.404,25.9
1461,SBT4050,1,5,3.1785864,-9.999,4224.181,25.9
1461,SBT4050,1,5,3.1776566,-9.999,4226.959,25.9
1461,SBT4050,1,5,3.1764766,-9.999,4229.737,26
1461,SBT4050,1,5,3.1752966,-10.002,4232.514,26
1461,SBT4050,1,5,3.1743614,-10.001,4235.292,25.9
1461,SBT4050,1,5,3.173329,-9.997,4238.07,25.9
1461,SBT4050,1,5,3.1721968,-10,4240.847,26
1461,SBT4050,1,5,3.1711002,-10,4243.625,26
1461,SBT4050,1,5,3.1697892,-10,4246.403,26
1461,SBT4050,1,5,3.168734,-9.997,4249.18,25.9
1461,SBT4050,1,5,3.1677208,-10,4251.958,25.9
1461,SBT4050,1,5,3.166515,-10,4254.735,25.9
1461,SBT4050,1,5,3.1651226,-9.999,4257.513,26
1461,SBT4050,1,5,3.1641692,-10,4260.291,26.1
1461,SBT4050,1,5,3.1629402,-9.999,4263.068,26
1461,SBT4050,1,5,3.1620224,-9.999,4265.846,26
1461,SBT4050,1,5,3.160819,-9.999,4268.623,26
1461,SBT4050,1,5,3.159651,-9.999,4271.401,26.1
1461,SBT4050,1,5,3.1585364,-10,4274.179,26.1
1461,SBT4050,1,5,3.1575286,-9.997,4276.956,26
1461,SBT4050,1,5,3.156146,-9.999,4279.734,26
1461,SBT4050,1,5,3.1550574,-10,4282.511,26
1461,SBT4050,1,5,3.153782,-9.999,4285.289,26.1
1461,SBT4050,1,5,3.1524466,-10,4288.066,26.1
1461,SBT4050,1,5,3.1512666,-9.999,4290.844,26.1
1461,SBT4050,1,5,3.1499786,-9.999,4293.622,26
1461,SBT4050,1,5,3.1489536,-9.999,4296.399,26
1461,SBT4050,1,5,3.147512,-9.999,4299.177,26.1
1461,SBT4050,1,5,3.1465166,-9.998,4301.955,26.1
1461,SBT4050,1,5,3.1452054,-9.999,4304.732,26.1
1461,SBT4050,1,5,3.1438586,-9.999,4307.51,26
1461,SBT4050,1,5,3.1425476,-10.001,4310.287,26
1461,SBT4050,1,5,3.141074,-9.999,4313.065,26.1
1461,SBT4050,1,5,3.1400608,-9.998,4315.843,26.1
1461,SBT4050,1,5,3.1388004,-9.999,4318.62,26.1
1461,SBT4050,1,5,3.1374978,-9.998,4321.398,26.1
1461,SBT4050,1,5,3.1361508,-10.001,4324.176,26
1461,SBT4050,1,5,3.1348502,-9.999,4326.953,26
1461,SBT4050,1,5,3.1334794,-9.999,4329.731,26.1
1461,SBT4050,1,5,3.1321346,-9.999,4332.508,26.2
1461,SBT4050,1,5,3.131038,-10.001,4335.286,26.1
1461,SBT4050,1,5,3.1296112,-10.001,4338.064,26.1
1461,SBT4050,1,5,3.1280816,-10.001,4340.841,26.1
1461,SBT4050,1,5,3.1268662,-10.001,4343.619,26.2
1461,SBT4050,1,5,3.1254202,-10.001,4346.397,26.2
1461,SBT4050,1,5,3.1240374,-9.998,4349.174,26.2
1461,SBT4050,1,5,3.122703,-10.001,4351.952,26.1
1461,SBT4050,1,5,3.121237,-9.999,4354.729,26.1
1461,SBT4050,1,5,3.1197734,-9.999,4357.507,26.2
1461,SBT4050,1,5,3.1182596,-10.001,4360.285,26.2
1461,SBT4050,1,5,3.117015,-9.999,4363.062,26.1
1461,SBT4050,1,5,3.1154872,-9.999,4365.84,26.1
1461,SBT4050,1,5,3.11389,-9.999,4368.618,26.1
1461,SBT4050,1,5,3.1123762,-9.999,4371.395,26.2
1461,SBT4050,1,5,3.1110174,-10.001,4374.173,26.2
1461,SBT4050,1,5,3.109357,-9.999,4376.951,26.2
1461,SBT4050,1,5,3.1080458,-9.999,4379.728,26.1
1461,SBT4050,1,5,3.1065556,-10.001,4382.506,26.2
1461,SBT4050,1,5,3.1049038,-9.999,4385.284,26.2
1461,SBT4050,1,5,3.103533,-9.999,4388.061,26.3
1461,SBT4050,1,5,3.1018198,-9.999,4390.839,26.3
1461,SBT4050,1,5,3.100318,-9.998,4393.616,26.2
1461,SBT4050,1,5,3.0987244,-10.001,4396.394,26.3
1461,SBT4050,1,5,3.097163,-10.001,4399.172,26.3
1461,SBT4050,1,5,3.0954762,-9.999,4401.949,26.3
1461,SBT4050,1,5,3.0938908,-9.999,4404.727,26.2
1461,SBT4050,1,5,3.0924444,-9.999,4407.505,26.3
1461,SBT4050,1,5,3.090504,-9.999,4410.282,26.3
1461,SBT4050,1,5,3.0889784,-9.999,4413.06,26.4
1461,SBT4050,1,5,3.087536,-9.998,4415.838,26.3
1461,SBT4050,1,5,3.0855454,-9.999,4418.615,26.3
1461,SBT4050,1,5,3.0838688,-9.999,4421.393,26.3
1461,SBT4050,1,5,3.082212,-9.999,4424.17,26.3
1461,SBT4050,1,5,3.0804714,-9.999,4426.948,26.4
1461,SBT4050,1,5,3.0786522,-9.999,4429.726,26.3
1461,SBT4050,1,5,3.0768762,-9.999,4432.503,26.3
1461,SBT4050,1,5,3.0749706,-10.001,4435.281,26.4
1461,SBT4050,1,5,3.073004,-9.999,4438.059,26.4
1461,SBT4050,1,5,3.0713536,-9.999,4440.836,26.4
1461,SBT4050,1,5,3.069494,-9.998,4443.614,26.3
1461,SBT4050,1,5,3.067366,-9.999,4446.391,26.4
1461,SBT4050,1,5,3.0656866,-10.001,4449.169,26.4
1461,SBT4050,1,5,3.0637078,-9.999,4451.947,26.5
1461,SBT4050,1,5,3.06179,-10.001,4454.724,26.4
1461,SBT4050,1,5,3.0596684,-9.999,4457.502,26.4
1461,SBT4050,1,5,3.0577096,-9.998,4460.28,26.4
1461,SBT4050,1,5,3.0557308,-10.001,4463.057,26.5
1461,SBT4050,1,5,3.0536646,-9.999,4465.835,26.4
1461,SBT4050,1,5,3.051555,-9.999,4468.612,26.4
1461,SBT4050,1,5,3.049542,-10.001,4471.39,26.4
1461,SBT4050,1,5,3.0474574,-9.999,4474.168,26.5
1461,SBT4050,1,5,3.0451808,-9.999,4476.945,26.5
1461,SBT4050,1,5,3.043236,-9.999,4479.723,26.5
1461,SBT4050,1,5,3.041019,-9.999,4482.501,26.4
1461,SBT4050,1,5,3.0387038,-9.999,4485.278,26.4
1461,SBT4050,1,5,3.0363914,-9.999,4488.056,26.5
1461,SBT4050,1,5,3.0340168,-10.001,4490.833,26.5
1461,SBT4050,1,5,3.0317338,-9.999,4493.611,26.5
1461,SBT4050,1,5,3.029183,-10.001,4496.389,26.4
1461,SBT4050,1,5,3.0270454,-10.001,4499.166,26.5
1461,SBT4050,1,5,3.0244588,-10.001,4501.944,26.6
1461,SBT4050,1,5,3.0220718,-9.999,4504.722,26.6
1461,SBT4050,1,5,3.0194734,-10.001,4507.499,26.5
1461,SBT4050,1,5,3.017049,-9.999,4510.277,26.5
1461,SBT4050,1,5,3.014351,-9.999,4513.055,26.5
1461,SBT4050,1,5,3.0116572,-9.999,4515.832,26.6
1461,SBT4050,1,5,3.0090106,-9.999,4518.61,26.7
1461,SBT4050,1,5,3.0063408,-10.001,4521.387,26.6
1461,SBT4050,1,5,3.0034248,-9.998,4524.165,26.6
1461,SBT4050,1,5,3.0006238,-9.999,4526.943,26.6
1461,SBT4050,1,5,2.9977428,-9.999,4529.72,26.7
1461,SBT4050,1,5,2.9948226,-10.001,4532.498,26.7
1461,SBT4050,1,5,2.9917696,-9.999,4535.276,26.6
1461,SBT4050,1,5,2.988866,-9.999,4538.053,26.6
1461,SBT4050,1,5,2.986053,-9.999,4540.831,26.6
1461,SBT4050,1,5,2.9824996,-9.999,4543.608,26.7
1461,SBT4050,1,5,2.9795556,-10.001,4546.386,26.8
1461,SBT4050,1,5,2.9761544,-9.999,4549.164,26.8
1461,SBT4050,1,5,2.9729838,-9.998,4551.941,26.7
1461,SBT4050,1,5,2.9696674,-9.999,4554.719,26.8
1461,SBT4050,1,5,2.9661628,-9.999,4557.497,26.8
1461,SBT4050,1,5,2.9626108,-9.999,4560.274,26.8
1461,SBT4050,1,5,2.9589048,-9.999,4563.052,26.8
1461,SBT4050,1,5,2.9555794,-9.999,4565.829,26.7
1461,SBT4050,1,5,2.9517848,-10.002,4568.607,26.7
1461,SBT4050,1,5,2.9480778,-10.001,4571.385,26.8
1461,SBT4050,1,5,2.9440384,-9.999,4574.162,26.9
1461,SBT4050,1,5,2.94026,-9.999,4576.94,26.8
1461,SBT4050,1,5,2.936386,-10.001,4579.718,26.8
1461,SBT4050,1,5,2.932315,-9.999,4582.495,26.7
1461,SBT4050,1,5,2.9280834,-10,4585.273,26.8
1461,SBT4050,1,5,2.923882,-9.999,4588.05,26.9
1461,SBT4050,1,5,2.9197936,-10,4590.828,26.9
1461,SBT4050,1,5,2.915357,-9.997,4593.606,26.8
1461,SBT4050,1,5,2.9110302,-9.999,4596.383,26.8
1461,SBT4050,1,5,2.9064292,-9.999,4599.161,26.9
1461,SBT4050,1,5,2.901886,-10,4601.938,27
1461,SBT4050,1,5,2.8972494,-10,4604.716,27
1461,SBT4050,1,5,2.8925118,-9.997,4607.494,26.9
1461,SBT4050,1,5,2.8876726,-10,4610.271,26.9
1461,SBT4050,1,5,2.8827678,-9.999,4613.049,26.9
1461,SBT4050,1,5,2.8777378,-10,4615.826,27
1461,SBT4050,1,5,2.8726458,-9.999,4618.604,27.1
1461,SBT4050,1,5,2.8674738,-10,4621.382,27
1461,SBT4050,1,5,2.8621456,-10,4624.159,27
1461,SBT4050,1,5,2.8566726,-9.999,4626.937,27
1461,SBT4050,1,5,2.8513564,-9.999,4629.714,27
1461,SBT4050,1,5,2.8457906,-9.999,4632.492,27.1
1461,SBT4050,1,5,2.8398548,-10,4635.27,27.1
1461,SBT4050,1,5,2.8341856,-10,4638.047,27.1
1461,SBT4050,1,5,2.8283092,-9.999,4640.825,27
1461,SBT4050,1,5,2.822194,-9.997,4643.602,27
1461,SBT4050,1,5,2.815958,-9.997,4646.38,27.1
1461,SBT4050,1,5,2.8097836,-10,4649.157,27.2
1461,SBT4050,1,5,2.8035964,-10,4651.935,27.1
1461,SBT4050,1,5,2.7971718,-9.999,4654.713,27.1
1461,SBT4050,1,5,2.7903284,-10,4657.49,27.1
1461,SBT4050,1,5,2.783594,-10,4660.268,27.2
1461,SBT4050,1,5,2.776848,-10,4663.045,27.2
1461,SBT4050,1,5,2.7700136,-9.999,4665.823,27.2
1461,SBT4050,1,5,2.7628978,-9.999,4668.601,27.1
1461,SBT4050,1,5,2.755523,-9.999,4671.378,27.1
1461,SBT4050,1,5,2.7481686,-10,4674.156,27.2
1461,SBT4050,1,5,2.7405642,-9.999,4676.933,27.3
1461,SBT4050,1,5,2.7326258,-9.999,4679.711,27.3
1461,SBT4050,1,5,2.724785,-9.999,4682.489,27.2
1461,SBT4050,1,5,2.7169142,-9.999,4685.266,27.2
1461,SBT4050,1,5,2.7085822,-10,4688.044,27.3
1461,SBT4050,1,5,2.7000784,-9.999,4690.821,27.4
1461,SBT4050,1,5,2.6914606,-9.999,4693.599,27.3
1461,SBT4050,1,5,2.6827054,-9.999,4696.377,27.3
1461,SBT4050,1,5,2.6736582,-9.999,4699.154,27.3
1461,SBT4050,1,5,2.664467,-10.002,4701.932,27.3
1461,SBT4050,1,5,2.6550386,-10,4704.709,27.4
1461,SBT4050,1,5,2.6452358,-9.999,4707.487,27.4
1461,SBT4050,1,5,2.6352312,-10,4710.264,27.3
1461,SBT4050,1,5,2.62504,-9.999,4713.042,27.3
1461,SBT4050,1,5,2.6147728,-9.999,4715.82,27.5
1461,SBT4050,1,5,2.6041048,-10,4718.597,27.5
1461,SBT4050,1,5,2.5929924,-9.999,4721.375,27.5
1461,SBT4050,1,5,2.5816926,-9.999,4724.152,27.5
1461,SBT4050,1,5,2.5702584,-9.999,4726.93,27.5
1461,SBT4050,1,5,2.5583222,-10,4729.708,27.6
1461,SBT4050,1,5,2.5459378,-10,4732.485,27.6
1461,SBT4050,1,5,2.5333918,-10,4735.263,27.6
1461,SBT4050,1,5,2.5205426,-9.999,4738.04,27.6
1461,SBT4050,1,5,2.5072784,-9.999,4740.818,27.5
1461,SBT4050,1,5,2.4999718,-9.999,4742.318,
